{"type":"FeatureCollection","features":[{"type":"Feature","properties":{"kolor":"czerwony","nazwa":"Główny Szlak Beskidzki"},"geometry":{"type":"LineString","coordinates":[[20.76479,49.48082],[20.76699,49.48143],[20.76894,49.48155],[20.76945,49.48172],[20.77033,49.48225]]}},{"type":"Feature","properties":{"kolor":"czerwony","nazwa":"Główny Szlak Beskidzki"},"geometry":{"type":"LineString","coordinates":[[20.75724,49.48075],[20.75848,49.48089],[20.75974,49.48048],[20.76006,49.48021],[20.76152,49.47987],[20.76315,49.4805],[20.76479,49.48082]]}},{"type":"Feature","properties":{"kolor":"czerwony","nazwa":"Główny Szlak Beskidzki"},"geometry":{"type":"LineString","coordinates":[[20.75628,49.48081],[20.75724,49.48075]]}},{"type":"Feature","properties":{"kolor":"czerwony","nazwa":"Główny Szlak Beskidzki"},"geometry":{"type":"LineString","coordinates":[[20.75336,49.48205],[20.75445,49.48075],[20.75513,49.48064],[20.75628,49.48081]]}},{"type":"Feature","properties":{"kolor":"czerwony","nazwa":"Główny Szlak Beskidzki"},"geometry":{"type":"LineString","coordinates":[[20.74828,49.4857],[20.74867,49.4853],[20.7496,49.4852],[20.75021,49.48491],[20.75185,49.48329],[20.75241,49.48302],[20.75336,49.48205]]}},{"type":"Feature","properties":{"kolor":"czerwony","nazwa":"Główny Szlak Beskidzki"},"geometry":{"type":"LineString","coordinates":[[20.74146,49.48917],[20.74268,49.48816],[20.74262,49.48751],[20.74289,49.487],[20.74416,49.48638],[20.74754,49.48613],[20.74828,49.4857]]}},{"type":"Feature","properties":{"kolor":"czerwony","nazwa":"Główny Szlak Beskidzki"},"geometry":{"type":"LineString","coordinates":[[20.73407,49.48986],[20.73546,49.48965],[20.73714,49.48996],[20.73912,49.48998],[20.74107,49.4894],[20.74146,49.48917]]}},{"type":"Feature","properties":{"kolor":"czerwony","nazwa":"Główny Szlak Beskidzki"},"geometry":{"type":"LineString","coordinates":[[20.73407,49.48986],[20.73323,49.49026],[20.73205,49.4906],[20.72815,49.49255],[20.72787,49.49294],[20.72721,49.49332],[20.72661,49.49389],[20.72622,49.49402]]}},{"type":"Feature","properties":{"kolor":"czerwony","nazwa":"Główny Szlak Beskidzki"},"geometry":{"type":"LineString","coordinates":[[20.72622,49.49402],[20.72596,49.494],[20.72563,49.49372],[20.72567,49.49276]]}},{"type":"Feature","properties":{"kolor":"czerwony","nazwa":"Główny Szlak Beskidzki"},"geometry":{"type":"LineString","coordinates":[[20.72567,49.49276],[20.72457,49.4926],[20.72362,49.49276],[20.72302,49.49236],[20.7225,49.49229],[20.72,49.49282],[20.71807,49.49306],[20.71636,49.49274],[20.71577,49.49251]]}},{"type":"Feature","properties":{"kolor":"czerwony","nazwa":"Główny Szlak Beskidzki"},"geometry":{"type":"LineString","coordinates":[[20.71577,49.49251],[20.71467,49.4923],[20.71376,49.49187],[20.71002,49.49095]]}},{"type":"Feature","properties":{"kolor":"czerwony","nazwa":"Główny Szlak Beskidzki"},"geometry":{"type":"LineString","coordinates":[[20.71002,49.49095],[20.70947,49.49023],[20.70839,49.4894],[20.70824,49.48894],[20.7078,49.48852],[20.70746,49.48777],[20.70753,49.48748],[20.70722,49.4872],[20.70705,49.48674],[20.70618,49.48617],[20.70492,49.48575],[20.70438,49.48485],[20.70375,49.48451],[20.70331,49.48398]]}},{"type":"Feature","properties":{"kolor":"czerwony","nazwa":"Główny Szlak Beskidzki"},"geometry":{"type":"LineString","coordinates":[[20.70331,49.48398],[20.70202,49.4837],[20.70151,49.48385],[20.70121,49.4841],[20.69981,49.48475],[20.69873,49.48561],[20.69797,49.4858]]}},{"type":"Feature","properties":{"kolor":"czerwony","nazwa":"Główny Szlak Beskidzki"},"geometry":{"type":"LineString","coordinates":[[20.69797,49.4858],[20.69634,49.48613]]}},{"type":"Feature","properties":{"kolor":"czerwony","nazwa":"Główny Szlak Beskidzki"},"geometry":{"type":"LineString","coordinates":[[20.69634,49.48613],[20.69555,49.48629],[20.69461,49.4863],[20.69312,49.48661]]}},{"type":"Feature","properties":{"kolor":"czerwony","nazwa":"Główny Szlak Beskidzki"},"geometry":{"type":"LineString","coordinates":[[20.69312,49.48661],[20.69113,49.48716],[20.68963,49.48708]]}},{"type":"Feature","properties":{"kolor":"czerwony","nazwa":"Główny Szlak Beskidzki"},"geometry":{"type":"LineString","coordinates":[[20.68963,49.48708],[20.68891,49.48657],[20.68862,49.48662],[20.68836,49.48695],[20.68832,49.4875],[20.68859,49.4879]]}},{"type":"Feature","properties":{"kolor":"czerwony","nazwa":"Główny Szlak Beskidzki"},"geometry":{"type":"LineString","coordinates":[[20.68859,49.4879],[20.68794,49.48768]]}},{"type":"Feature","properties":{"kolor":"czerwony","nazwa":"Główny Szlak Beskidzki"},"geometry":{"type":"LineString","coordinates":[[20.68794,49.48768],[20.68754,49.4875],[20.68605,49.48731],[20.68553,49.48653],[20.68526,49.48636],[20.68519,49.486],[20.6847,49.48597],[20.6838,49.48567]]}},{"type":"Feature","properties":{"kolor":"czerwony","nazwa":"Główny Szlak Beskidzki"},"geometry":{"type":"LineString","coordinates":[[20.6838,49.48567],[20.683,49.48366]]}},{"type":"Feature","properties":{"kolor":"czerwony","nazwa":"Główny Szlak Beskidzki"},"geometry":{"type":"LineString","coordinates":[[20.68232,49.48396],[20.683,49.48366]]}},{"type":"Feature","properties":{"kolor":"czerwony","nazwa":"Główny Szlak Beskidzki"},"geometry":{"type":"LineString","coordinates":[[20.68088,49.48459],[20.68232,49.48396]]}},{"type":"Feature","properties":{"kolor":"czerwony","nazwa":"Główny Szlak Beskidzki"},"geometry":{"type":"LineString","coordinates":[[20.68032,49.48475],[20.68088,49.48459]]}},{"type":"Feature","properties":{"kolor":"czerwony","nazwa":"Główny Szlak Beskidzki"},"geometry":{"type":"LineString","coordinates":[[20.68032,49.48475],[20.68089,49.4867]]}},{"type":"Feature","properties":{"kolor":"czerwony","nazwa":"Główny Szlak Beskidzki"},"geometry":{"type":"LineString","coordinates":[[20.68089,49.4867],[20.68142,49.48858]]}},{"type":"Feature","properties":{"kolor":"czerwony","nazwa":"Główny Szlak Beskidzki"},"geometry":{"type":"LineString","coordinates":[[20.68142,49.48858],[20.67958,49.48856]]}},{"type":"Feature","properties":{"kolor":"czerwony","nazwa":"Główny Szlak Beskidzki"},"geometry":{"type":"LineString","coordinates":[[20.67958,49.48856],[20.67864,49.48813],[20.67826,49.4878]]}},{"type":"Feature","properties":{"kolor":"czerwony","nazwa":"Główny Szlak Beskidzki"},"geometry":{"type":"LineString","coordinates":[[20.67826,49.4878],[20.67769,49.48683],[20.67558,49.48495],[20.67521,49.48491]]}},{"type":"Feature","properties":{"kolor":"czerwony","nazwa":"Główny Szlak Beskidzki"},"geometry":{"type":"LineString","coordinates":[[20.67521,49.48491],[20.67404,49.48498]]}},{"type":"Feature","properties":{"kolor":"czerwony","nazwa":"Główny Szlak Beskidzki"},"geometry":{"type":"LineString","coordinates":[[20.67404,49.48498],[20.67255,49.48495]]}},{"type":"Feature","properties":{"kolor":"czerwony","nazwa":"Główny Szlak Beskidzki"},"geometry":{"type":"LineString","coordinates":[[20.67255,49.48495],[20.67087,49.48456],[20.66929,49.48391]]}},{"type":"Feature","properties":{"kolor":"czerwony","nazwa":"Główny Szlak Beskidzki"},"geometry":{"type":"LineString","coordinates":[[20.66929,49.48391],[20.66737,49.48332],[20.66545,49.48148]]}},{"type":"Feature","properties":{"kolor":"czerwony","nazwa":"Główny Szlak Beskidzki"},"geometry":{"type":"LineString","coordinates":[[20.66545,49.48148],[20.66526,49.48042],[20.66571,49.47902],[20.66454,49.47888]]}},{"type":"Feature","properties":{"kolor":"czerwony","nazwa":"Główny Szlak Beskidzki"},"geometry":{"type":"LineString","coordinates":[[20.66454,49.47888],[20.66465,49.47796],[20.66375,49.47694],[20.66321,49.47655]]}},{"type":"Feature","properties":{"kolor":"czerwony","nazwa":"Główny Szlak Beskidzki"},"geometry":{"type":"LineString","coordinates":[[20.66321,49.47655],[20.66295,49.47632],[20.66282,49.47562],[20.66311,49.4748]]}},{"type":"Feature","properties":{"kolor":"czerwony","nazwa":"Główny Szlak Beskidzki"},"geometry":{"type":"LineString","coordinates":[[20.66311,49.4748],[20.66307,49.47353],[20.66231,49.47277],[20.66195,49.47154],[20.66235,49.47018],[20.66187,49.46896],[20.66225,49.46793],[20.66186,49.46751],[20.66133,49.46648],[20.66191,49.46541],[20.66241,49.4649],[20.66245,49.4638],[20.66305,49.46322],[20.6646,49.46231],[20.66655,49.46085],[20.66704,49.46065],[20.6671,49.46029],[20.66662,49.45942],[20.66589,49.45879],[20.66499,49.45738],[20.66478,49.45681],[20.66519,49.45533],[20.66404,49.45359],[20.66144,49.45297],[20.66068,49.45232]]}},{"type":"Feature","properties":{"kolor":"czerwony","nazwa":"Główny Szlak Beskidzki"},"geometry":{"type":"LineString","coordinates":[[20.66068,49.45232],[20.65982,49.45148],[20.65921,49.45118],[20.65859,49.4511],[20.6582,49.45081],[20.65776,49.44986]]}},{"type":"Feature","properties":{"kolor":"czerwony","nazwa":"Główny Szlak Beskidzki"},"geometry":{"type":"LineString","coordinates":[[20.65776,49.44986],[20.65609,49.4495],[20.65424,49.4493],[20.65275,49.44891],[20.65229,49.44867],[20.65138,49.44868],[20.65078,49.44837],[20.64993,49.44744],[20.64709,49.44571]]}},{"type":"Feature","properties":{"kolor":"czerwony","nazwa":"Główny Szlak Beskidzki"},"geometry":{"type":"LineString","coordinates":[[20.64709,49.44571],[20.64643,49.44531]]}},{"type":"Feature","properties":{"kolor":"czerwony","nazwa":"Główny Szlak Beskidzki"},"geometry":{"type":"LineString","coordinates":[[20.64643,49.44531],[20.64511,49.44541]]}},{"type":"Feature","properties":{"kolor":"czerwony","nazwa":"Główny Szlak Beskidzki"},"geometry":{"type":"LineString","coordinates":[[20.64511,49.44541],[20.64407,49.44576],[20.64284,49.44597],[20.64126,49.44598],[20.64021,49.44581],[20.63857,49.44521],[20.63687,49.44381],[20.63617,49.44341]]}},{"type":"Feature","properties":{"kolor":"czerwony","nazwa":"Główny Szlak Beskidzki"},"geometry":{"type":"LineString","coordinates":[[20.63617,49.44341],[20.63511,49.44256],[20.63491,49.44225],[20.63401,49.44173],[20.6329,49.44128],[20.63147,49.44095],[20.62897,49.44082]]}},{"type":"Feature","properties":{"kolor":"czerwony","nazwa":"Główny Szlak Beskidzki"},"geometry":{"type":"LineString","coordinates":[[20.62897,49.44082],[20.62739,49.44104],[20.62644,49.44081],[20.62407,49.43996],[20.62287,49.43992],[20.62203,49.43972],[20.61972,49.4395],[20.61877,49.43924],[20.61674,49.43908]]}},{"type":"Feature","properties":{"kolor":"czerwony","nazwa":"Główny Szlak Beskidzki"},"geometry":{"type":"LineString","coordinates":[[20.61674,49.43908],[20.61522,49.43926],[20.61408,49.4392],[20.61301,49.43901],[20.61098,49.43817],[20.61058,49.43813]]}},{"type":"Feature","properties":{"kolor":"czerwony","nazwa":"Główny Szlak Beskidzki"},"geometry":{"type":"LineString","coordinates":[[20.61058,49.43813],[20.60983,49.43908],[20.60822,49.44024],[20.60795,49.44155],[20.60759,49.44189],[20.60703,49.44211],[20.60639,49.44267]]}},{"type":"Feature","properties":{"kolor":"czerwony","nazwa":"Główny Szlak Beskidzki"},"geometry":{"type":"LineString","coordinates":[[20.60639,49.44267],[20.60585,49.44297],[20.60558,49.44332]]}},{"type":"Feature","properties":{"kolor":"czerwony","nazwa":"Główny Szlak Beskidzki"},"geometry":{"type":"LineString","coordinates":[[20.60558,49.44332],[20.6056,49.4434]]}},{"type":"Feature","properties":{"kolor":"czerwony","nazwa":"Główny Szlak Beskidzki"},"geometry":{"type":"LineString","coordinates":[[20.6056,49.4434],[20.60541,49.445],[20.60619,49.44694],[20.60686,49.44803],[20.60649,49.44847],[20.60413,49.44928]]}},{"type":"Feature","properties":{"kolor":"czerwony","nazwa":"Główny Szlak Beskidzki"},"geometry":{"type":"LineString","coordinates":[[20.60413,49.44928],[20.60328,49.4497],[20.60132,49.45035],[20.59922,49.45091],[20.59875,49.45092],[20.59757,49.45161],[20.59643,49.45205],[20.59526,49.45231]]}},{"type":"Feature","properties":{"kolor":"czerwony","nazwa":"Główny Szlak Beskidzki"},"geometry":{"type":"LineString","coordinates":[[20.59526,49.45231],[20.59438,49.45286],[20.593,49.45319],[20.59169,49.45305],[20.58966,49.45314]]}},{"type":"Feature","properties":{"kolor":"czerwony","nazwa":"Główny Szlak Beskidzki"},"geometry":{"type":"LineString","coordinates":[[20.58966,49.45314],[20.58719,49.45296],[20.58581,49.4533],[20.58488,49.45326],[20.58366,49.45342],[20.58179,49.45398],[20.58101,49.45491],[20.58091,49.45578],[20.57963,49.45701],[20.57903,49.45794],[20.5776,49.45928],[20.57826,49.4614],[20.57764,49.46231],[20.57759,49.46339]]}},{"type":"Feature","properties":{"kolor":"czerwony","nazwa":"Główny Szlak Beskidzki"},"geometry":{"type":"LineString","coordinates":[[20.57759,49.46339],[20.57734,49.46496]]}},{"type":"Feature","properties":{"kolor":"czerwony","nazwa":"Główny Szlak Beskidzki"},"geometry":{"type":"LineString","coordinates":[[20.57734,49.46496],[20.57675,49.46544],[20.57614,49.4657]]}},{"type":"Feature","properties":{"kolor":"czerwony","nazwa":"Główny Szlak Beskidzki"},"geometry":{"type":"LineString","coordinates":[[20.57614,49.4657],[20.57452,49.46601],[20.57209,49.46551],[20.57167,49.46565],[20.57133,49.46593],[20.57034,49.46617],[20.56914,49.46669],[20.56833,49.46683],[20.56694,49.46686]]}},{"type":"Feature","properties":{"kolor":"czerwony","nazwa":"Główny Szlak Beskidzki"},"geometry":{"type":"LineString","coordinates":[[20.56694,49.46686],[20.56643,49.4666],[20.56552,49.46637],[20.56314,49.46617],[20.55969,49.46489],[20.558,49.46614],[20.55625,49.46652]]}},{"type":"Feature","properties":{"kolor":"czerwony","nazwa":"Główny Szlak Beskidzki"},"geometry":{"type":"LineString","coordinates":[[20.55625,49.46652],[20.55568,49.46672],[20.55455,49.46667],[20.55368,49.4668]]}},{"type":"Feature","properties":{"kolor":"czerwony","nazwa":"Główny Szlak Beskidzki"},"geometry":{"type":"LineString","coordinates":[[20.55368,49.4668],[20.55175,49.46844]]}},{"type":"Feature","properties":{"kolor":"czerwony","nazwa":"Główny Szlak Beskidzki"},"geometry":{"type":"LineString","coordinates":[[20.55175,49.46844],[20.5493,49.4696],[20.54767,49.46989],[20.54667,49.46994],[20.54517,49.46929],[20.54487,49.46934],[20.54431,49.47027],[20.5424,49.47205],[20.541,49.47249],[20.5402,49.47262],[20.53548,49.47291],[20.53389,49.47275],[20.53254,49.47236],[20.53014,49.47258],[20.52886,49.4725],[20.52781,49.47237],[20.52624,49.4719],[20.52417,49.47205],[20.52038,49.47303],[20.51877,49.47277],[20.51827,49.47279],[20.51616,49.47293],[20.51507,49.47325],[20.51292,49.47346],[20.51249,49.47322],[20.51074,49.47267],[20.50858,49.47224],[20.50724,49.47178],[20.50679,49.47174],[20.50623,49.47187]]}},{"type":"Feature","properties":{"kolor":"czerwony","nazwa":"Główny Szlak Beskidzki"},"geometry":{"type":"LineString","coordinates":[[20.50623,49.47187],[20.50573,49.47195],[20.50463,49.47186],[20.50083,49.47277]]}},{"type":"Feature","properties":{"kolor":"czerwony","nazwa":"Główny Szlak Beskidzki"},"geometry":{"type":"LineString","coordinates":[[20.50083,49.47277],[20.49994,49.47239],[20.49923,49.47134],[20.49855,49.47082],[20.4983,49.4702],[20.49805,49.47002]]}},{"type":"Feature","properties":{"kolor":"czerwony","nazwa":"Główny Szlak Beskidzki"},"geometry":{"type":"LineString","coordinates":[[20.49805,49.47002],[20.49742,49.46933],[20.4956,49.46854],[20.49515,49.46769],[20.49487,49.46748],[20.49435,49.46732],[20.49259,49.46725]]}},{"type":"Feature","properties":{"kolor":"czerwony","nazwa":"Główny Szlak Beskidzki"},"geometry":{"type":"LineString","coordinates":[[20.49259,49.46725],[20.49061,49.4671],[20.48946,49.46686],[20.48769,49.46676]]}},{"type":"Feature","properties":{"kolor":"czerwony","nazwa":"Główny Szlak Beskidzki"},"geometry":{"type":"LineString","coordinates":[[20.48569,49.46586],[20.48682,49.46549],[20.48744,49.46616],[20.48769,49.46676]]}},{"type":"Feature","properties":{"kolor":"czerwony","nazwa":"Główny Szlak Beskidzki"},"geometry":{"type":"LineString","coordinates":[[20.48569,49.46586],[20.48507,49.46599],[20.48348,49.46577]]}},{"type":"Feature","properties":{"kolor":"czerwony","nazwa":"Główny Szlak Beskidzki"},"geometry":{"type":"LineString","coordinates":[[20.48348,49.46577],[20.48242,49.46531]]}},{"type":"Feature","properties":{"kolor":"czerwony","nazwa":"Główny Szlak Beskidzki"},"geometry":{"type":"LineString","coordinates":[[20.48242,49.46531],[20.48163,49.46463]]}},{"type":"Feature","properties":{"kolor":"czerwony","nazwa":"Główny Szlak Beskidzki"},"geometry":{"type":"LineString","coordinates":[[20.48163,49.46463],[20.47948,49.46548],[20.47831,49.46578],[20.47765,49.46577]]}},{"type":"Feature","properties":{"kolor":"czerwony","nazwa":"Główny Szlak Beskidzki"},"geometry":{"type":"LineString","coordinates":[[20.47765,49.46577],[20.47593,49.46531],[20.47274,49.4658],[20.47172,49.4654]]}},{"type":"Feature","properties":{"kolor":"czerwony","nazwa":"Główny Szlak Beskidzki"},"geometry":{"type":"LineString","coordinates":[[20.47172,49.4654],[20.47079,49.46523]]}},{"type":"Feature","properties":{"kolor":"czerwony","nazwa":"Główny Szlak Beskidzki"},"geometry":{"type":"LineString","coordinates":[[20.47079,49.46523],[20.47021,49.46516],[20.46919,49.46568],[20.4681,49.46588]]}},{"type":"Feature","properties":{"kolor":"czerwony","nazwa":"Główny Szlak Beskidzki"},"geometry":{"type":"LineString","coordinates":[[20.4681,49.46588],[20.46732,49.46601],[20.4664,49.46591],[20.46504,49.46554],[20.46359,49.46553],[20.46308,49.46519],[20.46212,49.46483],[20.46175,49.46454]]}},{"type":"Feature","properties":{"kolor":"czerwony","nazwa":"Główny Szlak Beskidzki"},"geometry":{"type":"LineString","coordinates":[[20.46175,49.46454],[20.46101,49.46412],[20.4601,49.46379],[20.45922,49.46293],[20.4585,49.46249],[20.45734,49.46123],[20.45654,49.46073]]}},{"type":"Feature","properties":{"kolor":"czerwony","nazwa":"Główny Szlak Beskidzki"},"geometry":{"type":"LineString","coordinates":[[20.45654,49.46073],[20.45571,49.46028],[20.45475,49.46012],[20.45227,49.46009],[20.45144,49.46021],[20.45071,49.45987],[20.44999,49.46021],[20.44866,49.46001]]}},{"type":"Feature","properties":{"kolor":"czerwony","nazwa":"Główny Szlak Beskidzki"},"geometry":{"type":"LineString","coordinates":[[20.44866,49.46001],[20.44813,49.45976],[20.44731,49.45896],[20.447,49.45814],[20.44641,49.45738]]}},{"type":"Feature","properties":{"kolor":"czerwony","nazwa":"Główny Szlak Beskidzki"},"geometry":{"type":"LineString","coordinates":[[20.44641,49.45738],[20.44608,49.45683]]}},{"type":"Feature","properties":{"kolor":"czerwony","nazwa":"Główny Szlak Beskidzki"},"geometry":{"type":"LineString","coordinates":[[20.44608,49.45683],[20.44529,49.45561]]}},{"type":"Feature","properties":{"kolor":"czerwony","nazwa":"Główny Szlak Beskidzki"},"geometry":{"type":"LineString","coordinates":[[20.44529,49.45561],[20.44534,49.45477],[20.4456,49.4544],[20.44594,49.45427],[20.44598,49.45409]]}},{"type":"Feature","properties":{"kolor":"czerwony","nazwa":"Główny Szlak Beskidzki"},"geometry":{"type":"LineString","coordinates":[[20.44598,49.45409],[20.4442,49.45254]]}},{"type":"Feature","properties":{"kolor":"czerwony","nazwa":"Główny Szlak Beskidzki"},"geometry":{"type":"LineString","coordinates":[[20.4442,49.45254],[20.44364,49.45206],[20.44287,49.45064]]}},{"type":"Feature","properties":{"kolor":"czerwony","nazwa":"Główny Szlak Beskidzki"},"geometry":{"type":"LineString","coordinates":[[20.44287,49.45064],[20.44243,49.45021],[20.44098,49.44943]]}},{"type":"Feature","properties":{"kolor":"czerwony","nazwa":"Główny Szlak Beskidzki"},"geometry":{"type":"LineString","coordinates":[[20.44098,49.44943],[20.44083,49.44919],[20.44094,49.44893],[20.44193,49.44863]]}},{"type":"Feature","properties":{"kolor":"czerwony","nazwa":"Główny Szlak Beskidzki"},"geometry":{"type":"LineString","coordinates":[[20.44193,49.44863],[20.44233,49.4485],[20.4423,49.44806]]}},{"type":"Feature","properties":{"kolor":"czerwony","nazwa":"Główny Szlak Beskidzki"},"geometry":{"type":"LineString","coordinates":[[20.4423,49.44806],[20.44163,49.44772]]}},{"type":"Feature","properties":{"kolor":"czerwony","nazwa":"Główny Szlak Beskidzki"},"geometry":{"type":"LineString","coordinates":[[20.44163,49.44772],[20.44024,49.44707],[20.43828,49.4465],[20.43811,49.44625]]}},{"type":"Feature","properties":{"kolor":"czerwony","nazwa":"Główny Szlak Beskidzki"},"geometry":{"type":"LineString","coordinates":[[20.43811,49.44625],[20.43679,49.44502]]}},{"type":"Feature","properties":{"kolor":"czerwony","nazwa":"Główny Szlak Beskidzki"},"geometry":{"type":"LineString","coordinates":[[20.42952,49.4434],[20.43082,49.44343],[20.43226,49.44396],[20.43589,49.44465],[20.43679,49.44502]]}},{"type":"Feature","properties":{"kolor":"czerwony","nazwa":"Główny Szlak Beskidzki"},"geometry":{"type":"LineString","coordinates":[[20.42966,49.44295],[20.42952,49.4434]]}},{"type":"Feature","properties":{"kolor":"czerwony","nazwa":"Główny Szlak Beskidzki"},"geometry":{"type":"LineString","coordinates":[[20.43101,49.44193],[20.42966,49.44295]]}},{"type":"Feature","properties":{"kolor":"czerwony","nazwa":"Główny Szlak Beskidzki"},"geometry":{"type":"LineString","coordinates":[[20.43089,49.44191],[20.43101,49.44193]]}},{"type":"Feature","properties":{"kolor":"czerwony","nazwa":"Główny Szlak Beskidzki"},"geometry":{"type":"LineString","coordinates":[[20.42938,49.44146],[20.43089,49.44191]]}},{"type":"Feature","properties":{"kolor":"czerwony","nazwa":"Główny Szlak Beskidzki"},"geometry":{"type":"LineString","coordinates":[[20.42916,49.44139],[20.42938,49.44146]]}},{"type":"Feature","properties":{"kolor":"czerwony","nazwa":"Główny Szlak Beskidzki"},"geometry":{"type":"LineString","coordinates":[[20.42916,49.44139],[20.42912,49.44146]]}},{"type":"Feature","properties":{"kolor":"czerwony","nazwa":"Główny Szlak Beskidzki"},"geometry":{"type":"LineString","coordinates":[[20.42912,49.44146],[20.42886,49.4415]]}},{"type":"Feature","properties":{"kolor":"czerwony","nazwa":"Główny Szlak Beskidzki"},"geometry":{"type":"LineString","coordinates":[[20.42886,49.4415],[20.42856,49.4416]]}},{"type":"Feature","properties":{"kolor":"czerwony","nazwa":"Główny Szlak Beskidzki"},"geometry":{"type":"LineString","coordinates":[[20.42752,49.44241],[20.42856,49.4416]]}},{"type":"Feature","properties":{"kolor":"czerwony","nazwa":"Główny Szlak Beskidzki"},"geometry":{"type":"LineString","coordinates":[[20.42734,49.44258],[20.42752,49.44241]]}},{"type":"Feature","properties":{"kolor":"czerwony","nazwa":"Główny Szlak Beskidzki"},"geometry":{"type":"LineString","coordinates":[[20.42725,49.44266],[20.42734,49.44258]]}},{"type":"Feature","properties":{"kolor":"czerwony","nazwa":"Główny Szlak Beskidzki"},"geometry":{"type":"LineString","coordinates":[[20.42725,49.44266],[20.42636,49.44234],[20.42383,49.44203]]}},{"type":"Feature","properties":{"kolor":"czerwony","nazwa":"Główny Szlak Beskidzki"},"geometry":{"type":"LineString","coordinates":[[20.42383,49.44203],[20.42356,49.44252],[20.42224,49.44306],[20.4222,49.44367],[20.42014,49.44404]]}},{"type":"Feature","properties":{"kolor":"czerwony","nazwa":"Główny Szlak Beskidzki"},"geometry":{"type":"LineString","coordinates":[[20.42014,49.44404],[20.41978,49.4439],[20.41972,49.44339],[20.41939,49.4433]]}},{"type":"Feature","properties":{"kolor":"czerwony","nazwa":"Główny Szlak Beskidzki"},"geometry":{"type":"LineString","coordinates":[[20.41939,49.4433],[20.41894,49.44348],[20.41836,49.4441],[20.41751,49.44464],[20.41583,49.44506],[20.41508,49.44675],[20.41498,49.44755]]}},{"type":"Feature","properties":{"kolor":"czerwony","nazwa":"Główny Szlak Beskidzki"},"geometry":{"type":"LineString","coordinates":[[20.41498,49.44755],[20.41466,49.44846]]}},{"type":"Feature","properties":{"kolor":"czerwony","nazwa":"Główny Szlak Beskidzki"},"geometry":{"type":"LineString","coordinates":[[20.41466,49.44846],[20.41423,49.44886],[20.41288,49.44877]]}},{"type":"Feature","properties":{"kolor":"czerwony","nazwa":"Główny Szlak Beskidzki"},"geometry":{"type":"LineString","coordinates":[[20.41288,49.44877],[20.4126,49.44898],[20.41247,49.44954],[20.41167,49.45084]]}},{"type":"Feature","properties":{"kolor":"czerwony","nazwa":"Główny Szlak Beskidzki"},"geometry":{"type":"LineString","coordinates":[[20.41167,49.45084],[20.41081,49.45155],[20.41028,49.45226],[20.40828,49.45346],[20.40685,49.45482],[20.40568,49.45561],[20.40551,49.45601],[20.40567,49.45679]]}},{"type":"Feature","properties":{"kolor":"czerwony","nazwa":"Główny Szlak Beskidzki"},"geometry":{"type":"LineString","coordinates":[[20.40567,49.45679],[20.40563,49.45715],[20.40458,49.45871],[20.40424,49.46059],[20.40323,49.46151],[20.40189,49.46558]]}},{"type":"Feature","properties":{"kolor":"czerwony","nazwa":"Główny Szlak Beskidzki"},"geometry":{"type":"LineString","coordinates":[[20.40189,49.46558],[20.40105,49.46627],[20.39954,49.46691],[20.39734,49.46838],[20.39639,49.46846],[20.39499,49.46834],[20.39379,49.46841],[20.3927,49.46822],[20.39156,49.4685],[20.39022,49.46834],[20.38976,49.4684],[20.38931,49.46877],[20.38907,49.46952],[20.38853,49.47034],[20.38727,49.47114],[20.38591,49.47131],[20.38538,49.47161],[20.38537,49.47212],[20.38476,49.47323],[20.38163,49.47385]]}},{"type":"Feature","properties":{"kolor":"czerwony","nazwa":"Główny Szlak Beskidzki"},"geometry":{"type":"LineString","coordinates":[[20.38163,49.47385],[20.3808,49.47413],[20.37851,49.47461],[20.37713,49.47475],[20.37568,49.47524]]}},{"type":"Feature","properties":{"kolor":"czerwony","nazwa":"Główny Szlak Beskidzki"},"geometry":{"type":"LineString","coordinates":[[20.37568,49.47524],[20.37303,49.47635]]}},{"type":"Feature","properties":{"kolor":"czerwony","nazwa":"Główny Szlak Beskidzki"},"geometry":{"type":"LineString","coordinates":[[20.37303,49.47635],[20.3716,49.47734],[20.37082,49.47761]]}},{"type":"Feature","properties":{"kolor":"czerwony","nazwa":"Główny Szlak Beskidzki"},"geometry":{"type":"LineString","coordinates":[[20.37082,49.47761],[20.36885,49.47791]]}},{"type":"Feature","properties":{"kolor":"czerwony","nazwa":"Główny Szlak Beskidzki"},"geometry":{"type":"LineString","coordinates":[[20.36885,49.47791],[20.36812,49.47806],[20.36731,49.47847],[20.36665,49.47864],[20.36457,49.47965],[20.36178,49.48018],[20.36113,49.48055],[20.36001,49.48174],[20.35796,49.48221],[20.35714,49.48256],[20.35608,49.48267],[20.35385,49.48405],[20.35264,49.48448],[20.35163,49.48523],[20.35102,49.48544],[20.34958,49.48631],[20.34884,49.48653],[20.34758,49.48644],[20.34726,49.48652],[20.3472,49.48703]]}},{"type":"Feature","properties":{"kolor":"czerwony","nazwa":"Główny Szlak Beskidzki"},"geometry":{"type":"LineString","coordinates":[[20.34088,49.4878],[20.34469,49.48735],[20.34507,49.48709],[20.34587,49.48692],[20.34696,49.48709],[20.3472,49.48703]]}},{"type":"Feature","properties":{"kolor":"czerwony","nazwa":"Główny Szlak Beskidzki"},"geometry":{"type":"LineString","coordinates":[[20.34088,49.4878],[20.34087,49.48831]]}},{"type":"Feature","properties":{"kolor":"czerwony","nazwa":"Główny Szlak Beskidzki"},"geometry":{"type":"LineString","coordinates":[[20.34007,49.48851],[20.34087,49.48831]]}},{"type":"Feature","properties":{"kolor":"czerwony","nazwa":"Główny Szlak Beskidzki"},"geometry":{"type":"LineString","coordinates":[[20.33894,49.48925],[20.34007,49.48851]]}},{"type":"Feature","properties":{"kolor":"czerwony","nazwa":"Główny Szlak Beskidzki"},"geometry":{"type":"LineString","coordinates":[[20.33715,49.49034],[20.33786,49.49],[20.33863,49.48984],[20.33894,49.48925]]}},{"type":"Feature","properties":{"kolor":"czerwony","nazwa":"Główny Szlak Beskidzki"},"geometry":{"type":"LineString","coordinates":[[20.33468,49.49057],[20.33564,49.49059],[20.33715,49.49034]]}},{"type":"Feature","properties":{"kolor":"czerwony","nazwa":"Główny Szlak Beskidzki"},"geometry":{"type":"LineString","coordinates":[[20.33276,49.49051],[20.33468,49.49057]]}},{"type":"Feature","properties":{"kolor":"czerwony","nazwa":"Główny Szlak Beskidzki"},"geometry":{"type":"LineString","coordinates":[[20.32997,49.4906],[20.33276,49.49051]]}},{"type":"Feature","properties":{"kolor":"czerwony","nazwa":"Główny Szlak Beskidzki"},"geometry":{"type":"LineString","coordinates":[[20.31778,49.491],[20.32094,49.49098],[20.32269,49.49123],[20.32506,49.49124],[20.32606,49.49102],[20.32765,49.49041],[20.32843,49.49058],[20.32997,49.4906]]}},{"type":"Feature","properties":{"kolor":"czerwony","nazwa":"Główny Szlak Beskidzki"},"geometry":{"type":"LineString","coordinates":[[20.30801,49.49155],[20.31038,49.49126],[20.31343,49.49131],[20.31778,49.491]]}},{"type":"Feature","properties":{"kolor":"czerwony","nazwa":"Główny Szlak Beskidzki"},"geometry":{"type":"LineString","coordinates":[[20.30801,49.49155],[20.30572,49.49165],[20.30424,49.4921],[20.30069,49.49242],[20.29968,49.49211],[20.29864,49.49124]]}},{"type":"Feature","properties":{"kolor":"czerwony","nazwa":"Główny Szlak Beskidzki"},"geometry":{"type":"LineString","coordinates":[[20.29864,49.49124],[20.29703,49.49051],[20.29456,49.4906],[20.29251,49.49053],[20.29083,49.49035],[20.29014,49.49015],[20.28985,49.49017],[20.28966,49.49037],[20.28882,49.49063],[20.28738,49.49068],[20.28616,49.49066],[20.28524,49.49049],[20.28425,49.49059],[20.28343,49.49044],[20.28227,49.49044],[20.28082,49.49018],[20.27874,49.49037],[20.278,49.49061],[20.27728,49.49137],[20.27625,49.49192],[20.27525,49.49214],[20.27407,49.49202],[20.27198,49.49219],[20.27155,49.49255],[20.27049,49.49288],[20.26952,49.49382],[20.26884,49.49528],[20.26827,49.49557],[20.26768,49.4957],[20.26674,49.49679],[20.26582,49.4969],[20.26396,49.49643],[20.26191,49.49651],[20.25967,49.49689],[20.2572,49.49647],[20.25587,49.49592],[20.25454,49.49474],[20.2515,49.49341],[20.25078,49.49321],[20.25052,49.49296],[20.24838,49.49287],[20.24724,49.49247],[20.24542,49.49137],[20.24476,49.49125],[20.24344,49.49128],[20.24118,49.4907],[20.2405,49.49076],[20.23936,49.49061],[20.2358,49.49159],[20.2348,49.49133],[20.2339,49.4913],[20.23222,49.49162]]}},{"type":"Feature","properties":{"kolor":"czerwony","nazwa":"Główny Szlak Beskidzki"},"geometry":{"type":"LineString","coordinates":[[20.23222,49.49162],[20.23049,49.49184],[20.22898,49.49151],[20.22705,49.49155],[20.22645,49.49166]]}},{"type":"Feature","properties":{"kolor":"niebieski","nazwa":"Tarnów - Wielki Rogacz"},"geometry":{"type":"LineString","coordinates":[[20.61058,49.43813],[20.6103,49.43769]]}},{"type":"Feature","properties":{"kolor":"niebieski","nazwa":"Tarnów - Wielki Rogacz"},"geometry":{"type":"LineString","coordinates":[[20.6103,49.43769],[20.60867,49.43634],[20.60838,49.43534],[20.60787,49.43468],[20.60765,49.43458],[20.60694,49.4346]]}},{"type":"Feature","properties":{"kolor":"niebieski","nazwa":"Tarnów - Wielki Rogacz"},"geometry":{"type":"LineString","coordinates":[[20.60694,49.4346],[20.60635,49.43446],[20.60581,49.43396],[20.60503,49.43358],[20.60529,49.43191],[20.6051,49.43174],[20.60517,49.43126],[20.60489,49.43037],[20.60483,49.42865]]}},{"type":"Feature","properties":{"kolor":"niebieski","nazwa":"Tarnów - Wielki Rogacz"},"geometry":{"type":"LineString","coordinates":[[20.60483,49.42865],[20.60475,49.42824],[20.60565,49.42704]]}},{"type":"Feature","properties":{"kolor":"niebieski","nazwa":"Tarnów - Wielki Rogacz"},"geometry":{"type":"LineString","coordinates":[[20.60565,49.42704],[20.60645,49.42677],[20.60641,49.42611]]}},{"type":"Feature","properties":{"kolor":"niebieski","nazwa":"Tarnów - Wielki Rogacz"},"geometry":{"type":"LineString","coordinates":[[20.60641,49.42611],[20.60785,49.42581],[20.60929,49.42524]]}},{"type":"Feature","properties":{"kolor":"niebieski","nazwa":"Tarnów - Wielki Rogacz"},"geometry":{"type":"LineString","coordinates":[[20.614,49.42207],[20.61189,49.42326],[20.61072,49.42442],[20.60929,49.42524]]}},{"type":"Feature","properties":{"kolor":"niebieski","nazwa":"Tarnów - Wielki Rogacz"},"geometry":{"type":"LineString","coordinates":[[20.61689,49.42028],[20.6162,49.42058],[20.61587,49.4209],[20.614,49.42207]]}},{"type":"Feature","properties":{"kolor":"niebieski","nazwa":"Tarnów - Wielki Rogacz"},"geometry":{"type":"LineString","coordinates":[[20.61689,49.42028],[20.61641,49.41984],[20.61507,49.419],[20.61483,49.41821],[20.6143,49.41736],[20.6136,49.41666],[20.61284,49.41614],[20.61153,49.41419],[20.61122,49.41331],[20.61124,49.41212],[20.61166,49.41158],[20.6121,49.41002],[20.61157,49.40876],[20.61146,49.40743]]}},{"type":"Feature","properties":{"kolor":"niebieski","nazwa":"Tarnów - Wielki Rogacz"},"geometry":{"type":"LineString","coordinates":[[20.61146,49.40743],[20.61178,49.40718],[20.61199,49.40676],[20.61219,49.40549],[20.61291,49.40473],[20.61318,49.40413]]}},{"type":"Feature","properties":{"kolor":"niebieski","nazwa":"Tarnów - Wielki Rogacz"},"geometry":{"type":"LineString","coordinates":[[20.61318,49.40413],[20.61307,49.40359],[20.61321,49.40293],[20.613,49.40258],[20.61187,49.4026],[20.61064,49.40245],[20.61001,49.40252]]}},{"type":"Feature","properties":{"kolor":"niebieski","nazwa":"Tarnów - Wielki Rogacz"},"geometry":{"type":"LineString","coordinates":[[20.61001,49.40252],[20.60874,49.40235],[20.60769,49.40185],[20.60604,49.4015],[20.60581,49.40127],[20.60596,49.40062],[20.6058,49.39982],[20.60541,49.39949],[20.60483,49.39861],[20.60339,49.39776],[20.60279,49.3972],[20.60219,49.39599],[20.6011,49.39495]]}},{"type":"Feature","properties":{"kolor":"niebieski","nazwa":"Tarnów - Wielki Rogacz"},"geometry":{"type":"LineString","coordinates":[[20.6011,49.39495],[20.60085,49.3944]]}},{"type":"Feature","properties":{"kolor":"niebieski","nazwa":"Tarnów - Wielki Rogacz"},"geometry":{"type":"LineString","coordinates":[[20.60085,49.3944],[20.60128,49.39286]]}},{"type":"Feature","properties":{"kolor":"niebieski","nazwa":"Tarnów - Wielki Rogacz"},"geometry":{"type":"LineString","coordinates":[[20.60146,49.39042],[20.60145,49.39084],[20.60173,49.39147],[20.60128,49.39286]]}},{"type":"Feature","properties":{"kolor":"niebieski","nazwa":"Tarnów - Wielki Rogacz"},"geometry":{"type":"LineString","coordinates":[[20.57992,49.38263],[20.58003,49.38296],[20.58189,49.38409],[20.58478,49.38516],[20.5852,49.38542],[20.58639,49.38561],[20.58793,49.38527],[20.59195,49.38406],[20.59316,49.38391],[20.59348,49.38397],[20.59761,49.38646],[20.59805,49.38725],[20.60007,49.38833],[20.60091,49.38923],[20.60146,49.39042]]}},{"type":"Feature","properties":{"kolor":"niebieski","nazwa":"Tarnów - Wielki Rogacz"},"geometry":{"type":"LineString","coordinates":[[20.57992,49.38263],[20.57964,49.38179],[20.57907,49.38131]]}},{"type":"Feature","properties":{"kolor":"niebieski","nazwa":"Tarnów - Wielki Rogacz"},"geometry":{"type":"LineString","coordinates":[[20.57819,49.38051],[20.57907,49.38131]]}},{"type":"Feature","properties":{"kolor":"niebieski","nazwa":"Tarnów - Wielki Rogacz"},"geometry":{"type":"LineString","coordinates":[[20.57644,49.37756],[20.57693,49.37896],[20.57819,49.38051]]}},{"type":"Feature","properties":{"kolor":"niebieski","nazwa":"Tarnów - Wielki Rogacz"},"geometry":{"type":"LineString","coordinates":[[20.56204,49.37918],[20.56244,49.37937],[20.56313,49.37945],[20.56608,49.37902],[20.56731,49.37898],[20.56902,49.37846],[20.56972,49.37799],[20.57092,49.37766],[20.57243,49.37743],[20.57302,49.37707],[20.57373,49.37689],[20.57514,49.37688],[20.57583,49.37711],[20.57644,49.37756]]}},{"type":"Feature","properties":{"kolor":"niebieski","nazwa":"Tarnów - Wielki Rogacz"},"geometry":{"type":"LineString","coordinates":[[20.56204,49.37918],[20.56153,49.37912]]}},{"type":"Feature","properties":{"kolor":"niebieski","nazwa":"Tarnów - Wielki Rogacz"},"geometry":{"type":"LineString","coordinates":[[20.56153,49.37912],[20.55915,49.3789],[20.55836,49.3791]]}},{"type":"Feature","properties":{"kolor":"niebieski","nazwa":"Tarnów - Wielki Rogacz"},"geometry":{"type":"LineString","coordinates":[[20.55747,49.38019],[20.5575,49.37974],[20.55836,49.3791]]}},{"type":"Feature","properties":{"kolor":"niebieski","nazwa":"Tarnów - Wielki Rogacz"},"geometry":{"type":"LineString","coordinates":[[20.55425,49.38255],[20.55512,49.38241],[20.55627,49.38196],[20.55724,49.38094],[20.55747,49.38019]]}},{"type":"Feature","properties":{"kolor":"niebieski","nazwa":"Tarnów - Wielki Rogacz"},"geometry":{"type":"LineString","coordinates":[[20.5524,49.38187],[20.55354,49.38205],[20.55425,49.38255]]}},{"type":"Feature","properties":{"kolor":"niebieski","nazwa":"Tarnów - Wielki Rogacz"},"geometry":{"type":"LineString","coordinates":[[20.54954,49.38384],[20.5507,49.38314],[20.55125,49.38294],[20.5516,49.38232],[20.5524,49.38187]]}},{"type":"Feature","properties":{"kolor":"niebieski","nazwa":"Tarnów - Wielki Rogacz"},"geometry":{"type":"LineString","coordinates":[[20.54954,49.38384],[20.54761,49.38459]]}},{"type":"Feature","properties":{"kolor":"niebieski","nazwa":"Tarnów - Wielki Rogacz"},"geometry":{"type":"LineString","coordinates":[[20.53322,49.38757],[20.53527,49.38694],[20.5359,49.38689],[20.53735,49.3871],[20.5378,49.38706],[20.5434,49.38576],[20.54485,49.38558],[20.54648,49.38556],[20.54761,49.38459]]}},{"type":"Feature","properties":{"kolor":"niebieski","nazwa":"Tarnów - Wielki Rogacz"},"geometry":{"type":"LineString","coordinates":[[20.53322,49.38757],[20.53005,49.38893]]}},{"type":"Feature","properties":{"kolor":"niebieski","nazwa":"Tarnów - Wielki Rogacz"},"geometry":{"type":"LineString","coordinates":[[20.53005,49.38893],[20.52403,49.39069],[20.52151,49.3921],[20.51978,49.39264]]}},{"type":"Feature","properties":{"kolor":"niebieski","nazwa":"Tarnów - Wielki Rogacz"},"geometry":{"type":"LineString","coordinates":[[20.51978,49.39264],[20.51729,49.39364],[20.51619,49.3946],[20.51509,49.39496],[20.51252,49.39652]]}},{"type":"Feature","properties":{"kolor":"niebieski","nazwa":"Tarnów - Wielki Rogacz"},"geometry":{"type":"LineString","coordinates":[[20.51252,49.39652],[20.51116,49.39964],[20.50941,49.40081],[20.5086,49.40121]]}},{"type":"Feature","properties":{"kolor":"niebieski","nazwa":"Tarnów - Wielki Rogacz"},"geometry":{"type":"LineString","coordinates":[[20.5086,49.40121],[20.50726,49.40175],[20.50632,49.40234],[20.50574,49.40271],[20.50485,49.4036]]}},{"type":"Feature","properties":{"kolor":"niebieski","nazwa":"Tarnów - Wielki Rogacz"},"geometry":{"type":"LineString","coordinates":[[20.50485,49.4036],[20.50329,49.40407],[20.50091,49.40434],[20.50003,49.40454],[20.49656,49.40554]]}},{"type":"Feature","properties":{"kolor":"niebieski","nazwa":"Tarnów - Wielki Rogacz"},"geometry":{"type":"LineString","coordinates":[[20.49656,49.40554],[20.49502,49.40578],[20.4943,49.40625]]}},{"type":"Feature","properties":{"kolor":"niebieski","nazwa":"Tarnów - Wielki Rogacz"},"geometry":{"type":"LineString","coordinates":[[20.4943,49.40625],[20.49327,49.40672],[20.49195,49.40688],[20.49085,49.40674],[20.49001,49.40698],[20.48924,49.40741],[20.48862,49.40841]]}},{"type":"Feature","properties":{"kolor":"niebieski","nazwa":"Tarnów - Wielki Rogacz"},"geometry":{"type":"LineString","coordinates":[[20.48862,49.40841],[20.48734,49.40855],[20.48529,49.40924]]}},{"type":"Feature","properties":{"kolor":"niebieski","nazwa":"Tarnów - Wielki Rogacz"},"geometry":{"type":"LineString","coordinates":[[20.48529,49.40924],[20.48434,49.40958],[20.48311,49.40963],[20.48241,49.40978],[20.48144,49.41012],[20.48098,49.41047],[20.47992,49.41077],[20.47939,49.41121],[20.47875,49.41142],[20.47733,49.41251],[20.47674,49.41359]]}},{"type":"Feature","properties":{"kolor":"niebieski","nazwa":"Tarnów - Wielki Rogacz"},"geometry":{"type":"LineString","coordinates":[[20.47237,49.41531],[20.47623,49.41408],[20.47674,49.41359]]}},{"type":"Feature","properties":{"kolor":"niebieski","nazwa":"Tarnów - Wielki Rogacz"},"geometry":{"type":"LineString","coordinates":[[20.46441,49.41603],[20.46674,49.41605],[20.46972,49.41547],[20.47076,49.41577],[20.47237,49.41531]]}},{"type":"Feature","properties":{"kolor":"niebieski","nazwa":"Tarnów - Wielki Rogacz"},"geometry":{"type":"LineString","coordinates":[[20.46425,49.416],[20.46441,49.41603]]}},{"type":"Feature","properties":{"kolor":"niebieski","nazwa":"Tarnów - Wielki Rogacz"},"geometry":{"type":"LineString","coordinates":[[20.45988,49.41729],[20.46073,49.41671],[20.46143,49.41662],[20.4615,49.4163],[20.46248,49.41594],[20.46278,49.41572],[20.46328,49.4157],[20.46382,49.41595],[20.46425,49.416]]}},{"type":"Feature","properties":{"kolor":"niebieski","nazwa":"Tarnów - Wielki Rogacz"},"geometry":{"type":"LineString","coordinates":[[20.45959,49.41736],[20.45988,49.41729]]}},{"type":"Feature","properties":{"kolor":"niebieski","nazwa":"Tarnów - Wielki Rogacz"},"geometry":{"type":"LineString","coordinates":[[20.45769,49.41813],[20.4588,49.41778],[20.45959,49.41736]]}},{"type":"Feature","properties":{"kolor":"niebieski","nazwa":"Tarnów - Wielki Rogacz"},"geometry":{"type":"LineString","coordinates":[[20.45776,49.41822],[20.45769,49.41813]]}},{"type":"Feature","properties":{"kolor":"niebieski","nazwa":"Tarnów - Wielki Rogacz"},"geometry":{"type":"LineString","coordinates":[[20.4576,49.41879],[20.45755,49.41851],[20.45776,49.41822]]}},{"type":"Feature","properties":{"kolor":"niebieski","nazwa":"Tarnów - Wielki Rogacz"},"geometry":{"type":"LineString","coordinates":[[20.45793,49.41986],[20.45724,49.41891],[20.45736,49.41879],[20.4576,49.41879]]}},{"type":"Feature","properties":{"kolor":"niebieski","nazwa":"Tarnów - Wielki Rogacz"},"geometry":{"type":"LineString","coordinates":[[20.45293,49.41734],[20.45421,49.41764],[20.45589,49.41829],[20.45793,49.41986]]}},{"type":"Feature","properties":{"kolor":"niebieski","nazwa":"Tarnów - Wielki Rogacz"},"geometry":{"type":"LineString","coordinates":[[20.45286,49.41745],[20.45293,49.41734]]}},{"type":"Feature","properties":{"kolor":"niebieski","nazwa":"Tarnów - Wielki Rogacz"},"geometry":{"type":"LineString","coordinates":[[20.45222,49.41775],[20.45286,49.41745]]}},{"type":"Feature","properties":{"kolor":"niebieski","nazwa":"Tarnów - Wielki Rogacz"},"geometry":{"type":"LineString","coordinates":[[20.44779,49.41893],[20.44895,49.41857],[20.44918,49.41794],[20.44943,49.41776],[20.45092,49.41755],[20.45138,49.41757],[20.45207,49.41784],[20.45222,49.41775]]}},{"type":"Feature","properties":{"kolor":"niebieski","nazwa":"Tarnów - Wielki Rogacz"},"geometry":{"type":"LineString","coordinates":[[20.4473,49.41902],[20.44779,49.41893]]}},{"type":"Feature","properties":{"kolor":"niebieski","nazwa":"Tarnów - Wielki Rogacz"},"geometry":{"type":"LineString","coordinates":[[20.44635,49.41906],[20.4473,49.41902]]}},{"type":"Feature","properties":{"kolor":"niebieski","nazwa":"Tarnów - Wielki Rogacz"},"geometry":{"type":"LineString","coordinates":[[20.44612,49.41909],[20.44635,49.41906]]}},{"type":"Feature","properties":{"kolor":"niebieski","nazwa":"Tarnów - Wielki Rogacz"},"geometry":{"type":"LineString","coordinates":[[20.44439,49.41888],[20.44612,49.41909]]}},{"type":"Feature","properties":{"kolor":"niebieski","nazwa":"Tarnów - Wielki Rogacz"},"geometry":{"type":"LineString","coordinates":[[20.44233,49.41788],[20.44252,49.41807],[20.44297,49.4182],[20.44383,49.41888],[20.44439,49.41888]]}},{"type":"Feature","properties":{"kolor":"niebieski","nazwa":"Tarnów - Wielki Rogacz"},"geometry":{"type":"LineString","coordinates":[[20.44191,49.41799],[20.44233,49.41788]]}},{"type":"Feature","properties":{"kolor":"niebieski","nazwa":"Tarnów - Wielki Rogacz"},"geometry":{"type":"LineString","coordinates":[[20.44058,49.41815],[20.44162,49.41782],[20.44191,49.41799]]}},{"type":"Feature","properties":{"kolor":"niebieski","nazwa":"Tarnów - Wielki Rogacz"},"geometry":{"type":"LineString","coordinates":[[20.43914,49.41948],[20.43989,49.41892],[20.44002,49.41854],[20.44058,49.41815]]}},{"type":"Feature","properties":{"kolor":"niebieski","nazwa":"Tarnów - Wielki Rogacz"},"geometry":{"type":"LineString","coordinates":[[20.4311,49.42419],[20.43164,49.42347],[20.43215,49.42326],[20.43228,49.42309],[20.43424,49.42257],[20.43437,49.42241],[20.43425,49.42224],[20.4347,49.4223],[20.43708,49.42197],[20.43727,49.42173],[20.43775,49.42191],[20.43768,49.42147],[20.43794,49.42146],[20.43773,49.42137],[20.438,49.42136],[20.43776,49.42118],[20.43805,49.4212],[20.4379,49.42104],[20.43856,49.42062],[20.4388,49.41982],[20.43914,49.41948]]}},{"type":"Feature","properties":{"kolor":"niebieski","nazwa":"Tarnów - Wielki Rogacz"},"geometry":{"type":"LineString","coordinates":[[20.43059,49.42447],[20.4311,49.42419]]}},{"type":"Feature","properties":{"kolor":"niebieski","nazwa":"Tarnów - Wielki Rogacz"},"geometry":{"type":"LineString","coordinates":[[20.41333,49.42647],[20.41548,49.4261],[20.41573,49.42564],[20.41604,49.42552],[20.41781,49.42608],[20.41937,49.42599],[20.42044,49.42616],[20.42092,49.42613],[20.42182,49.42536],[20.42284,49.42537],[20.42345,49.42562],[20.42421,49.42543],[20.42458,49.4249],[20.42474,49.42486],[20.42839,49.42444],[20.42991,49.42467],[20.43059,49.42447]]}},{"type":"Feature","properties":{"kolor":"niebieski","nazwa":"Tarnów - Wielki Rogacz"},"geometry":{"type":"LineString","coordinates":[[20.41053,49.42454],[20.41102,49.42501],[20.41248,49.42553],[20.41262,49.42607],[20.41333,49.42647]]}},{"type":"Feature","properties":{"kolor":"niebieski","nazwa":"Tarnów - Wielki Rogacz"},"geometry":{"type":"LineString","coordinates":[[20.41053,49.42452],[20.41053,49.42454]]}},{"type":"Feature","properties":{"kolor":"niebieski","nazwa":"Tarnów - Wielki Rogacz"},"geometry":{"type":"LineString","coordinates":[[20.41038,49.42285],[20.41116,49.42335],[20.41154,49.42394],[20.41136,49.42417],[20.41053,49.42452]]}},{"type":"Feature","properties":{"kolor":"niebieski","nazwa":"Tarnów - Wielki Rogacz"},"geometry":{"type":"LineString","coordinates":[[20.41038,49.42285],[20.41043,49.42264]]}},{"type":"Feature","properties":{"kolor":"niebieski","nazwa":"Tarnów - Wielki Rogacz"},"geometry":{"type":"LineString","coordinates":[[20.41043,49.42264],[20.41081,49.42175],[20.41149,49.42138],[20.41191,49.42094],[20.41274,49.42075],[20.41362,49.42084],[20.41466,49.42056],[20.41515,49.42025],[20.4155,49.41982],[20.41554,49.41923],[20.416,49.41918],[20.41628,49.41882],[20.41673,49.41859],[20.41778,49.41852],[20.41831,49.41822]]}},{"type":"Feature","properties":{"kolor":"niebieski","nazwa":"Tarnów - Wielki Rogacz"},"geometry":{"type":"LineString","coordinates":[[20.41831,49.41822],[20.41919,49.41933],[20.41969,49.41967]]}},{"type":"Feature","properties":{"kolor":"niebieski","nazwa":"Tarnów - Wielki Rogacz"},"geometry":{"type":"LineString","coordinates":[[20.41969,49.41967],[20.41991,49.41982]]}},{"type":"Feature","properties":{"kolor":"niebieski","nazwa":"Tarnów - Wielki Rogacz"},"geometry":{"type":"LineString","coordinates":[[20.41991,49.41982],[20.41999,49.41968]]}},{"type":"Feature","properties":{"kolor":"niebieski","nazwa":"Tarnów - Wielki Rogacz"},"geometry":{"type":"LineString","coordinates":[[20.41999,49.41968],[20.42006,49.41957]]}},{"type":"Feature","properties":{"kolor":"niebieski","nazwa":"Tarnów - Wielki Rogacz"},"geometry":{"type":"LineString","coordinates":[[20.42006,49.41957],[20.42024,49.41951],[20.4203,49.41929],[20.42005,49.41892],[20.42035,49.41871],[20.42004,49.41803],[20.42025,49.41757],[20.42021,49.41707]]}},{"type":"Feature","properties":{"kolor":"niebieski","nazwa":"Tarnów - Wielki Rogacz"},"geometry":{"type":"LineString","coordinates":[[20.42021,49.41707],[20.41879,49.41596],[20.41795,49.41508]]}},{"type":"Feature","properties":{"kolor":"niebieski","nazwa":"Tarnów - Wielki Rogacz"},"geometry":{"type":"LineString","coordinates":[[20.41795,49.41508],[20.41772,49.41464],[20.41744,49.41487],[20.41709,49.41488],[20.41611,49.41464],[20.41575,49.41444],[20.4152,49.41446]]}},{"type":"Feature","properties":{"kolor":"niebieski","nazwa":"Tarnów - Wielki Rogacz"},"geometry":{"type":"LineString","coordinates":[[20.40944,49.41866],[20.4099,49.41861],[20.41052,49.4182],[20.41258,49.41752],[20.4129,49.41716],[20.41382,49.41678],[20.41375,49.41638],[20.41321,49.41615],[20.4134,49.41551],[20.41404,49.41531],[20.4145,49.41497],[20.4146,49.41466],[20.4152,49.41446]]}},{"type":"Feature","properties":{"kolor":"niebieski","nazwa":"Tarnów - Wielki Rogacz"},"geometry":{"type":"LineString","coordinates":[[20.40929,49.41868],[20.40944,49.41866]]}},{"type":"Feature","properties":{"kolor":"niebieski","nazwa":"Tarnów - Wielki Rogacz"},"geometry":{"type":"LineString","coordinates":[[20.40807,49.419],[20.40929,49.41868]]}},{"type":"Feature","properties":{"kolor":"niebieski","nazwa":"Tarnów - Wielki Rogacz"},"geometry":{"type":"LineString","coordinates":[[20.40807,49.419],[20.40799,49.41921],[20.40754,49.4194],[20.40651,49.41908],[20.40505,49.41895],[20.40366,49.41853],[20.40219,49.4183],[20.40114,49.41824],[20.39993,49.41847],[20.39921,49.41836],[20.39852,49.4184],[20.39783,49.41824],[20.39693,49.41769],[20.39641,49.41756],[20.39599,49.41764],[20.39535,49.41757],[20.39476,49.41788],[20.39432,49.41786],[20.39347,49.41805],[20.39107,49.41791],[20.38947,49.4176],[20.38838,49.41854],[20.38726,49.41865],[20.38605,49.41855],[20.38465,49.41825],[20.38329,49.41778],[20.38196,49.41772],[20.37943,49.41856]]}},{"type":"Feature","properties":{"kolor":"niebieski","nazwa":"Tarnów - Wielki Rogacz"},"geometry":{"type":"LineString","coordinates":[[20.37943,49.41856],[20.37869,49.41857],[20.3765,49.41902],[20.37527,49.41906],[20.37445,49.41925],[20.37311,49.4202],[20.37166,49.42053],[20.36931,49.42128],[20.36857,49.42186],[20.3675,49.42245],[20.36675,49.42381],[20.36606,49.4243],[20.36473,49.42474],[20.36342,49.42455]]}},{"type":"Feature","properties":{"kolor":"niebieski","nazwa":"Tarnów - Wielki Rogacz"},"geometry":{"type":"LineString","coordinates":[[20.36342,49.42455],[20.36186,49.42436],[20.36078,49.42473],[20.35911,49.42485],[20.35807,49.42476],[20.35636,49.42514],[20.35529,49.42608],[20.35216,49.42772],[20.35163,49.42816]]}},{"type":"Feature","properties":{"kolor":"niebieski","nazwa":"Tarnów - Wielki Rogacz"},"geometry":{"type":"LineString","coordinates":[[20.35124,49.4284],[20.34739,49.43112],[20.34413,49.43284],[20.34151,49.43353],[20.33794,49.43476],[20.33558,49.43575],[20.3347,49.4363]]}},{"type":"Feature","properties":{"kolor":"niebieski","nazwa":"Tarnów - Wielki Rogacz"},"geometry":{"type":"LineString","coordinates":[[20.3347,49.4363],[20.33456,49.43653]]}},{"type":"Feature","properties":{"kolor":"niebieski","nazwa":"Tarnów - Wielki Rogacz"},"geometry":{"type":"LineString","coordinates":[[20.33456,49.43653],[20.33425,49.43712],[20.33376,49.43739]]}},{"type":"Feature","properties":{"kolor":"niebieski","nazwa":"Tarnów - Wielki Rogacz"},"geometry":{"type":"LineString","coordinates":[[20.33376,49.43739],[20.3336,49.43718],[20.33325,49.43738]]}},{"type":"Feature","properties":{"kolor":"niebieski","nazwa":"Tarnów - Wielki Rogacz"},"geometry":{"type":"LineString","coordinates":[[20.33325,49.43738],[20.33285,49.43723],[20.33262,49.43752]]}},{"type":"Feature","properties":{"kolor":"niebieski","nazwa":"Tarnów - Wielki Rogacz"},"geometry":{"type":"LineString","coordinates":[[20.33204,49.43773],[20.33262,49.43752]]}},{"type":"Feature","properties":{"kolor":"niebieski","nazwa":"Tarnów - Wielki Rogacz"},"geometry":{"type":"LineString","coordinates":[[20.33141,49.4381],[20.33204,49.43773]]}},{"type":"Feature","properties":{"kolor":"niebieski","nazwa":"Tarnów - Wielki Rogacz"},"geometry":{"type":"LineString","coordinates":[[20.33247,49.43869],[20.33141,49.4381]]}},{"type":"Feature","properties":{"kolor":"niebieski","nazwa":"Tarnów - Wielki Rogacz"},"geometry":{"type":"LineString","coordinates":[[20.33247,49.43869],[20.33241,49.43902]]}},{"type":"Feature","properties":{"kolor":"niebieski","nazwa":"Tarnów - Wielki Rogacz"},"geometry":{"type":"LineString","coordinates":[[20.33181,49.44239],[20.33241,49.44005],[20.33241,49.43902]]}},{"type":"Feature","properties":{"kolor":"niebieski","nazwa":"Tarnów - Wielki Rogacz"},"geometry":{"type":"LineString","coordinates":[[20.31676,49.44894],[20.3204,49.44824],[20.32183,49.44772],[20.32436,49.44634],[20.32631,49.44576],[20.32779,49.44482],[20.32912,49.44425],[20.33025,49.44342],[20.33062,49.44294],[20.33181,49.44239]]}},{"type":"Feature","properties":{"kolor":"niebieski","nazwa":"Tarnów - Wielki Rogacz"},"geometry":{"type":"LineString","coordinates":[[20.31588,49.45033],[20.31582,49.44996],[20.31676,49.44894]]}},{"type":"Feature","properties":{"kolor":"niebieski","nazwa":"Tarnów - Wielki Rogacz"},"geometry":{"type":"LineString","coordinates":[[20.31805,49.45055],[20.31701,49.45025],[20.31588,49.45033]]}},{"type":"Feature","properties":{"kolor":"niebieski","nazwa":"Tarnów - Wielki Rogacz"},"geometry":{"type":"LineString","coordinates":[[20.3181,49.45099],[20.3179,49.45082],[20.31805,49.45055]]}},{"type":"Feature","properties":{"kolor":"niebieski","nazwa":"Tarnów - Wielki Rogacz"},"geometry":{"type":"LineString","coordinates":[[20.31897,49.45115],[20.3187,49.45122],[20.3181,49.45099]]}},{"type":"Feature","properties":{"kolor":"niebieski","nazwa":"Tarnów - Wielki Rogacz"},"geometry":{"type":"LineString","coordinates":[[20.31897,49.45115],[20.31904,49.45125]]}},{"type":"Feature","properties":{"kolor":"niebieski","nazwa":"Tarnów - Wielki Rogacz"},"geometry":{"type":"LineString","coordinates":[[20.31904,49.45125],[20.31962,49.45225],[20.31979,49.45298]]}},{"type":"Feature","properties":{"kolor":"niebieski","nazwa":"Tarnów - Wielki Rogacz"},"geometry":{"type":"LineString","coordinates":[[20.31979,49.45298],[20.32307,49.45325],[20.32485,49.45418],[20.32514,49.45457],[20.32534,49.45548],[20.3252,49.45601],[20.32453,49.45667],[20.32399,49.45746],[20.32273,49.45861],[20.32236,49.45941]]}},{"type":"Feature","properties":{"kolor":"niebieski","nazwa":"Tarnów - Wielki Rogacz"},"geometry":{"type":"LineString","coordinates":[[20.32236,49.45941],[20.32238,49.45996],[20.32218,49.46006],[20.32245,49.46069]]}},{"type":"Feature","properties":{"kolor":"niebieski","nazwa":"Tarnów - Wielki Rogacz"},"geometry":{"type":"LineString","coordinates":[[20.32245,49.46069],[20.32349,49.46266],[20.325,49.46373],[20.32589,49.46417],[20.3265,49.46489],[20.32643,49.46558],[20.32599,49.46611],[20.32583,49.46663],[20.32525,49.46751],[20.32544,49.46926],[20.32576,49.46989],[20.32578,49.47106],[20.3264,49.47247],[20.32602,49.47348],[20.32665,49.47434],[20.32679,49.47495],[20.32726,49.4756],[20.32786,49.47589],[20.32896,49.47724],[20.32938,49.47819],[20.32915,49.47895],[20.33101,49.48105],[20.33162,49.48206]]}},{"type":"Feature","properties":{"kolor":"niebieski","nazwa":"Tarnów - Wielki Rogacz"},"geometry":{"type":"LineString","coordinates":[[20.33255,49.48315],[20.33341,49.48362],[20.33455,49.48449],[20.33502,49.48515],[20.33576,49.48529],[20.33603,49.48545]]}},{"type":"Feature","properties":{"kolor":"niebieski","nazwa":"Tarnów - Wielki Rogacz"},"geometry":{"type":"LineString","coordinates":[[20.33603,49.48545],[20.33652,49.48533]]}},{"type":"Feature","properties":{"kolor":"niebieski","nazwa":"Tarnów - Wielki Rogacz"},"geometry":{"type":"LineString","coordinates":[[20.33652,49.48533],[20.33752,49.48514],[20.33877,49.48471],[20.33908,49.48475]]}},{"type":"Feature","properties":{"kolor":"niebieski","nazwa":"Tarnów - Wielki Rogacz"},"geometry":{"type":"LineString","coordinates":[[20.33908,49.48475],[20.33953,49.4863]]}},{"type":"Feature","properties":{"kolor":"niebieski","nazwa":"Tarnów - Wielki Rogacz"},"geometry":{"type":"LineString","coordinates":[[20.33953,49.4863],[20.33956,49.48672],[20.33982,49.48707]]}},{"type":"Feature","properties":{"kolor":"niebieski","nazwa":"Tarnów - Wielki Rogacz"},"geometry":{"type":"LineString","coordinates":[[20.33982,49.48707],[20.33986,49.48734]]}},{"type":"Feature","properties":{"kolor":"niebieski","nazwa":"Tarnów - Wielki Rogacz"},"geometry":{"type":"LineString","coordinates":[[20.33986,49.48734],[20.3405,49.4873]]}},{"type":"Feature","properties":{"kolor":"niebieski","nazwa":"Tarnów - Wielki Rogacz"},"geometry":{"type":"LineString","coordinates":[[20.3405,49.4873],[20.34088,49.4878]]}},{"type":"Feature","properties":{"kolor":"niebieski","nazwa":"Tarnów - Wielki Rogacz"},"geometry":{"type":"LineString","coordinates":[[20.34088,49.4878],[20.34087,49.48831]]}},{"type":"Feature","properties":{"kolor":"niebieski","nazwa":"Tarnów - Wielki Rogacz"},"geometry":{"type":"LineString","coordinates":[[20.34007,49.48851],[20.34087,49.48831]]}},{"type":"Feature","properties":{"kolor":"niebieski","nazwa":"Tarnów - Wielki Rogacz"},"geometry":{"type":"LineString","coordinates":[[20.33894,49.48925],[20.34007,49.48851]]}},{"type":"Feature","properties":{"kolor":"niebieski","nazwa":"Tarnów - Wielki Rogacz"},"geometry":{"type":"LineString","coordinates":[[20.33715,49.49034],[20.33786,49.49],[20.33863,49.48984],[20.33894,49.48925]]}},{"type":"Feature","properties":{"kolor":"niebieski","nazwa":"Tarnów - Wielki Rogacz"},"geometry":{"type":"LineString","coordinates":[[20.33468,49.49057],[20.33564,49.49059],[20.33715,49.49034]]}},{"type":"Feature","properties":{"kolor":"niebieski","nazwa":"Tarnów - Wielki Rogacz"},"geometry":{"type":"LineString","coordinates":[[20.33276,49.49051],[20.33468,49.49057]]}},{"type":"Feature","properties":{"kolor":"niebieski","nazwa":"Tarnów - Wielki Rogacz"},"geometry":{"type":"LineString","coordinates":[[20.32997,49.4906],[20.33276,49.49051]]}},{"type":"Feature","properties":{"kolor":"niebieski","nazwa":"Tarnów - Wielki Rogacz"},"geometry":{"type":"LineString","coordinates":[[20.32841,49.51155],[20.32845,49.51021],[20.32898,49.50872],[20.32883,49.50678],[20.3283,49.50578],[20.32833,49.50494],[20.3271,49.50426],[20.32716,49.50384],[20.32692,49.50333],[20.32612,49.50275],[20.32582,49.50235],[20.32554,49.50064],[20.32506,49.49995],[20.32411,49.49926],[20.32362,49.49858],[20.32444,49.49729],[20.32449,49.49632],[20.32515,49.49536],[20.32553,49.49419],[20.32547,49.49344],[20.32519,49.49311],[20.32611,49.49205],[20.32716,49.49142],[20.32907,49.49101],[20.32997,49.4906]]}},{"type":"Feature","properties":{"kolor":"niebieski","nazwa":"Tarnów - Wielki Rogacz"},"geometry":{"type":"LineString","coordinates":[[20.33571,49.52441],[20.33586,49.52376],[20.33621,49.52374],[20.33649,49.52343],[20.33625,49.52306],[20.33666,49.52258],[20.33632,49.52185],[20.33647,49.52058],[20.33602,49.51992],[20.3359,49.51944],[20.33428,49.51784],[20.33414,49.51694],[20.33341,49.51654],[20.33326,49.51613],[20.33336,49.51551],[20.33277,49.5142],[20.33202,49.51393],[20.33194,49.51359],[20.33079,49.51272],[20.32868,49.51211],[20.32841,49.51155]]}},{"type":"Feature","properties":{"kolor":"niebieski","nazwa":"Tarnów - Wielki Rogacz"},"geometry":{"type":"LineString","coordinates":[[20.33311,49.52629],[20.33297,49.52551],[20.33477,49.52551],[20.3353,49.52475],[20.33571,49.52441]]}},{"type":"Feature","properties":{"kolor":"niebieski","nazwa":"Tarnów - Wielki Rogacz"},"geometry":{"type":"LineString","coordinates":[[20.32758,49.52665],[20.32887,49.52694],[20.32969,49.52694],[20.33159,49.5267],[20.33311,49.52629]]}},{"type":"Feature","properties":{"kolor":"niebieski","nazwa":"Tarnów - Wielki Rogacz"},"geometry":{"type":"LineString","coordinates":[[20.32532,49.52619],[20.32758,49.52665]]}},{"type":"Feature","properties":{"kolor":"niebieski","nazwa":"Tarnów - Wielki Rogacz"},"geometry":{"type":"LineString","coordinates":[[20.32089,49.52549],[20.32532,49.52619]]}},{"type":"Feature","properties":{"kolor":"niebieski","nazwa":"Tarnów - Wielki Rogacz"},"geometry":{"type":"LineString","coordinates":[[20.32089,49.52549],[20.3207,49.52585]]}},{"type":"Feature","properties":{"kolor":"niebieski","nazwa":"Tarnów - Wielki Rogacz"},"geometry":{"type":"LineString","coordinates":[[20.3207,49.52585],[20.32069,49.52587]]}},{"type":"Feature","properties":{"kolor":"niebieski","nazwa":"Tarnów - Wielki Rogacz"},"geometry":{"type":"LineString","coordinates":[[20.32069,49.52587],[20.32045,49.52631]]}},{"type":"Feature","properties":{"kolor":"niebieski","nazwa":"Tarnów - Wielki Rogacz"},"geometry":{"type":"LineString","coordinates":[[20.32045,49.52631],[20.32021,49.52676]]}},{"type":"Feature","properties":{"kolor":"niebieski","nazwa":"Tarnów - Wielki Rogacz"},"geometry":{"type":"LineString","coordinates":[[20.32021,49.52676],[20.32004,49.52712],[20.3201,49.53039],[20.31981,49.53272],[20.31767,49.53512],[20.31578,49.53786],[20.31509,49.53858]]}},{"type":"Feature","properties":{"kolor":"niebieski","nazwa":"Tarnów - Wielki Rogacz"},"geometry":{"type":"LineString","coordinates":[[20.32527,49.5417],[20.32458,49.54128],[20.32384,49.54043],[20.3228,49.53999],[20.32165,49.53967],[20.32148,49.53979],[20.32175,49.54031],[20.3216,49.54036],[20.32035,49.54009],[20.3198,49.53986],[20.31887,49.53984],[20.31876,49.54002],[20.31931,49.54061],[20.31801,49.5406],[20.31695,49.54046],[20.31569,49.54005],[20.31627,49.53893],[20.31509,49.53858]]}},{"type":"Feature","properties":{"kolor":"niebieski","nazwa":"Tarnów - Wielki Rogacz"},"geometry":{"type":"LineString","coordinates":[[20.32995,49.54414],[20.32896,49.54347],[20.32821,49.54267],[20.32673,49.54196],[20.32527,49.5417]]}},{"type":"Feature","properties":{"kolor":"niebieski","nazwa":"Tarnów - Wielki Rogacz"},"geometry":{"type":"LineString","coordinates":[[20.32038,49.55884],[20.32033,49.55828],[20.32112,49.55719],[20.32195,49.55683],[20.32322,49.55538],[20.32517,49.55416],[20.32534,49.5539],[20.32597,49.55346],[20.3265,49.55248],[20.32718,49.55201],[20.32788,49.55054],[20.32867,49.5499],[20.32877,49.54948],[20.32855,49.54899],[20.32853,49.54798],[20.32888,49.54699],[20.32869,49.54585],[20.32901,49.54463],[20.32995,49.54414]]}},{"type":"Feature","properties":{"kolor":"niebieski","nazwa":"Tarnów - Wielki Rogacz"},"geometry":{"type":"LineString","coordinates":[[20.32174,49.55978],[20.32038,49.55884]]}},{"type":"Feature","properties":{"kolor":"niebieski","nazwa":"Tarnów - Wielki Rogacz"},"geometry":{"type":"LineString","coordinates":[[20.32305,49.56054],[20.32174,49.55978]]}},{"type":"Feature","properties":{"kolor":"niebieski","nazwa":"Tarnów - Wielki Rogacz"},"geometry":{"type":"LineString","coordinates":[[20.32728,49.56099],[20.3265,49.56072],[20.32525,49.56051],[20.32388,49.5608],[20.32305,49.56054]]}},{"type":"Feature","properties":{"kolor":"niebieski","nazwa":"Tarnów - Wielki Rogacz"},"geometry":{"type":"LineString","coordinates":[[20.32994,49.56134],[20.32728,49.56099]]}},{"type":"Feature","properties":{"kolor":"niebieski","nazwa":"Tarnów - Wielki Rogacz"},"geometry":{"type":"LineString","coordinates":[[20.33227,49.56234],[20.33177,49.56221],[20.32994,49.56134]]}},{"type":"Feature","properties":{"kolor":"niebieski","nazwa":"Tarnów - Wielki Rogacz"},"geometry":{"type":"LineString","coordinates":[[20.33404,49.56266],[20.33262,49.56248],[20.33227,49.56234]]}},{"type":"Feature","properties":{"kolor":"niebieski","nazwa":"Tarnów - Wielki Rogacz"},"geometry":{"type":"LineString","coordinates":[[20.33457,49.56444],[20.33425,49.5642],[20.33404,49.56266]]}},{"type":"Feature","properties":{"kolor":"niebieski","nazwa":"Tarnów - Wielki Rogacz"},"geometry":{"type":"LineString","coordinates":[[20.3398,49.56777],[20.3396,49.56754],[20.33754,49.56648],[20.33659,49.56579],[20.33631,49.56585],[20.33595,49.56667],[20.33563,49.5667],[20.33505,49.56555],[20.33443,49.56493],[20.33457,49.56444]]}},{"type":"Feature","properties":{"kolor":"niebieski","nazwa":"Tarnów - Wielki Rogacz"},"geometry":{"type":"LineString","coordinates":[[20.341,49.57278],[20.33972,49.57124],[20.33959,49.56989],[20.33982,49.56956],[20.34174,49.56869],[20.34182,49.56847],[20.3398,49.56777]]}},{"type":"Feature","properties":{"kolor":"niebieski","nazwa":"Tarnów - Wielki Rogacz"},"geometry":{"type":"LineString","coordinates":[[20.35124,49.4284],[20.35106,49.42809]]}},{"type":"Feature","properties":{"kolor":"niebieski","nazwa":"Tarnów - Wielki Rogacz"},"geometry":{"type":"LineString","coordinates":[[20.35106,49.42809],[20.35119,49.42804]]}},{"type":"Feature","properties":{"kolor":"niebieski","nazwa":"Tarnów - Wielki Rogacz"},"geometry":{"type":"LineString","coordinates":[[20.35119,49.42804],[20.35163,49.42816]]}},{"type":"Feature","properties":{"kolor":"niebieski","nazwa":"Tarnów - Wielki Rogacz"},"geometry":{"type":"LineString","coordinates":[[20.33162,49.48206],[20.33228,49.48301]]}},{"type":"Feature","properties":{"kolor":"niebieski","nazwa":"Tarnów - Wielki Rogacz"},"geometry":{"type":"LineString","coordinates":[[20.33255,49.48315],[20.33228,49.48301]]}},{"type":"Feature","properties":{"kolor":"zielony","nazwa":""},"geometry":{"type":"LineString","coordinates":[[20.45994,49.38621],[20.4612,49.38624]]}},{"type":"Feature","properties":{"kolor":"zielony","nazwa":""},"geometry":{"type":"LineString","coordinates":[[20.45994,49.38621],[20.45957,49.3859],[20.45902,49.38568],[20.45702,49.38512],[20.45701,49.38412],[20.45714,49.38382],[20.4576,49.38355],[20.45764,49.38312],[20.45813,49.3825],[20.45884,49.38226],[20.46007,49.38221],[20.46007,49.38238],[20.46021,49.38241],[20.46082,49.3822],[20.46229,49.3823],[20.46389,49.38188]]}},{"type":"Feature","properties":{"kolor":"zielony","nazwa":""},"geometry":{"type":"LineString","coordinates":[[20.46389,49.38188],[20.4648,49.38172]]}},{"type":"Feature","properties":{"kolor":"zielony","nazwa":""},"geometry":{"type":"LineString","coordinates":[[20.4648,49.38172],[20.46536,49.38163]]}},{"type":"Feature","properties":{"kolor":"zielony","nazwa":""},"geometry":{"type":"LineString","coordinates":[[20.46536,49.38163],[20.46515,49.37971],[20.4645,49.37912],[20.46332,49.37843],[20.46313,49.37805],[20.46336,49.37777]]}},{"type":"Feature","properties":{"kolor":"zielony","nazwa":""},"geometry":{"type":"LineString","coordinates":[[20.46336,49.37777],[20.46341,49.37765]]}},{"type":"Feature","properties":{"kolor":"zielony","nazwa":""},"geometry":{"type":"LineString","coordinates":[[20.4612,49.38624],[20.46147,49.38683],[20.46192,49.38713],[20.46458,49.38785],[20.46575,49.38842],[20.46753,49.38873],[20.46829,49.38912],[20.46896,49.38969],[20.46888,49.38985]]}},{"type":"Feature","properties":{"kolor":"zielony","nazwa":""},"geometry":{"type":"LineString","coordinates":[[20.46888,49.38985],[20.4687,49.391],[20.46905,49.39334],[20.46942,49.39369],[20.4706,49.3942],[20.47123,49.39499],[20.47112,49.39552],[20.47064,49.39599],[20.4696,49.39641],[20.46797,49.39674],[20.46688,49.39679],[20.46703,49.39693]]}},{"type":"Feature","properties":{"kolor":"zielony","nazwa":""},"geometry":{"type":"LineString","coordinates":[[20.46703,49.39693],[20.4695,49.3982],[20.47054,49.39858]]}},{"type":"Feature","properties":{"kolor":"zielony","nazwa":""},"geometry":{"type":"LineString","coordinates":[[20.47155,49.39898],[20.47054,49.39858]]}},{"type":"Feature","properties":{"kolor":"zielony","nazwa":""},"geometry":{"type":"LineString","coordinates":[[20.47282,49.39995],[20.4724,49.3995],[20.47155,49.39898]]}},{"type":"Feature","properties":{"kolor":"zielony","nazwa":""},"geometry":{"type":"LineString","coordinates":[[20.47286,49.40001],[20.47282,49.39995]]}},{"type":"Feature","properties":{"kolor":"zielony","nazwa":""},"geometry":{"type":"LineString","coordinates":[[20.47295,49.40016],[20.47286,49.40001]]}},{"type":"Feature","properties":{"kolor":"zielony","nazwa":""},"geometry":{"type":"LineString","coordinates":[[20.4486,49.37645],[20.44915,49.37618]]}},{"type":"Feature","properties":{"kolor":"zielony","nazwa":""},"geometry":{"type":"LineString","coordinates":[[20.44915,49.37618],[20.44998,49.37596],[20.45193,49.3757],[20.4548,49.37426]]}},{"type":"Feature","properties":{"kolor":"zielony","nazwa":""},"geometry":{"type":"LineString","coordinates":[[20.45549,49.37463],[20.45502,49.37449],[20.4548,49.37426]]}},{"type":"Feature","properties":{"kolor":"zielony","nazwa":""},"geometry":{"type":"LineString","coordinates":[[20.4557,49.37468],[20.45549,49.37463]]}},{"type":"Feature","properties":{"kolor":"zielony","nazwa":""},"geometry":{"type":"LineString","coordinates":[[20.45813,49.37513],[20.45757,49.37501],[20.4563,49.37504],[20.4557,49.37468]]}},{"type":"Feature","properties":{"kolor":"zielony","nazwa":""},"geometry":{"type":"LineString","coordinates":[[20.462,49.37497],[20.46129,49.37495],[20.45982,49.37514],[20.45813,49.37513]]}},{"type":"Feature","properties":{"kolor":"zielony","nazwa":""},"geometry":{"type":"LineString","coordinates":[[20.46341,49.37765],[20.46303,49.37578],[20.462,49.37497]]}},{"type":"Feature","properties":{"kolor":"zolty","nazwa":""},"geometry":{"type":"LineString","coordinates":[[20.49368,49.38272],[20.49383,49.3828]]}},{"type":"Feature","properties":{"kolor":"zolty","nazwa":""},"geometry":{"type":"LineString","coordinates":[[20.49383,49.3828],[20.49403,49.38276]]}},{"type":"Feature","properties":{"kolor":"zolty","nazwa":""},"geometry":{"type":"LineString","coordinates":[[20.49342,49.38278],[20.49368,49.38272]]}},{"type":"Feature","properties":{"kolor":"zolty","nazwa":""},"geometry":{"type":"LineString","coordinates":[[20.49403,49.38276],[20.49439,49.38285],[20.49578,49.38279],[20.49797,49.38234],[20.49887,49.38187],[20.49959,49.38169]]}},{"type":"Feature","properties":{"kolor":"zolty","nazwa":""},"geometry":{"type":"LineString","coordinates":[[20.49959,49.38169],[20.50216,49.38173],[20.50552,49.38321],[20.50639,49.38375],[20.50692,49.38517],[20.50714,49.3875],[20.50849,49.3894],[20.50865,49.38993]]}},{"type":"Feature","properties":{"kolor":"zolty","nazwa":""},"geometry":{"type":"LineString","coordinates":[[20.50865,49.38993],[20.509,49.39045]]}},{"type":"Feature","properties":{"kolor":"zolty","nazwa":""},"geometry":{"type":"LineString","coordinates":[[20.50933,49.39259],[20.50928,49.39277],[20.50968,49.39298],[20.51067,49.39336],[20.511,49.39338]]}},{"type":"Feature","properties":{"kolor":"zolty","nazwa":""},"geometry":{"type":"LineString","coordinates":[[20.51978,49.39264],[20.51754,49.39249],[20.5157,49.39274],[20.51488,49.39307],[20.51359,49.39331],[20.511,49.39338]]}},{"type":"Feature","properties":{"kolor":"zolty","nazwa":""},"geometry":{"type":"LineString","coordinates":[[20.51978,49.39264],[20.51729,49.39364],[20.51619,49.3946],[20.51509,49.39496],[20.51252,49.39652]]}},{"type":"Feature","properties":{"kolor":"zolty","nazwa":""},"geometry":{"type":"LineString","coordinates":[[20.51252,49.39652],[20.51116,49.39964],[20.50941,49.40081],[20.5086,49.40121]]}},{"type":"Feature","properties":{"kolor":"zolty","nazwa":""},"geometry":{"type":"LineString","coordinates":[[20.5086,49.40121],[20.50901,49.40172],[20.5095,49.4019],[20.51299,49.40196],[20.51509,49.40232],[20.51624,49.40273],[20.51648,49.4034],[20.51629,49.4037]]}},{"type":"Feature","properties":{"kolor":"zolty","nazwa":""},"geometry":{"type":"LineString","coordinates":[[20.51629,49.4037],[20.51647,49.40455],[20.51577,49.40508]]}},{"type":"Feature","properties":{"kolor":"zolty","nazwa":""},"geometry":{"type":"LineString","coordinates":[[20.51577,49.40508],[20.51547,49.40552],[20.51553,49.40572],[20.516,49.40572],[20.51678,49.4064],[20.51862,49.40731],[20.51915,49.4077],[20.5193,49.40819],[20.51869,49.40834],[20.5187,49.40873],[20.51849,49.40899],[20.52039,49.40911],[20.52066,49.40944]]}},{"type":"Feature","properties":{"kolor":"zolty","nazwa":""},"geometry":{"type":"LineString","coordinates":[[20.52066,49.40944],[20.52066,49.40973],[20.52101,49.40993],[20.52256,49.40964]]}},{"type":"Feature","properties":{"kolor":"zolty","nazwa":""},"geometry":{"type":"LineString","coordinates":[[20.52605,49.40937],[20.52476,49.40952],[20.52374,49.40933],[20.52256,49.40964]]}},{"type":"Feature","properties":{"kolor":"zolty","nazwa":""},"geometry":{"type":"LineString","coordinates":[[20.52605,49.40937],[20.52613,49.40942]]}},{"type":"Feature","properties":{"kolor":"zolty","nazwa":""},"geometry":{"type":"LineString","coordinates":[[20.52613,49.40942],[20.52638,49.40963]]}},{"type":"Feature","properties":{"kolor":"zolty","nazwa":""},"geometry":{"type":"LineString","coordinates":[[20.52638,49.40963],[20.52659,49.4107]]}},{"type":"Feature","properties":{"kolor":"zolty","nazwa":""},"geometry":{"type":"LineString","coordinates":[[20.52659,49.4107],[20.52571,49.4109],[20.52451,49.41095]]}},{"type":"Feature","properties":{"kolor":"zolty","nazwa":""},"geometry":{"type":"LineString","coordinates":[[20.52451,49.41095],[20.52418,49.41097]]}},{"type":"Feature","properties":{"kolor":"zolty","nazwa":""},"geometry":{"type":"LineString","coordinates":[[20.52418,49.41097],[20.52335,49.41107]]}},{"type":"Feature","properties":{"kolor":"zolty","nazwa":""},"geometry":{"type":"LineString","coordinates":[[20.509,49.39045],[20.51044,49.39143]]}},{"type":"Feature","properties":{"kolor":"zolty","nazwa":""},"geometry":{"type":"LineString","coordinates":[[20.50933,49.39259],[20.51004,49.39212],[20.51044,49.39143]]}},{"type":"Feature","properties":{"kolor":"niebieski","nazwa":""},"geometry":{"type":"LineString","coordinates":[[20.45726,49.4124],[20.45656,49.4128],[20.45409,49.41342],[20.45336,49.41393],[20.45178,49.41465],[20.45122,49.4147],[20.45065,49.41457],[20.45016,49.41406]]}},{"type":"Feature","properties":{"kolor":"niebieski","nazwa":""},"geometry":{"type":"LineString","coordinates":[[20.45843,49.41186],[20.45726,49.4124]]}},{"type":"Feature","properties":{"kolor":"niebieski","nazwa":""},"geometry":{"type":"LineString","coordinates":[[20.45929,49.4115],[20.45843,49.41186]]}},{"type":"Feature","properties":{"kolor":"niebieski","nazwa":""},"geometry":{"type":"LineString","coordinates":[[20.46008,49.41115],[20.45929,49.4115]]}},{"type":"Feature","properties":{"kolor":"niebieski","nazwa":""},"geometry":{"type":"LineString","coordinates":[[20.46012,49.41113],[20.46008,49.41115]]}},{"type":"Feature","properties":{"kolor":"niebieski","nazwa":""},"geometry":{"type":"LineString","coordinates":[[20.4603,49.41098],[20.46012,49.41113]]}},{"type":"Feature","properties":{"kolor":"niebieski","nazwa":""},"geometry":{"type":"LineString","coordinates":[[20.46332,49.40773],[20.46123,49.40968],[20.4603,49.41098]]}},{"type":"Feature","properties":{"kolor":"niebieski","nazwa":""},"geometry":{"type":"LineString","coordinates":[[20.46471,49.40661],[20.46332,49.40773]]}},{"type":"Feature","properties":{"kolor":"niebieski","nazwa":""},"geometry":{"type":"LineString","coordinates":[[20.47295,49.40016],[20.47184,49.40113],[20.46969,49.40257],[20.46761,49.40327],[20.46751,49.40393],[20.46471,49.40661]]}},{"type":"Feature","properties":{"kolor":"niebieski","nazwa":""},"geometry":{"type":"LineString","coordinates":[[20.47295,49.40016],[20.47286,49.40001]]}},{"type":"Feature","properties":{"kolor":"niebieski","nazwa":""},"geometry":{"type":"LineString","coordinates":[[20.47286,49.40001],[20.47282,49.39995]]}},{"type":"Feature","properties":{"kolor":"niebieski","nazwa":""},"geometry":{"type":"LineString","coordinates":[[20.47282,49.39995],[20.4724,49.3995],[20.47155,49.39898]]}},{"type":"Feature","properties":{"kolor":"niebieski","nazwa":""},"geometry":{"type":"LineString","coordinates":[[20.47155,49.39898],[20.47054,49.39858]]}},{"type":"Feature","properties":{"kolor":"niebieski","nazwa":""},"geometry":{"type":"LineString","coordinates":[[20.47054,49.39858],[20.46979,49.39869]]}},{"type":"Feature","properties":{"kolor":"niebieski","nazwa":""},"geometry":{"type":"LineString","coordinates":[[20.46979,49.39869],[20.46919,49.39888],[20.46857,49.39871],[20.46814,49.399],[20.46752,49.39887],[20.46745,49.39921],[20.46662,49.3991],[20.46605,49.3997]]}},{"type":"Feature","properties":{"kolor":"niebieski","nazwa":""},"geometry":{"type":"LineString","coordinates":[[20.46605,49.3997],[20.46506,49.39943]]}},{"type":"Feature","properties":{"kolor":"niebieski","nazwa":""},"geometry":{"type":"LineString","coordinates":[[20.46506,49.39943],[20.46471,49.39884]]}},{"type":"Feature","properties":{"kolor":"niebieski","nazwa":""},"geometry":{"type":"LineString","coordinates":[[20.46471,49.39884],[20.46401,49.39828],[20.46279,49.39788]]}},{"type":"Feature","properties":{"kolor":"niebieski","nazwa":""},"geometry":{"type":"LineString","coordinates":[[20.46279,49.39788],[20.46156,49.39761],[20.4596,49.39687]]}},{"type":"Feature","properties":{"kolor":"niebieski","nazwa":""},"geometry":{"type":"LineString","coordinates":[[20.4596,49.39687],[20.45923,49.39688]]}},{"type":"Feature","properties":{"kolor":"niebieski","nazwa":""},"geometry":{"type":"LineString","coordinates":[[20.45923,49.39688],[20.4586,49.39688],[20.45673,49.39652],[20.45627,49.39623],[20.456,49.39624]]}},{"type":"Feature","properties":{"kolor":"niebieski","nazwa":""},"geometry":{"type":"LineString","coordinates":[[20.456,49.39624],[20.45457,49.39647],[20.4526,49.39656],[20.45053,49.39641],[20.44982,49.39603]]}},{"type":"Feature","properties":{"kolor":"niebieski","nazwa":""},"geometry":{"type":"LineString","coordinates":[[20.44982,49.39603],[20.44973,49.39604]]}},{"type":"Feature","properties":{"kolor":"niebieski","nazwa":""},"geometry":{"type":"LineString","coordinates":[[20.44973,49.39604],[20.44933,49.39635],[20.44813,49.3965],[20.44576,49.39621],[20.44396,49.39564],[20.44261,49.39535],[20.44146,49.39442],[20.44085,49.39361],[20.44035,49.39334],[20.43823,49.39311],[20.43344,49.39152],[20.4315,49.3915]]}},{"type":"Feature","properties":{"kolor":"niebieski","nazwa":""},"geometry":{"type":"LineString","coordinates":[[20.4315,49.3915],[20.43106,49.39169],[20.43043,49.3917]]}},{"type":"Feature","properties":{"kolor":"niebieski","nazwa":""},"geometry":{"type":"LineString","coordinates":[[20.43043,49.3917],[20.42794,49.3919],[20.42779,49.39175],[20.42623,49.39198],[20.42577,49.39191]]}},{"type":"Feature","properties":{"kolor":"niebieski","nazwa":""},"geometry":{"type":"LineString","coordinates":[[20.42577,49.39191],[20.42523,49.39208],[20.4239,49.39222],[20.42339,49.39243],[20.42208,49.39377],[20.42123,49.39445],[20.42075,49.39466]]}},{"type":"Feature","properties":{"kolor":"niebieski","nazwa":""},"geometry":{"type":"LineString","coordinates":[[20.42075,49.39466],[20.42015,49.39491]]}},{"type":"Feature","properties":{"kolor":"niebieski","nazwa":""},"geometry":{"type":"LineString","coordinates":[[20.42015,49.39491],[20.41991,49.39493]]}},{"type":"Feature","properties":{"kolor":"niebieski","nazwa":""},"geometry":{"type":"LineString","coordinates":[[20.41936,49.39528],[20.41991,49.39493]]}},{"type":"Feature","properties":{"kolor":"niebieski","nazwa":""},"geometry":{"type":"LineString","coordinates":[[20.4189,49.39558],[20.41936,49.39528]]}},{"type":"Feature","properties":{"kolor":"niebieski","nazwa":""},"geometry":{"type":"LineString","coordinates":[[20.41741,49.39787],[20.41776,49.39753],[20.41858,49.39589],[20.4189,49.39558]]}},{"type":"Feature","properties":{"kolor":"niebieski","nazwa":""},"geometry":{"type":"LineString","coordinates":[[20.41579,49.39902],[20.41616,49.39886],[20.41741,49.39787]]}},{"type":"Feature","properties":{"kolor":"niebieski","nazwa":""},"geometry":{"type":"LineString","coordinates":[[20.41532,49.39809],[20.41537,49.39871],[20.41579,49.39902]]}},{"type":"Feature","properties":{"kolor":"niebieski","nazwa":""},"geometry":{"type":"LineString","coordinates":[[20.41108,49.39387],[20.41339,49.39539],[20.41514,49.39697],[20.41532,49.39738],[20.41532,49.39809]]}},{"type":"Feature","properties":{"kolor":"czerwony","nazwa":"Pieninská cesta"},"geometry":{"type":"LineString","coordinates":[[20.45793,49.41986],[20.45892,49.42115],[20.45929,49.42232]]}},{"type":"Feature","properties":{"kolor":"czerwony","nazwa":"Pieninská cesta"},"geometry":{"type":"LineString","coordinates":[[20.45293,49.41734],[20.45421,49.41764],[20.45589,49.41829],[20.45793,49.41986]]}},{"type":"Feature","properties":{"kolor":"czerwony","nazwa":"Pieninská cesta"},"geometry":{"type":"LineString","coordinates":[[20.44664,49.4164],[20.44728,49.4166],[20.44804,49.41665],[20.45006,49.41652],[20.45093,49.41685],[20.4519,49.41698],[20.45293,49.41734]]}},{"type":"Feature","properties":{"kolor":"czerwony","nazwa":"Pieninská cesta"},"geometry":{"type":"LineString","coordinates":[[20.44664,49.4164],[20.44652,49.41625]]}},{"type":"Feature","properties":{"kolor":"czerwony","nazwa":"Pieninská cesta"},"geometry":{"type":"LineString","coordinates":[[20.44652,49.41625],[20.4468,49.41573]]}},{"type":"Feature","properties":{"kolor":"czerwony","nazwa":"Pieninská cesta"},"geometry":{"type":"LineString","coordinates":[[20.4468,49.41573],[20.44892,49.41415]]}},{"type":"Feature","properties":{"kolor":"czerwony","nazwa":"Pieninská cesta"},"geometry":{"type":"LineString","coordinates":[[20.44905,49.41406],[20.44892,49.41415]]}},{"type":"Feature","properties":{"kolor":"czerwony","nazwa":"Pieninská cesta"},"geometry":{"type":"LineString","coordinates":[[20.44905,49.41406],[20.44961,49.41388],[20.45016,49.41406]]}},{"type":"Feature","properties":{"kolor":"czerwony","nazwa":"Pieninská cesta"},"geometry":{"type":"LineString","coordinates":[[20.45016,49.41406],[20.45011,49.41397]]}},{"type":"Feature","properties":{"kolor":"czerwony","nazwa":"Pieninská cesta"},"geometry":{"type":"LineString","coordinates":[[20.45011,49.41397],[20.45028,49.4139]]}},{"type":"Feature","properties":{"kolor":"czerwony","nazwa":"Pieninská cesta"},"geometry":{"type":"LineString","coordinates":[[20.45028,49.4139],[20.45035,49.41384]]}},{"type":"Feature","properties":{"kolor":"czerwony","nazwa":"Pieninská cesta"},"geometry":{"type":"LineString","coordinates":[[20.45035,49.41384],[20.45077,49.41346],[20.45158,49.41304],[20.45162,49.41259],[20.45106,49.41211],[20.45028,49.41185],[20.44979,49.41188],[20.44864,49.4117],[20.44683,49.41162],[20.44603,49.41171],[20.44496,49.412],[20.44429,49.41231],[20.44312,49.41335],[20.44247,49.41372],[20.44048,49.41415],[20.43875,49.41425],[20.43792,49.41451],[20.43704,49.41552],[20.43645,49.41726]]}},{"type":"Feature","properties":{"kolor":"czerwony","nazwa":"Pieninská cesta"},"geometry":{"type":"LineString","coordinates":[[20.43645,49.41726],[20.43571,49.41746],[20.43358,49.41735]]}},{"type":"Feature","properties":{"kolor":"czerwony","nazwa":"Pieninská cesta"},"geometry":{"type":"LineString","coordinates":[[20.43358,49.41735],[20.43227,49.41705],[20.43101,49.41643],[20.43047,49.41589],[20.42995,49.41431],[20.4295,49.41215],[20.42983,49.41118],[20.4298,49.40989],[20.42917,49.40828],[20.42938,49.40809],[20.42988,49.40806],[20.43187,49.40847],[20.43358,49.40845],[20.43517,49.40815],[20.43668,49.40751],[20.43716,49.40718],[20.43748,49.40669],[20.43749,49.40575],[20.43649,49.40398]]}},{"type":"Feature","properties":{"kolor":"czerwony","nazwa":"Pieninská cesta"},"geometry":{"type":"LineString","coordinates":[[20.43649,49.40398],[20.43633,49.40388]]}},{"type":"Feature","properties":{"kolor":"czerwony","nazwa":"Pieninská cesta"},"geometry":{"type":"LineString","coordinates":[[20.43633,49.40388],[20.43515,49.40215],[20.43516,49.40131],[20.43556,49.40063],[20.43569,49.40001]]}},{"type":"Feature","properties":{"kolor":"czerwony","nazwa":"Pieninská cesta"},"geometry":{"type":"LineString","coordinates":[[20.43569,49.40001],[20.43569,49.39995]]}},{"type":"Feature","properties":{"kolor":"czerwony","nazwa":"Pieninská cesta"},"geometry":{"type":"LineString","coordinates":[[20.43569,49.39995],[20.43555,49.39886],[20.43438,49.39704]]}},{"type":"Feature","properties":{"kolor":"czerwony","nazwa":"Pieninská cesta"},"geometry":{"type":"LineString","coordinates":[[20.43438,49.39704],[20.43431,49.39696]]}},{"type":"Feature","properties":{"kolor":"czerwony","nazwa":"Pieninská cesta"},"geometry":{"type":"LineString","coordinates":[[20.43431,49.39696],[20.4337,49.39639],[20.43178,49.39555],[20.43088,49.39561],[20.42995,49.39638],[20.42757,49.40186],[20.42727,49.4021],[20.42429,49.40311],[20.41986,49.40526],[20.4191,49.4054],[20.41783,49.4054]]}},{"type":"Feature","properties":{"kolor":"czerwony","nazwa":"Pieninská cesta"},"geometry":{"type":"LineString","coordinates":[[20.41783,49.4054],[20.41663,49.405]]}},{"type":"Feature","properties":{"kolor":"czerwony","nazwa":"Pieninská cesta"},"geometry":{"type":"LineString","coordinates":[[20.41663,49.405],[20.41643,49.40452],[20.41656,49.40309]]}},{"type":"Feature","properties":{"kolor":"czerwony","nazwa":"Pieninská cesta"},"geometry":{"type":"LineString","coordinates":[[20.41662,49.40092],[20.41687,49.40192],[20.41685,49.40247],[20.41656,49.40309]]}},{"type":"Feature","properties":{"kolor":"czerwony","nazwa":"Pieninská cesta"},"geometry":{"type":"LineString","coordinates":[[20.417,49.40033],[20.41662,49.40092]]}},{"type":"Feature","properties":{"kolor":"czerwony","nazwa":"Pieninská cesta"},"geometry":{"type":"LineString","coordinates":[[20.417,49.40033],[20.41657,49.39984]]}},{"type":"Feature","properties":{"kolor":"czerwony","nazwa":"Pieninská cesta"},"geometry":{"type":"LineString","coordinates":[[20.41657,49.39984],[20.41655,49.39982]]}},{"type":"Feature","properties":{"kolor":"czerwony","nazwa":"Pieninská cesta"},"geometry":{"type":"LineString","coordinates":[[20.41655,49.39982],[20.4164,49.39965]]}},{"type":"Feature","properties":{"kolor":"czerwony","nazwa":"Pieninská cesta"},"geometry":{"type":"LineString","coordinates":[[20.4164,49.39965],[20.41621,49.39943]]}},{"type":"Feature","properties":{"kolor":"czerwony","nazwa":"Pieninská cesta"},"geometry":{"type":"LineString","coordinates":[[20.41621,49.39943],[20.41613,49.39933]]}},{"type":"Feature","properties":{"kolor":"czerwony","nazwa":"Pieninská cesta"},"geometry":{"type":"LineString","coordinates":[[20.41613,49.39933],[20.41579,49.39902]]}},{"type":"Feature","properties":{"kolor":"czerwony","nazwa":"Pieninská cesta"},"geometry":{"type":"LineString","coordinates":[[20.41579,49.39902],[20.41616,49.39886],[20.41741,49.39787]]}},{"type":"Feature","properties":{"kolor":"czerwony","nazwa":"Pieninská cesta"},"geometry":{"type":"LineString","coordinates":[[20.41741,49.39787],[20.41776,49.39753],[20.41858,49.39589],[20.4189,49.39558]]}},{"type":"Feature","properties":{"kolor":"czerwony","nazwa":"Pieninská cesta"},"geometry":{"type":"LineString","coordinates":[[20.4189,49.39558],[20.41936,49.39528]]}},{"type":"Feature","properties":{"kolor":"czerwony","nazwa":"Pieninská cesta"},"geometry":{"type":"LineString","coordinates":[[20.41936,49.39528],[20.41991,49.39493]]}},{"type":"Feature","properties":{"kolor":"czerwony","nazwa":"Pieninská cesta"},"geometry":{"type":"LineString","coordinates":[[20.42015,49.39491],[20.41991,49.39493]]}},{"type":"Feature","properties":{"kolor":"czerwony","nazwa":"Pieninská cesta"},"geometry":{"type":"LineString","coordinates":[[20.42075,49.39466],[20.42015,49.39491]]}},{"type":"Feature","properties":{"kolor":"czerwony","nazwa":"Pieninská cesta"},"geometry":{"type":"LineString","coordinates":[[20.42577,49.39191],[20.42523,49.39208],[20.4239,49.39222],[20.42339,49.39243],[20.42208,49.39377],[20.42123,49.39445],[20.42075,49.39466]]}},{"type":"Feature","properties":{"kolor":"czerwony","nazwa":"Pieninská cesta"},"geometry":{"type":"LineString","coordinates":[[20.43043,49.3917],[20.42794,49.3919],[20.42779,49.39175],[20.42623,49.39198],[20.42577,49.39191]]}},{"type":"Feature","properties":{"kolor":"czerwony","nazwa":"Pieninská cesta"},"geometry":{"type":"LineString","coordinates":[[20.4315,49.3915],[20.43106,49.39169],[20.43043,49.3917]]}},{"type":"Feature","properties":{"kolor":"czerwony","nazwa":"Pieninská cesta"},"geometry":{"type":"LineString","coordinates":[[20.4315,49.3915],[20.43208,49.39079],[20.4331,49.39004]]}},{"type":"Feature","properties":{"kolor":"czerwony","nazwa":"Pieninská cesta"},"geometry":{"type":"LineString","coordinates":[[20.4331,49.39004],[20.4337,49.39027],[20.434,49.39],[20.43464,49.38971]]}},{"type":"Feature","properties":{"kolor":"czerwony","nazwa":"Pieninská cesta"},"geometry":{"type":"LineString","coordinates":[[20.43464,49.38971],[20.43668,49.39039],[20.43722,49.39039]]}},{"type":"Feature","properties":{"kolor":"czerwony","nazwa":"Pieninská cesta"},"geometry":{"type":"LineString","coordinates":[[20.43722,49.39039],[20.43754,49.39021],[20.4376,49.38959],[20.4382,49.38908]]}},{"type":"Feature","properties":{"kolor":"czerwony","nazwa":"Pieninská cesta"},"geometry":{"type":"LineString","coordinates":[[20.4382,49.38908],[20.44292,49.39005],[20.44397,49.39001],[20.44631,49.3902],[20.44744,49.39013],[20.44789,49.39042],[20.44807,49.39112],[20.44908,49.39186],[20.45008,49.39105],[20.45091,49.39064],[20.45159,49.38971],[20.45157,49.38875],[20.45078,49.38797],[20.45086,49.38761],[20.45504,49.38666],[20.45772,49.38628],[20.45929,49.38638],[20.45994,49.38621]]}},{"type":"Feature","properties":{"kolor":"czerwony","nazwa":"Pieninská cesta"},"geometry":{"type":"LineString","coordinates":[[20.45994,49.38621],[20.4612,49.38624]]}},{"type":"Feature","properties":{"kolor":"czerwony","nazwa":"Pieninská cesta"},"geometry":{"type":"LineString","coordinates":[[20.4612,49.38624],[20.46258,49.38642],[20.46428,49.38629],[20.46715,49.38676],[20.46865,49.38679],[20.46994,49.38626],[20.47017,49.38541],[20.4715,49.38497],[20.47201,49.38444],[20.47387,49.38437]]}},{"type":"Feature","properties":{"kolor":"czerwony","nazwa":"Pieninská cesta"},"geometry":{"type":"LineString","coordinates":[[20.47387,49.38437],[20.47413,49.38434],[20.47542,49.38482],[20.47712,49.38516],[20.47955,49.38514],[20.48123,49.3849],[20.48531,49.38367],[20.48824,49.38329]]}},{"type":"Feature","properties":{"kolor":"czerwony","nazwa":"Pieninská cesta"},"geometry":{"type":"LineString","coordinates":[[20.48824,49.38329],[20.49016,49.38308],[20.49164,49.38278],[20.49279,49.3828]]}},{"type":"Feature","properties":{"kolor":"czerwony","nazwa":"Pieninská cesta"},"geometry":{"type":"LineString","coordinates":[[20.49279,49.3828],[20.49342,49.38278]]}},{"type":"Feature","properties":{"kolor":"czerwony","nazwa":"Pieninská cesta"},"geometry":{"type":"LineString","coordinates":[[20.49656,49.37768],[20.49622,49.37817],[20.49579,49.37841],[20.49541,49.37909],[20.49558,49.38109],[20.49457,49.38163],[20.49416,49.3822],[20.49322,49.3823],[20.49311,49.38255],[20.49342,49.38278]]}},{"type":"Feature","properties":{"kolor":"czerwony","nazwa":"Pieninská cesta"},"geometry":{"type":"LineString","coordinates":[[20.49689,49.37683],[20.49654,49.37741],[20.49656,49.37768]]}},{"type":"Feature","properties":{"kolor":"czerwony","nazwa":"Pieninská cesta"},"geometry":{"type":"LineString","coordinates":[[20.49808,49.37629],[20.4975,49.37646],[20.49689,49.37683]]}},{"type":"Feature","properties":{"kolor":"czerwony","nazwa":"Pieninská cesta"},"geometry":{"type":"LineString","coordinates":[[20.5001,49.37535],[20.49986,49.37556],[20.49808,49.37629]]}},{"type":"Feature","properties":{"kolor":"czerwony","nazwa":"Pieninská cesta"},"geometry":{"type":"LineString","coordinates":[[20.49981,49.37466],[20.5001,49.37535]]}},{"type":"Feature","properties":{"kolor":"czerwony","nazwa":"Pieninská cesta"},"geometry":{"type":"LineString","coordinates":[[20.49981,49.37466],[20.50175,49.37382],[20.50294,49.37362]]}},{"type":"Feature","properties":{"kolor":"czerwony","nazwa":"Pieninská cesta"},"geometry":{"type":"LineString","coordinates":[[20.50341,49.37342],[20.50294,49.37362]]}},{"type":"Feature","properties":{"kolor":"czerwony","nazwa":"Pieninská cesta"},"geometry":{"type":"LineString","coordinates":[[20.50358,49.37334],[20.50341,49.37342]]}},{"type":"Feature","properties":{"kolor":"czerwony","nazwa":"Pieninská cesta"},"geometry":{"type":"LineString","coordinates":[[20.50366,49.3733],[20.50358,49.37334]]}},{"type":"Feature","properties":{"kolor":"czerwony","nazwa":"Pieninská cesta"},"geometry":{"type":"LineString","coordinates":[[20.50366,49.3733],[20.5041,49.3731],[20.5044,49.37229]]}},{"type":"Feature","properties":{"kolor":"czerwony","nazwa":"Pieninská cesta"},"geometry":{"type":"LineString","coordinates":[[20.50436,49.37226],[20.5044,49.37229]]}},{"type":"Feature","properties":{"kolor":"czerwony","nazwa":"Pieninská cesta"},"geometry":{"type":"LineString","coordinates":[[20.50272,49.36888],[20.50311,49.37137],[20.50422,49.37178],[20.50436,49.37226]]}},{"type":"Feature","properties":{"kolor":"czerwony","nazwa":"Pieninská cesta"},"geometry":{"type":"LineString","coordinates":[[20.50332,49.36748],[20.50327,49.36854],[20.50272,49.36888]]}},{"type":"Feature","properties":{"kolor":"czerwony","nazwa":"Pieninská cesta"},"geometry":{"type":"LineString","coordinates":[[20.50161,49.36384],[20.50243,49.36548],[20.50328,49.36661],[20.50348,49.36712],[20.50332,49.36748]]}},{"type":"Feature","properties":{"kolor":"czerwony","nazwa":"Pieninská cesta"},"geometry":{"type":"LineString","coordinates":[[20.50129,49.36245],[20.50125,49.36318],[20.50161,49.36384]]}},{"type":"Feature","properties":{"kolor":"czerwony","nazwa":"Pieninská cesta"},"geometry":{"type":"LineString","coordinates":[[20.50117,49.36118],[20.50129,49.36245]]}},{"type":"Feature","properties":{"kolor":"czerwony","nazwa":"Pieninská cesta"},"geometry":{"type":"LineString","coordinates":[[20.50731,49.34896],[20.5058,49.35057],[20.50527,49.3507],[20.50396,49.35068],[20.50338,49.35137],[20.50299,49.35306],[20.50236,49.35462],[20.50186,49.35509],[20.50153,49.35572],[20.50184,49.35684],[20.50133,49.35816],[20.50162,49.35915],[20.50116,49.35985],[20.50094,49.36051],[20.50117,49.36118]]}},{"type":"Feature","properties":{"kolor":"czerwony","nazwa":"Pieninská cesta"},"geometry":{"type":"LineString","coordinates":[[20.50939,49.34173],[20.50957,49.34244],[20.51007,49.34293],[20.51019,49.34359],[20.51012,49.34381],[20.5095,49.3443],[20.50919,49.34473],[20.50905,49.34542],[20.50831,49.34606],[20.50826,49.34627],[20.50852,49.34677],[20.50836,49.34723],[20.50852,49.34764],[20.50842,49.34803],[20.50809,49.34843],[20.50731,49.34896]]}},{"type":"Feature","properties":{"kolor":"czerwony","nazwa":"Pieninská cesta"},"geometry":{"type":"LineString","coordinates":[[20.51135,49.33507],[20.51135,49.3354],[20.50974,49.33694],[20.50965,49.33753],[20.51,49.33843],[20.5093,49.33918],[20.50909,49.34036],[20.50875,49.34098],[20.50888,49.34129],[20.50939,49.34173]]}},{"type":"Feature","properties":{"kolor":"czerwony","nazwa":"Pieninská cesta"},"geometry":{"type":"LineString","coordinates":[[20.51375,49.33494],[20.51196,49.33511],[20.51135,49.33507]]}},{"type":"Feature","properties":{"kolor":"czerwony","nazwa":"Pieninská cesta"},"geometry":{"type":"LineString","coordinates":[[20.51625,49.33482],[20.51375,49.33494]]}},{"type":"Feature","properties":{"kolor":"czerwony","nazwa":"Pieninská cesta"},"geometry":{"type":"LineString","coordinates":[[20.51716,49.33489],[20.51625,49.33482]]}},{"type":"Feature","properties":{"kolor":"czerwony","nazwa":"Pieninská cesta"},"geometry":{"type":"LineString","coordinates":[[20.51535,49.33309],[20.51555,49.33367],[20.51685,49.33441],[20.51716,49.33489]]}},{"type":"Feature","properties":{"kolor":"czerwony","nazwa":"Pieninská cesta"},"geometry":{"type":"LineString","coordinates":[[20.51752,49.3334],[20.51597,49.33221],[20.51588,49.33184],[20.51535,49.33309]]}},{"type":"Feature","properties":{"kolor":"czerwony","nazwa":"Pieninská cesta"},"geometry":{"type":"LineString","coordinates":[[20.51765,49.33345],[20.51752,49.3334]]}},{"type":"Feature","properties":{"kolor":"czerwony","nazwa":"Pieninská cesta"},"geometry":{"type":"LineString","coordinates":[[20.53295,49.33192],[20.53152,49.33277],[20.53035,49.33314],[20.5294,49.33369],[20.52823,49.33393],[20.52772,49.33382],[20.52738,49.33357],[20.52621,49.33341],[20.52575,49.33362],[20.52387,49.33336],[20.52217,49.33351],[20.52093,49.33337],[20.519,49.33373],[20.51765,49.33345]]}},{"type":"Feature","properties":{"kolor":"czerwony","nazwa":"Pieninská cesta"},"geometry":{"type":"LineString","coordinates":[[20.55426,49.31196],[20.55387,49.31241],[20.55371,49.31298],[20.55388,49.31362],[20.55372,49.31383],[20.55262,49.31456],[20.55096,49.31513],[20.55052,49.31548],[20.55025,49.31609],[20.54956,49.31618],[20.54869,49.31654],[20.54672,49.31841],[20.54593,49.31893],[20.54541,49.32021],[20.54479,49.32051],[20.54351,49.32147],[20.54217,49.32205],[20.54147,49.32265],[20.53952,49.32287],[20.53833,49.32315],[20.53736,49.32382],[20.53541,49.3244],[20.53424,49.3254],[20.53389,49.32574],[20.53398,49.32625],[20.53369,49.32743],[20.53404,49.32931],[20.53365,49.33046],[20.53282,49.33095],[20.53295,49.33192]]}},{"type":"Feature","properties":{"kolor":"czerwony","nazwa":"Pieninská cesta"},"geometry":{"type":"LineString","coordinates":[[20.55436,49.31178],[20.55426,49.31196]]}},{"type":"Feature","properties":{"kolor":"czerwony","nazwa":"Pieninská cesta"},"geometry":{"type":"LineString","coordinates":[[20.55761,49.30668],[20.55774,49.30716],[20.55737,49.30742],[20.55708,49.30794],[20.55635,49.30872],[20.55603,49.30896],[20.55482,49.30936],[20.55437,49.30971],[20.55454,49.31071],[20.55436,49.31178]]}},{"type":"Feature","properties":{"kolor":"zielony","nazwa":"Tylmanowa - Lubań"},"geometry":{"type":"LineString","coordinates":[[20.3472,49.48703],[20.34833,49.48701],[20.35034,49.4885],[20.35101,49.48876],[20.35153,49.48882],[20.35164,49.48899],[20.35151,49.48932]]}},{"type":"Feature","properties":{"kolor":"zielony","nazwa":"Tylmanowa - Lubań"},"geometry":{"type":"LineString","coordinates":[[20.35151,49.48932],[20.35128,49.49054]]}},{"type":"Feature","properties":{"kolor":"zielony","nazwa":"Tylmanowa - Lubań"},"geometry":{"type":"LineString","coordinates":[[20.35128,49.49054],[20.35169,49.49081]]}},{"type":"Feature","properties":{"kolor":"zielony","nazwa":"Tylmanowa - Lubań"},"geometry":{"type":"LineString","coordinates":[[20.35169,49.49081],[20.35237,49.49143],[20.35266,49.49205]]}},{"type":"Feature","properties":{"kolor":"zielony","nazwa":"Tylmanowa - Lubań"},"geometry":{"type":"LineString","coordinates":[[20.35266,49.49205],[20.35323,49.49274],[20.35386,49.49304],[20.3554,49.49347],[20.35648,49.49396],[20.35707,49.49456],[20.35815,49.49462],[20.35959,49.49528]]}},{"type":"Feature","properties":{"kolor":"zielony","nazwa":"Tylmanowa - Lubań"},"geometry":{"type":"LineString","coordinates":[[20.35959,49.49528],[20.36167,49.49593]]}},{"type":"Feature","properties":{"kolor":"zielony","nazwa":"Tylmanowa - Lubań"},"geometry":{"type":"LineString","coordinates":[[20.36192,49.496],[20.36167,49.49593]]}},{"type":"Feature","properties":{"kolor":"zielony","nazwa":"Tylmanowa - Lubań"},"geometry":{"type":"LineString","coordinates":[[20.36192,49.496],[20.36287,49.49599],[20.36403,49.49625],[20.36565,49.49686]]}},{"type":"Feature","properties":{"kolor":"zielony","nazwa":"Tylmanowa - Lubań"},"geometry":{"type":"LineString","coordinates":[[20.36565,49.49686],[20.36669,49.49733],[20.36695,49.49762],[20.36736,49.4975],[20.36749,49.49757],[20.36839,49.49845],[20.36913,49.49983]]}},{"type":"Feature","properties":{"kolor":"zielony","nazwa":"Tylmanowa - Lubań"},"geometry":{"type":"LineString","coordinates":[[20.36913,49.49983],[20.36963,49.50022],[20.37115,49.50066],[20.37223,49.50125],[20.37226,49.50161],[20.37176,49.50289]]}},{"type":"Feature","properties":{"kolor":"zielony","nazwa":"Tylmanowa - Lubań"},"geometry":{"type":"LineString","coordinates":[[20.37176,49.50289],[20.37218,49.5037],[20.37251,49.504],[20.37312,49.50432],[20.37415,49.50458],[20.37566,49.50552]]}},{"type":"Feature","properties":{"kolor":"zielony","nazwa":"Tylmanowa - Lubań"},"geometry":{"type":"LineString","coordinates":[[20.37566,49.50552],[20.3768,49.50602],[20.37729,49.50662],[20.37879,49.50681],[20.38145,49.50783],[20.3816,49.50809],[20.38077,49.50832],[20.38071,49.50846],[20.38125,49.50896],[20.38195,49.50936],[20.3824,49.50949],[20.38398,49.50949]]}},{"type":"Feature","properties":{"kolor":"zielony","nazwa":"Tylmanowa - Lubań"},"geometry":{"type":"LineString","coordinates":[[20.38398,49.50949],[20.38492,49.5094]]}},{"type":"Feature","properties":{"kolor":"zielony","nazwa":"Tylmanowa - Lubań"},"geometry":{"type":"LineString","coordinates":[[20.38492,49.5094],[20.3854,49.51007],[20.38602,49.51031],[20.3868,49.511],[20.38866,49.51164]]}},{"type":"Feature","properties":{"kolor":"zielony","nazwa":"Tylmanowa - Lubań"},"geometry":{"type":"LineString","coordinates":[[20.38866,49.51164],[20.38944,49.51155],[20.39033,49.51169]]}},{"type":"Feature","properties":{"kolor":"zielony","nazwa":"Tylmanowa - Lubań"},"geometry":{"type":"LineString","coordinates":[[20.39033,49.51169],[20.39031,49.51198]]}},{"type":"Feature","properties":{"kolor":"zielony","nazwa":"Tylmanowa - Lubań"},"geometry":{"type":"LineString","coordinates":[[20.39031,49.51198],[20.39052,49.51204],[20.39133,49.51351],[20.39248,49.51461]]}},{"type":"Feature","properties":{"kolor":"zielony","nazwa":"Tylmanowa - Lubań"},"geometry":{"type":"LineString","coordinates":[[20.39248,49.51461],[20.39118,49.51499]]}},{"type":"Feature","properties":{"kolor":"zielony","nazwa":"Tylmanowa - Lubań"},"geometry":{"type":"LineString","coordinates":[[20.39118,49.51499],[20.39109,49.51533],[20.39238,49.51577],[20.39359,49.5168],[20.39466,49.51708],[20.3954,49.5171],[20.39623,49.51694],[20.39667,49.51704]]}},{"type":"Feature","properties":{"kolor":"zielony","nazwa":"Tylmanowa - Lubań"},"geometry":{"type":"LineString","coordinates":[[20.39667,49.51704],[20.39837,49.51663]]}},{"type":"Feature","properties":{"kolor":"zielony","nazwa":"Tylmanowa - Lubań"},"geometry":{"type":"LineString","coordinates":[[20.39837,49.51663],[20.39893,49.51608]]}},{"type":"Feature","properties":{"kolor":"zielony","nazwa":"Tylmanowa - Lubań"},"geometry":{"type":"LineString","coordinates":[[20.39893,49.51608],[20.3988,49.516]]}},{"type":"Feature","properties":{"kolor":"niebieski","nazwa":"Brzeźnica - Kacwin"},"geometry":{"type":"LineString","coordinates":[[20.29289,49.37389],[20.29199,49.37438],[20.29174,49.37504]]}},{"type":"Feature","properties":{"kolor":"niebieski","nazwa":"Brzeźnica - Kacwin"},"geometry":{"type":"LineString","coordinates":[[20.29121,49.37498],[20.29174,49.37504]]}},{"type":"Feature","properties":{"kolor":"niebieski","nazwa":"Brzeźnica - Kacwin"},"geometry":{"type":"LineString","coordinates":[[20.29098,49.375],[20.29121,49.37498]]}},{"type":"Feature","properties":{"kolor":"niebieski","nazwa":"Brzeźnica - Kacwin"},"geometry":{"type":"LineString","coordinates":[[20.29085,49.37501],[20.29098,49.375]]}},{"type":"Feature","properties":{"kolor":"niebieski","nazwa":"Brzeźnica - Kacwin"},"geometry":{"type":"LineString","coordinates":[[20.29066,49.37558],[20.29085,49.37501]]}},{"type":"Feature","properties":{"kolor":"niebieski","nazwa":"Brzeźnica - Kacwin"},"geometry":{"type":"LineString","coordinates":[[20.29066,49.37558],[20.2892,49.37525],[20.28698,49.37512],[20.28361,49.37417],[20.27942,49.37353]]}},{"type":"Feature","properties":{"kolor":"niebieski","nazwa":"Brzeźnica - Kacwin"},"geometry":{"type":"LineString","coordinates":[[20.27942,49.37353],[20.27598,49.37303],[20.2738,49.37311],[20.27325,49.37291],[20.27211,49.37208],[20.27107,49.3717],[20.27027,49.37152],[20.26821,49.37137],[20.267,49.37082],[20.26438,49.36997],[20.26435,49.36965],[20.26384,49.36939],[20.26325,49.36876],[20.26165,49.36774],[20.25853,49.36653],[20.25817,49.36617],[20.258,49.36516],[20.25774,49.36465],[20.2578,49.36375],[20.25762,49.36288],[20.25719,49.36219],[20.2576,49.35736],[20.25735,49.35627],[20.25514,49.35615],[20.25211,49.3565],[20.25143,49.35635],[20.25004,49.35572],[20.2493,49.35514],[20.24873,49.35492],[20.24886,49.35451],[20.24879,49.3532],[20.2491,49.352],[20.24849,49.35136],[20.24818,49.35124],[20.24707,49.35155],[20.24599,49.35222],[20.24475,49.35223],[20.24335,49.35271],[20.2429,49.35276],[20.24233,49.35251],[20.2418,49.35179],[20.23959,49.35043],[20.23926,49.35039],[20.23897,49.35074],[20.23858,49.3509]]}},{"type":"Feature","properties":{"kolor":"niebieski","nazwa":"Brzeźnica - Kacwin"},"geometry":{"type":"LineString","coordinates":[[20.23858,49.3509],[20.23774,49.34972],[20.23721,49.34927],[20.23598,49.3486],[20.23517,49.34833],[20.23306,49.34716],[20.23137,49.3467]]}},{"type":"Feature","properties":{"kolor":"niebieski","nazwa":"Brzeźnica - Kacwin"},"geometry":{"type":"LineString","coordinates":[[20.23137,49.3467],[20.23094,49.34732],[20.23069,49.34837],[20.23016,49.34927],[20.23024,49.3497],[20.23005,49.35085],[20.22973,49.35143],[20.22974,49.35188]]}},{"type":"Feature","properties":{"kolor":"zielony","nazwa":"Grywałd - Polana Gabrowska"},"geometry":{"type":"LineString","coordinates":[[20.22504,49.55601],[20.22642,49.55622],[20.22714,49.55648],[20.22818,49.55667],[20.22935,49.55667],[20.2304,49.55626]]}},{"type":"Feature","properties":{"kolor":"zielony","nazwa":"Grywałd - Polana Gabrowska"},"geometry":{"type":"LineString","coordinates":[[20.2304,49.55626],[20.23178,49.55687],[20.2339,49.55696],[20.23571,49.55755],[20.23684,49.55756],[20.23785,49.55794],[20.23855,49.55799],[20.23953,49.55825],[20.24099,49.55885],[20.24228,49.55963]]}},{"type":"Feature","properties":{"kolor":"zielony","nazwa":"Grywałd - Polana Gabrowska"},"geometry":{"type":"LineString","coordinates":[[20.24228,49.55963],[20.24241,49.5598],[20.2434,49.56025],[20.24657,49.56122],[20.25009,49.56324]]}},{"type":"Feature","properties":{"kolor":"zielony","nazwa":"Grywałd - Polana Gabrowska"},"geometry":{"type":"LineString","coordinates":[[20.24983,49.5605],[20.24932,49.56131],[20.25009,49.56324]]}},{"type":"Feature","properties":{"kolor":"zielony","nazwa":"Grywałd - Polana Gabrowska"},"geometry":{"type":"LineString","coordinates":[[20.24983,49.5605],[20.24809,49.55941],[20.24772,49.55872],[20.24771,49.55789]]}},{"type":"Feature","properties":{"kolor":"zielony","nazwa":"Grywałd - Polana Gabrowska"},"geometry":{"type":"LineString","coordinates":[[20.24771,49.55789],[20.2478,49.55713],[20.24824,49.55658],[20.24849,49.55555],[20.24835,49.55414],[20.24846,49.5534],[20.24911,49.55234],[20.24904,49.55121],[20.25087,49.54954]]}},{"type":"Feature","properties":{"kolor":"zielony","nazwa":"Grywałd - Polana Gabrowska"},"geometry":{"type":"LineString","coordinates":[[20.25087,49.54954],[20.25156,49.5491],[20.25244,49.54779],[20.25335,49.54701],[20.25444,49.54634],[20.25654,49.5455],[20.25818,49.54466],[20.26039,49.5439],[20.26091,49.54348],[20.26163,49.54366],[20.26281,49.54354],[20.26493,49.54263],[20.26537,49.54226],[20.26595,49.54201],[20.26676,49.54209],[20.26721,49.54202],[20.26765,49.54159],[20.26862,49.54105],[20.27163,49.5405],[20.27609,49.53871],[20.27692,49.53869],[20.27755,49.53895],[20.27812,49.53893],[20.27913,49.53786],[20.27935,49.5378],[20.28113,49.53762],[20.28254,49.53779],[20.28321,49.5376],[20.28383,49.5378],[20.2849,49.53786],[20.28551,49.53703],[20.28586,49.53697],[20.28659,49.5372],[20.28692,49.53688],[20.28707,49.53688],[20.28841,49.53765],[20.28943,49.53803],[20.29087,49.53835],[20.29336,49.53809],[20.29354,49.53818],[20.29362,49.53845],[20.29401,49.5386]]}},{"type":"Feature","properties":{"kolor":"zielony","nazwa":"Grywałd - Polana Gabrowska"},"geometry":{"type":"LineString","coordinates":[[20.29974,49.53461],[20.29946,49.53554],[20.29825,49.53693],[20.29695,49.53758],[20.29594,49.53789],[20.29495,49.53837],[20.29401,49.5386]]}},{"type":"Feature","properties":{"kolor":"zielony","nazwa":"Grywałd - Polana Gabrowska"},"geometry":{"type":"LineString","coordinates":[[20.30754,49.52492],[20.30739,49.52608],[20.30663,49.52739],[20.30527,49.52798],[20.30417,49.52883],[20.30356,49.53056],[20.30269,49.53188],[20.30086,49.53342],[20.29974,49.53461]]}},{"type":"Feature","properties":{"kolor":"zielony","nazwa":"Grywałd - Polana Gabrowska"},"geometry":{"type":"LineString","coordinates":[[20.3076,49.52454],[20.30754,49.52492]]}},{"type":"Feature","properties":{"kolor":"zielony","nazwa":"Grywałd - Polana Gabrowska"},"geometry":{"type":"LineString","coordinates":[[20.30765,49.52424],[20.3076,49.52454]]}},{"type":"Feature","properties":{"kolor":"zielony","nazwa":"Grywałd - Polana Gabrowska"},"geometry":{"type":"LineString","coordinates":[[20.30507,49.52351],[20.30607,49.52398],[20.30765,49.52424]]}},{"type":"Feature","properties":{"kolor":"zielony","nazwa":"Grywałd - Polana Gabrowska"},"geometry":{"type":"LineString","coordinates":[[20.30507,49.52351],[20.3055,49.52266],[20.30667,49.52104],[20.30665,49.51957],[20.30565,49.51857],[20.30533,49.51785],[20.30431,49.51731],[20.30413,49.5171],[20.30372,49.51618],[20.30368,49.51554],[20.30437,49.51425],[20.30439,49.51357],[20.30459,49.51322],[20.30449,49.51264],[20.30533,49.512],[20.3055,49.51157],[20.30602,49.51097],[20.30611,49.51022]]}},{"type":"Feature","properties":{"kolor":"zielony","nazwa":"Grywałd - Polana Gabrowska"},"geometry":{"type":"LineString","coordinates":[[20.30611,49.51022],[20.30593,49.50978],[20.30594,49.50905],[20.30619,49.50866],[20.30619,49.50792],[20.30661,49.50745]]}},{"type":"Feature","properties":{"kolor":"zielony","nazwa":"Grywałd - Polana Gabrowska"},"geometry":{"type":"LineString","coordinates":[[20.30661,49.50745],[20.30685,49.50675],[20.30875,49.50663],[20.30911,49.50647],[20.30949,49.50607],[20.30939,49.50572],[20.30826,49.50464],[20.307,49.50277],[20.30695,49.50203],[20.30648,49.50084],[20.30698,49.5003],[20.30838,49.49954],[20.30833,49.49861],[20.3089,49.49794],[20.30896,49.49737],[20.30941,49.49642],[20.30932,49.49587],[20.30984,49.49511],[20.30963,49.49438],[20.30799,49.49378],[20.30763,49.49337],[20.3084,49.49274],[20.30837,49.49236],[20.30787,49.49194],[20.30801,49.49155]]}},{"type":"Feature","properties":{"kolor":"zielony","nazwa":"Grywałd - Polana Gabrowska"},"geometry":{"type":"LineString","coordinates":[[20.30801,49.49155],[20.31038,49.49126],[20.31343,49.49131],[20.31778,49.491]]}},{"type":"Feature","properties":{"kolor":"zielony","nazwa":"Grywałd - Polana Gabrowska"},"geometry":{"type":"LineString","coordinates":[[20.31778,49.491],[20.32094,49.49098],[20.32269,49.49123],[20.32506,49.49124],[20.32606,49.49102],[20.32765,49.49041],[20.32843,49.49058],[20.32997,49.4906]]}},{"type":"Feature","properties":{"kolor":"zielony","nazwa":"Grywałd - Polana Gabrowska"},"geometry":{"type":"LineString","coordinates":[[20.32997,49.4906],[20.33276,49.49051]]}},{"type":"Feature","properties":{"kolor":"zielony","nazwa":"Grywałd - Polana Gabrowska"},"geometry":{"type":"LineString","coordinates":[[20.33276,49.49051],[20.33468,49.49057]]}},{"type":"Feature","properties":{"kolor":"zielony","nazwa":"Grywałd - Polana Gabrowska"},"geometry":{"type":"LineString","coordinates":[[20.33468,49.49057],[20.33564,49.49059],[20.33715,49.49034]]}},{"type":"Feature","properties":{"kolor":"zielony","nazwa":"Grywałd - Polana Gabrowska"},"geometry":{"type":"LineString","coordinates":[[20.33715,49.49034],[20.33786,49.49],[20.33863,49.48984],[20.33894,49.48925]]}},{"type":"Feature","properties":{"kolor":"zielony","nazwa":"Grywałd - Polana Gabrowska"},"geometry":{"type":"LineString","coordinates":[[20.33894,49.48925],[20.34007,49.48851]]}},{"type":"Feature","properties":{"kolor":"zielony","nazwa":"Grywałd - Polana Gabrowska"},"geometry":{"type":"LineString","coordinates":[[20.34007,49.48851],[20.34087,49.48831]]}},{"type":"Feature","properties":{"kolor":"zielony","nazwa":"Grywałd - Polana Gabrowska"},"geometry":{"type":"LineString","coordinates":[[20.34088,49.4878],[20.34087,49.48831]]}},{"type":"Feature","properties":{"kolor":"zielony","nazwa":"Grywałd - Polana Gabrowska"},"geometry":{"type":"LineString","coordinates":[[20.3405,49.4873],[20.34088,49.4878]]}},{"type":"Feature","properties":{"kolor":"zielony","nazwa":"Grywałd - Polana Gabrowska"},"geometry":{"type":"LineString","coordinates":[[20.33986,49.48734],[20.3405,49.4873]]}},{"type":"Feature","properties":{"kolor":"zielony","nazwa":"Grywałd - Polana Gabrowska"},"geometry":{"type":"LineString","coordinates":[[20.33982,49.48707],[20.33986,49.48734]]}},{"type":"Feature","properties":{"kolor":"zielony","nazwa":"Grywałd - Polana Gabrowska"},"geometry":{"type":"LineString","coordinates":[[20.33953,49.4863],[20.33956,49.48672],[20.33982,49.48707]]}},{"type":"Feature","properties":{"kolor":"zielony","nazwa":"Grywałd - Polana Gabrowska"},"geometry":{"type":"LineString","coordinates":[[20.33908,49.48475],[20.33953,49.4863]]}},{"type":"Feature","properties":{"kolor":"zielony","nazwa":"Grywałd - Polana Gabrowska"},"geometry":{"type":"LineString","coordinates":[[20.33908,49.48475],[20.33907,49.48463]]}},{"type":"Feature","properties":{"kolor":"zielony","nazwa":"Grywałd - Polana Gabrowska"},"geometry":{"type":"LineString","coordinates":[[20.33907,49.48463],[20.33867,49.48401],[20.33867,49.48335],[20.33835,49.48221],[20.33695,49.48101],[20.33614,49.47982],[20.3362,49.47965],[20.33683,49.47951],[20.33697,49.47933],[20.33633,49.47871],[20.33593,49.4785],[20.33585,49.47828],[20.33687,49.47777]]}},{"type":"Feature","properties":{"kolor":"zielony","nazwa":"Grywałd - Polana Gabrowska"},"geometry":{"type":"LineString","coordinates":[[20.33687,49.47777],[20.33755,49.47727]]}},{"type":"Feature","properties":{"kolor":"zielony","nazwa":"Grywałd - Polana Gabrowska"},"geometry":{"type":"LineString","coordinates":[[20.33755,49.47727],[20.33999,49.47594],[20.34085,49.47491],[20.34096,49.47321],[20.34131,49.47282],[20.3429,49.47206],[20.34389,49.47071]]}},{"type":"Feature","properties":{"kolor":"zielony","nazwa":"Grywałd - Polana Gabrowska"},"geometry":{"type":"LineString","coordinates":[[20.34389,49.47071],[20.34417,49.47031]]}},{"type":"Feature","properties":{"kolor":"zielony","nazwa":"Grywałd - Polana Gabrowska"},"geometry":{"type":"LineString","coordinates":[[20.34417,49.47031],[20.34449,49.47008],[20.3452,49.46999],[20.34581,49.46967],[20.34625,49.46866],[20.34686,49.46829],[20.34868,49.46818],[20.3494,49.46794],[20.34957,49.46762],[20.34946,49.46717],[20.35001,49.46641]]}},{"type":"Feature","properties":{"kolor":"zielony","nazwa":"Grywałd - Polana Gabrowska"},"geometry":{"type":"LineString","coordinates":[[20.35001,49.46641],[20.35048,49.46619],[20.35073,49.46582],[20.35073,49.46475],[20.35095,49.46429],[20.35073,49.46353],[20.3509,49.46305],[20.35079,49.46286],[20.35023,49.4626],[20.34968,49.46179],[20.34971,49.46096],[20.35079,49.46022],[20.35206,49.4588],[20.35309,49.45804]]}},{"type":"Feature","properties":{"kolor":"zielony","nazwa":"Grywałd - Polana Gabrowska"},"geometry":{"type":"LineString","coordinates":[[20.36089,49.4529],[20.36012,49.45321],[20.35839,49.45421],[20.35593,49.45608],[20.35516,49.45697],[20.35411,49.45768],[20.35309,49.45804]]}},{"type":"Feature","properties":{"kolor":"zielony","nazwa":"Grywałd - Polana Gabrowska"},"geometry":{"type":"LineString","coordinates":[[20.36089,49.4529],[20.36116,49.45303],[20.36122,49.45347],[20.36056,49.45432],[20.3612,49.4547]]}},{"type":"Feature","properties":{"kolor":"zielony","nazwa":"Grywałd - Polana Gabrowska"},"geometry":{"type":"LineString","coordinates":[[20.3617,49.45431],[20.3612,49.4547]]}},{"type":"Feature","properties":{"kolor":"zielony","nazwa":"Grywałd - Polana Gabrowska"},"geometry":{"type":"LineString","coordinates":[[20.36186,49.45426],[20.3617,49.45431]]}},{"type":"Feature","properties":{"kolor":"zielony","nazwa":"Grywałd - Polana Gabrowska"},"geometry":{"type":"LineString","coordinates":[[20.36485,49.45215],[20.36455,49.45323],[20.3643,49.45349],[20.36186,49.45426]]}},{"type":"Feature","properties":{"kolor":"zielony","nazwa":"Grywałd - Polana Gabrowska"},"geometry":{"type":"LineString","coordinates":[[20.36484,49.45203],[20.36485,49.45215]]}},{"type":"Feature","properties":{"kolor":"zielony","nazwa":"Grywałd - Polana Gabrowska"},"geometry":{"type":"LineString","coordinates":[[20.36654,49.44925],[20.36602,49.44969],[20.3661,49.45042],[20.36595,49.4507],[20.36484,49.45203]]}},{"type":"Feature","properties":{"kolor":"zielony","nazwa":"Grywałd - Polana Gabrowska"},"geometry":{"type":"LineString","coordinates":[[20.36661,49.44924],[20.36654,49.44925]]}},{"type":"Feature","properties":{"kolor":"zielony","nazwa":"Grywałd - Polana Gabrowska"},"geometry":{"type":"LineString","coordinates":[[20.36681,49.44921],[20.36661,49.44924]]}},{"type":"Feature","properties":{"kolor":"zielony","nazwa":"Grywałd - Polana Gabrowska"},"geometry":{"type":"LineString","coordinates":[[20.36955,49.44711],[20.36912,49.44764],[20.36705,49.44917],[20.36681,49.44921]]}},{"type":"Feature","properties":{"kolor":"zielony","nazwa":"Grywałd - Polana Gabrowska"},"geometry":{"type":"LineString","coordinates":[[20.36955,49.44702],[20.36955,49.44711]]}},{"type":"Feature","properties":{"kolor":"zielony","nazwa":"Grywałd - Polana Gabrowska"},"geometry":{"type":"LineString","coordinates":[[20.36963,49.44687],[20.36955,49.44702]]}},{"type":"Feature","properties":{"kolor":"zielony","nazwa":"Grywałd - Polana Gabrowska"},"geometry":{"type":"LineString","coordinates":[[20.36972,49.44678],[20.36963,49.44687]]}},{"type":"Feature","properties":{"kolor":"zolty","nazwa":"Piwniczna Zdrój - Niemcowa"},"geometry":{"type":"LineString","coordinates":[[20.71599,49.44118],[20.71643,49.44104],[20.71648,49.4404],[20.71723,49.44048]]}},{"type":"Feature","properties":{"kolor":"zolty","nazwa":"Piwniczna Zdrój - Niemcowa"},"geometry":{"type":"LineString","coordinates":[[20.71486,49.44058],[20.71599,49.44118]]}},{"type":"Feature","properties":{"kolor":"zolty","nazwa":"Piwniczna Zdrój - Niemcowa"},"geometry":{"type":"LineString","coordinates":[[20.71403,49.4402],[20.71486,49.44058]]}},{"type":"Feature","properties":{"kolor":"zolty","nazwa":"Piwniczna Zdrój - Niemcowa"},"geometry":{"type":"LineString","coordinates":[[20.71342,49.43962],[20.71403,49.4402]]}},{"type":"Feature","properties":{"kolor":"zolty","nazwa":"Piwniczna Zdrój - Niemcowa"},"geometry":{"type":"LineString","coordinates":[[20.71342,49.43962],[20.71286,49.43954]]}},{"type":"Feature","properties":{"kolor":"zolty","nazwa":"Piwniczna Zdrój - Niemcowa"},"geometry":{"type":"LineString","coordinates":[[20.71286,49.43954],[20.71257,49.43942],[20.711,49.43931],[20.71015,49.43981]]}},{"type":"Feature","properties":{"kolor":"zolty","nazwa":"Piwniczna Zdrój - Niemcowa"},"geometry":{"type":"LineString","coordinates":[[20.71015,49.43981],[20.70964,49.44003],[20.709,49.44011],[20.70748,49.43989],[20.70567,49.43981],[20.70496,49.43958],[20.70354,49.43957]]}},{"type":"Feature","properties":{"kolor":"zolty","nazwa":"Piwniczna Zdrój - Niemcowa"},"geometry":{"type":"LineString","coordinates":[[20.70354,49.43957],[20.70137,49.43968]]}},{"type":"Feature","properties":{"kolor":"zolty","nazwa":"Piwniczna Zdrój - Niemcowa"},"geometry":{"type":"LineString","coordinates":[[20.70137,49.43968],[20.69995,49.43992]]}},{"type":"Feature","properties":{"kolor":"zolty","nazwa":"Piwniczna Zdrój - Niemcowa"},"geometry":{"type":"LineString","coordinates":[[20.69995,49.43992],[20.69767,49.4403]]}},{"type":"Feature","properties":{"kolor":"zolty","nazwa":"Piwniczna Zdrój - Niemcowa"},"geometry":{"type":"LineString","coordinates":[[20.69767,49.4403],[20.69573,49.44062]]}},{"type":"Feature","properties":{"kolor":"zolty","nazwa":"Piwniczna Zdrój - Niemcowa"},"geometry":{"type":"LineString","coordinates":[[20.69573,49.44062],[20.69462,49.44062],[20.69331,49.44111],[20.6913,49.44265],[20.69085,49.44283],[20.68729,49.44331]]}},{"type":"Feature","properties":{"kolor":"zolty","nazwa":"Piwniczna Zdrój - Niemcowa"},"geometry":{"type":"LineString","coordinates":[[20.68729,49.44331],[20.687,49.44305],[20.68688,49.44266],[20.68606,49.44224],[20.68553,49.44218],[20.68335,49.44256],[20.6815,49.44353],[20.67954,49.44384],[20.67927,49.44405],[20.67924,49.44474],[20.67795,49.44448],[20.67778,49.44453],[20.67755,49.44494],[20.67716,49.44499],[20.67679,49.44467],[20.67597,49.44442]]}},{"type":"Feature","properties":{"kolor":"zolty","nazwa":"Piwniczna Zdrój - Niemcowa"},"geometry":{"type":"LineString","coordinates":[[20.67597,49.44442],[20.67472,49.44409],[20.67323,49.44407],[20.67235,49.44359],[20.67131,49.44333],[20.66988,49.44255],[20.66925,49.44249],[20.66893,49.44232],[20.66644,49.44247],[20.66568,49.4422],[20.66446,49.44213],[20.66363,49.44172],[20.66244,49.44173],[20.66134,49.4416]]}},{"type":"Feature","properties":{"kolor":"zolty","nazwa":"Piwniczna Zdrój - Niemcowa"},"geometry":{"type":"LineString","coordinates":[[20.66134,49.4416],[20.66045,49.44154],[20.65933,49.44187],[20.6588,49.44175]]}},{"type":"Feature","properties":{"kolor":"zolty","nazwa":"Piwniczna Zdrój - Niemcowa"},"geometry":{"type":"LineString","coordinates":[[20.6588,49.44175],[20.6584,49.44181],[20.65798,49.44149]]}},{"type":"Feature","properties":{"kolor":"zolty","nazwa":"Piwniczna Zdrój - Niemcowa"},"geometry":{"type":"LineString","coordinates":[[20.65798,49.44149],[20.65758,49.44129]]}},{"type":"Feature","properties":{"kolor":"zolty","nazwa":"Piwniczna Zdrój - Niemcowa"},"geometry":{"type":"LineString","coordinates":[[20.65758,49.44129],[20.65672,49.44095],[20.6566,49.44137]]}},{"type":"Feature","properties":{"kolor":"zolty","nazwa":"Piwniczna Zdrój - Niemcowa"},"geometry":{"type":"LineString","coordinates":[[20.6566,49.44137],[20.65488,49.44205],[20.65398,49.44299]]}},{"type":"Feature","properties":{"kolor":"zolty","nazwa":"Piwniczna Zdrój - Niemcowa"},"geometry":{"type":"LineString","coordinates":[[20.65398,49.44299],[20.65278,49.44289],[20.65221,49.44297],[20.64991,49.44391],[20.64876,49.44471],[20.6479,49.44501],[20.64643,49.44531]]}},{"type":"Feature","properties":{"kolor":"czerwony","nazwa":"Tatranská magistrála"},"geometry":{"type":"LineString","coordinates":[[20.29111,49.35142],[20.29114,49.35108],[20.29008,49.34954]]}},{"type":"Feature","properties":{"kolor":"czerwony","nazwa":"Tatranská magistrála"},"geometry":{"type":"LineString","coordinates":[[20.29008,49.34954],[20.28801,49.34634],[20.28709,49.34531],[20.28662,49.34509],[20.28637,49.3448],[20.2863,49.3429],[20.28689,49.34173]]}},{"type":"Feature","properties":{"kolor":"czerwony","nazwa":"Tatranská magistrála"},"geometry":{"type":"LineString","coordinates":[[20.28689,49.34173],[20.2877,49.34128]]}},{"type":"Feature","properties":{"kolor":"czerwony","nazwa":"Tatranská magistrála"},"geometry":{"type":"LineString","coordinates":[[20.29224,49.33793],[20.2904,49.3385],[20.2888,49.33955],[20.28763,49.34098],[20.2877,49.34128]]}},{"type":"Feature","properties":{"kolor":"czerwony","nazwa":"Tatranská magistrála"},"geometry":{"type":"LineString","coordinates":[[20.29999,49.33522],[20.29774,49.33633],[20.29628,49.33643],[20.29357,49.33757],[20.29224,49.33793]]}},{"type":"Feature","properties":{"kolor":"czerwony","nazwa":"Tatranská magistrála"},"geometry":{"type":"LineString","coordinates":[[20.30127,49.33471],[20.29999,49.33522]]}},{"type":"Feature","properties":{"kolor":"czerwony","nazwa":"Tatranská magistrála"},"geometry":{"type":"LineString","coordinates":[[20.30134,49.33464],[20.30127,49.33471]]}},{"type":"Feature","properties":{"kolor":"czerwony","nazwa":"Tatranská magistrála"},"geometry":{"type":"LineString","coordinates":[[20.30142,49.33431],[20.30134,49.33464]]}},{"type":"Feature","properties":{"kolor":"czerwony","nazwa":"Tatranská magistrála"},"geometry":{"type":"LineString","coordinates":[[20.30142,49.33423],[20.30142,49.33431]]}},{"type":"Feature","properties":{"kolor":"czerwony","nazwa":"Tatranská magistrála"},"geometry":{"type":"LineString","coordinates":[[20.30214,49.33305],[20.30147,49.33376],[20.30142,49.33423]]}},{"type":"Feature","properties":{"kolor":"czerwony","nazwa":"Tatranská magistrála"},"geometry":{"type":"LineString","coordinates":[[20.30478,49.32767],[20.30461,49.32795],[20.30453,49.32956],[20.30284,49.33154],[20.30214,49.33305]]}},{"type":"Feature","properties":{"kolor":"czerwony","nazwa":"Tatranská magistrála"},"geometry":{"type":"LineString","coordinates":[[20.30494,49.3275],[20.30478,49.32767]]}},{"type":"Feature","properties":{"kolor":"czerwony","nazwa":"Tatranská magistrála"},"geometry":{"type":"LineString","coordinates":[[20.30596,49.32344],[20.30629,49.32463],[20.30643,49.32628],[20.30625,49.32657],[20.30494,49.3275]]}},{"type":"Feature","properties":{"kolor":"czerwony","nazwa":"Tatranská magistrála"},"geometry":{"type":"LineString","coordinates":[[20.3058,49.32284],[20.30596,49.32344]]}},{"type":"Feature","properties":{"kolor":"czerwony","nazwa":"Tatranská magistrála"},"geometry":{"type":"LineString","coordinates":[[20.30472,49.31918],[20.3047,49.32065],[20.3045,49.32139],[20.3055,49.32223],[20.3058,49.32284]]}},{"type":"Feature","properties":{"kolor":"czerwony","nazwa":"Tatranská magistrála"},"geometry":{"type":"LineString","coordinates":[[20.3047,49.31906],[20.30472,49.31918]]}},{"type":"Feature","properties":{"kolor":"czerwony","nazwa":"Tatranská magistrála"},"geometry":{"type":"LineString","coordinates":[[20.30423,49.316],[20.30415,49.31772],[20.3047,49.31906]]}},{"type":"Feature","properties":{"kolor":"czerwony","nazwa":"Tatranská magistrála"},"geometry":{"type":"LineString","coordinates":[[20.30423,49.31593],[20.30423,49.316]]}},{"type":"Feature","properties":{"kolor":"czerwony","nazwa":"Tatranská magistrála"},"geometry":{"type":"LineString","coordinates":[[20.30149,49.31167],[20.30239,49.31271],[20.30292,49.31293],[20.30313,49.31339],[20.30438,49.31481],[20.30447,49.31541],[20.30423,49.31593]]}},{"type":"Feature","properties":{"kolor":"czerwony","nazwa":"Tatranská magistrála"},"geometry":{"type":"LineString","coordinates":[[20.30144,49.31162],[20.30149,49.31167]]}},{"type":"Feature","properties":{"kolor":"czerwony","nazwa":"Tatranská magistrála"},"geometry":{"type":"LineString","coordinates":[[20.29962,49.31004],[20.30024,49.3103],[20.30096,49.31127],[20.30144,49.31162]]}},{"type":"Feature","properties":{"kolor":"czerwony","nazwa":"Tatranská magistrála"},"geometry":{"type":"LineString","coordinates":[[20.29954,49.30999],[20.29962,49.31004]]}},{"type":"Feature","properties":{"kolor":"czerwony","nazwa":"Tatranská magistrála"},"geometry":{"type":"LineString","coordinates":[[20.29031,49.30958],[20.29231,49.3103],[20.29356,49.31024],[20.29378,49.31006],[20.29405,49.31006],[20.29457,49.3103],[20.29571,49.31127],[20.29616,49.3115],[20.29634,49.3111],[20.29633,49.30945],[20.29593,49.30765],[20.29665,49.30742]]}},{"type":"Feature","properties":{"kolor":"zielony","nazwa":"Krościenko nad Dunajcem - Burzana"},"geometry":{"type":"LineString","coordinates":[[20.42636,49.44065],[20.42792,49.44058]]}},{"type":"Feature","properties":{"kolor":"zielony","nazwa":"Krościenko nad Dunajcem - Burzana"},"geometry":{"type":"LineString","coordinates":[[20.42584,49.44074],[20.42636,49.44065]]}},{"type":"Feature","properties":{"kolor":"zielony","nazwa":"Krościenko nad Dunajcem - Burzana"},"geometry":{"type":"LineString","coordinates":[[20.42584,49.44074],[20.42396,49.4404],[20.42278,49.44041]]}},{"type":"Feature","properties":{"kolor":"zielony","nazwa":"Krościenko nad Dunajcem - Burzana"},"geometry":{"type":"LineString","coordinates":[[20.42201,49.43822],[20.42187,49.43838],[20.42181,49.4393],[20.42234,49.44009],[20.42278,49.44041]]}},{"type":"Feature","properties":{"kolor":"zielony","nazwa":"Krościenko nad Dunajcem - Burzana"},"geometry":{"type":"LineString","coordinates":[[20.42261,49.43628],[20.42265,49.43671],[20.42232,49.43739],[20.42232,49.43782],[20.42201,49.43822]]}},{"type":"Feature","properties":{"kolor":"zielony","nazwa":"Krościenko nad Dunajcem - Burzana"},"geometry":{"type":"LineString","coordinates":[[20.42264,49.43616],[20.42261,49.43628]]}},{"type":"Feature","properties":{"kolor":"zielony","nazwa":"Krościenko nad Dunajcem - Burzana"},"geometry":{"type":"LineString","coordinates":[[20.42279,49.43223],[20.42344,49.4332],[20.42376,49.434],[20.42348,49.43489],[20.42264,49.43616]]}},{"type":"Feature","properties":{"kolor":"zielony","nazwa":"Krościenko nad Dunajcem - Burzana"},"geometry":{"type":"LineString","coordinates":[[20.42182,49.43092],[20.42279,49.43223]]}},{"type":"Feature","properties":{"kolor":"zielony","nazwa":"Krościenko nad Dunajcem - Burzana"},"geometry":{"type":"LineString","coordinates":[[20.42182,49.43092],[20.42227,49.4304],[20.42235,49.43008]]}},{"type":"Feature","properties":{"kolor":"zielony","nazwa":"Krościenko nad Dunajcem - Burzana"},"geometry":{"type":"LineString","coordinates":[[20.42235,49.43008],[20.42245,49.42946],[20.42391,49.42831],[20.42396,49.4273],[20.4245,49.42696],[20.42461,49.42651],[20.42503,49.42614],[20.4263,49.42573],[20.43004,49.42508],[20.43059,49.42447]]}},{"type":"Feature","properties":{"kolor":"zielony","nazwa":"Krościenko nad Dunajcem - Burzana"},"geometry":{"type":"LineString","coordinates":[[20.43059,49.42447],[20.4311,49.42419]]}},{"type":"Feature","properties":{"kolor":"zielony","nazwa":"Krościenko nad Dunajcem - Burzana"},"geometry":{"type":"LineString","coordinates":[[20.4311,49.42419],[20.4332,49.42346],[20.43437,49.42279],[20.43424,49.42257]]}},{"type":"Feature","properties":{"kolor":"zielony","nazwa":"Sromowce Niżne - Kosarzyska"},"geometry":{"type":"LineString","coordinates":[[20.41126,49.4075],[20.41083,49.40753],[20.41072,49.40709]]}},{"type":"Feature","properties":{"kolor":"zielony","nazwa":"Sromowce Niżne - Kosarzyska"},"geometry":{"type":"LineString","coordinates":[[20.41233,49.4077],[20.41126,49.4075]]}},{"type":"Feature","properties":{"kolor":"zielony","nazwa":"Sromowce Niżne - Kosarzyska"},"geometry":{"type":"LineString","coordinates":[[20.42396,49.41662],[20.42348,49.41654],[20.42302,49.41613],[20.42242,49.41613],[20.42224,49.41581],[20.42156,49.41522],[20.42154,49.41495],[20.42235,49.41446],[20.4218,49.41289],[20.42191,49.41211],[20.42168,49.41164],[20.42076,49.41134],[20.41875,49.41116],[20.4178,49.41063],[20.41747,49.40998],[20.41674,49.40976],[20.41539,49.40869],[20.41454,49.40821],[20.41343,49.40788],[20.41287,49.40759],[20.41233,49.4077]]}},{"type":"Feature","properties":{"kolor":"zielony","nazwa":"Sromowce Niżne - Kosarzyska"},"geometry":{"type":"LineString","coordinates":[[20.42408,49.41666],[20.42396,49.41662]]}},{"type":"Feature","properties":{"kolor":"zielony","nazwa":"Sromowce Niżne - Kosarzyska"},"geometry":{"type":"LineString","coordinates":[[20.42021,49.41707],[20.42054,49.41696],[20.42139,49.41709],[20.42365,49.41707],[20.42411,49.41689],[20.42408,49.41666]]}},{"type":"Feature","properties":{"kolor":"zolty","nazwa":"Sromowce Niżne - Krościenko nad Dunajcem"},"geometry":{"type":"LineString","coordinates":[[20.40952,49.39522],[20.41008,49.39555],[20.41211,49.39728],[20.41258,49.39825],[20.41262,49.39943]]}},{"type":"Feature","properties":{"kolor":"zolty","nazwa":"Sromowce Niżne - Krościenko nad Dunajcem"},"geometry":{"type":"LineString","coordinates":[[20.41262,49.39943],[20.41276,49.40018]]}},{"type":"Feature","properties":{"kolor":"zolty","nazwa":"Sromowce Niżne - Krościenko nad Dunajcem"},"geometry":{"type":"LineString","coordinates":[[20.41276,49.40018],[20.41287,49.40088],[20.4127,49.40129],[20.41088,49.40285],[20.41006,49.40309]]}},{"type":"Feature","properties":{"kolor":"zolty","nazwa":"Sromowce Niżne - Krościenko nad Dunajcem"},"geometry":{"type":"LineString","coordinates":[[20.41006,49.40309],[20.41023,49.40451],[20.41103,49.40498]]}},{"type":"Feature","properties":{"kolor":"zolty","nazwa":"Sromowce Niżne - Krościenko nad Dunajcem"},"geometry":{"type":"LineString","coordinates":[[20.41103,49.40498],[20.41109,49.40639],[20.41072,49.40709]]}},{"type":"Feature","properties":{"kolor":"zolty","nazwa":"Sromowce Niżne - Krościenko nad Dunajcem"},"geometry":{"type":"LineString","coordinates":[[20.41072,49.40709],[20.41044,49.40766],[20.40891,49.40908]]}},{"type":"Feature","properties":{"kolor":"zolty","nazwa":"Sromowce Niżne - Krościenko nad Dunajcem"},"geometry":{"type":"LineString","coordinates":[[20.40891,49.40908],[20.40862,49.4095],[20.40848,49.4104],[20.40809,49.41057],[20.40762,49.41112],[20.4067,49.41168],[20.40537,49.41277],[20.40558,49.41381],[20.4063,49.4144]]}},{"type":"Feature","properties":{"kolor":"zolty","nazwa":"Sromowce Niżne - Krościenko nad Dunajcem"},"geometry":{"type":"LineString","coordinates":[[20.4063,49.4144],[20.40642,49.41466]]}},{"type":"Feature","properties":{"kolor":"zolty","nazwa":"Sromowce Niżne - Krościenko nad Dunajcem"},"geometry":{"type":"LineString","coordinates":[[20.40642,49.41466],[20.40648,49.4148]]}},{"type":"Feature","properties":{"kolor":"zolty","nazwa":"Sromowce Niżne - Krościenko nad Dunajcem"},"geometry":{"type":"LineString","coordinates":[[20.40648,49.4148],[20.40675,49.41539]]}},{"type":"Feature","properties":{"kolor":"zolty","nazwa":"Sromowce Niżne - Krościenko nad Dunajcem"},"geometry":{"type":"LineString","coordinates":[[20.40675,49.41539],[20.40681,49.41554]]}},{"type":"Feature","properties":{"kolor":"zolty","nazwa":"Sromowce Niżne - Krościenko nad Dunajcem"},"geometry":{"type":"LineString","coordinates":[[20.40681,49.41554],[20.40685,49.41562]]}},{"type":"Feature","properties":{"kolor":"zolty","nazwa":"Sromowce Niżne - Krościenko nad Dunajcem"},"geometry":{"type":"LineString","coordinates":[[20.40685,49.41562],[20.40687,49.41575]]}},{"type":"Feature","properties":{"kolor":"zolty","nazwa":"Sromowce Niżne - Krościenko nad Dunajcem"},"geometry":{"type":"LineString","coordinates":[[20.40687,49.41575],[20.40689,49.41591]]}},{"type":"Feature","properties":{"kolor":"zolty","nazwa":"Sromowce Niżne - Krościenko nad Dunajcem"},"geometry":{"type":"LineString","coordinates":[[20.40689,49.41591],[20.40683,49.41608]]}},{"type":"Feature","properties":{"kolor":"zolty","nazwa":"Sromowce Niżne - Krościenko nad Dunajcem"},"geometry":{"type":"LineString","coordinates":[[20.40683,49.41608],[20.4066,49.41614]]}},{"type":"Feature","properties":{"kolor":"zolty","nazwa":"Sromowce Niżne - Krościenko nad Dunajcem"},"geometry":{"type":"LineString","coordinates":[[20.4066,49.41614],[20.40637,49.41608],[20.40597,49.41628],[20.40588,49.41661]]}},{"type":"Feature","properties":{"kolor":"zolty","nazwa":"Sromowce Niżne - Krościenko nad Dunajcem"},"geometry":{"type":"LineString","coordinates":[[20.40588,49.41661],[20.40577,49.41662]]}},{"type":"Feature","properties":{"kolor":"zolty","nazwa":"Sromowce Niżne - Krościenko nad Dunajcem"},"geometry":{"type":"LineString","coordinates":[[20.40577,49.41662],[20.40572,49.41685],[20.40539,49.41707]]}},{"type":"Feature","properties":{"kolor":"zolty","nazwa":"Sromowce Niżne - Krościenko nad Dunajcem"},"geometry":{"type":"LineString","coordinates":[[20.40539,49.41707],[20.40555,49.41753]]}},{"type":"Feature","properties":{"kolor":"zolty","nazwa":"Sromowce Niżne - Krościenko nad Dunajcem"},"geometry":{"type":"LineString","coordinates":[[20.40555,49.41753],[20.40579,49.41768]]}},{"type":"Feature","properties":{"kolor":"zolty","nazwa":"Sromowce Niżne - Krościenko nad Dunajcem"},"geometry":{"type":"LineString","coordinates":[[20.40579,49.41768],[20.40741,49.41842]]}},{"type":"Feature","properties":{"kolor":"zolty","nazwa":"Sromowce Niżne - Krościenko nad Dunajcem"},"geometry":{"type":"LineString","coordinates":[[20.40741,49.41842],[20.40807,49.419]]}},{"type":"Feature","properties":{"kolor":"zolty","nazwa":"Sromowce Niżne - Krościenko nad Dunajcem"},"geometry":{"type":"LineString","coordinates":[[20.41038,49.42285],[20.41004,49.42264],[20.40979,49.42199],[20.40931,49.42161],[20.40937,49.42121],[20.40901,49.42037],[20.40807,49.419]]}},{"type":"Feature","properties":{"kolor":"zolty","nazwa":"Sromowce Niżne - Krościenko nad Dunajcem"},"geometry":{"type":"LineString","coordinates":[[20.41038,49.42285],[20.41116,49.42335],[20.41154,49.42394],[20.41136,49.42417],[20.41053,49.42452]]}},{"type":"Feature","properties":{"kolor":"zolty","nazwa":"Sromowce Niżne - Krościenko nad Dunajcem"},"geometry":{"type":"LineString","coordinates":[[20.41053,49.42452],[20.41053,49.42454]]}},{"type":"Feature","properties":{"kolor":"zolty","nazwa":"Sromowce Niżne - Krościenko nad Dunajcem"},"geometry":{"type":"LineString","coordinates":[[20.41053,49.42454],[20.41102,49.42501],[20.41248,49.42553],[20.41262,49.42607],[20.41333,49.42647]]}},{"type":"Feature","properties":{"kolor":"zolty","nazwa":"Sromowce Niżne - Krościenko nad Dunajcem"},"geometry":{"type":"LineString","coordinates":[[20.41645,49.42785],[20.41413,49.42673],[20.41333,49.42647]]}},{"type":"Feature","properties":{"kolor":"zolty","nazwa":"Sromowce Niżne - Krościenko nad Dunajcem"},"geometry":{"type":"LineString","coordinates":[[20.41645,49.42785],[20.42096,49.4298],[20.42176,49.43071]]}},{"type":"Feature","properties":{"kolor":"zolty","nazwa":"Sromowce Niżne - Krościenko nad Dunajcem"},"geometry":{"type":"LineString","coordinates":[[20.42176,49.43071],[20.42182,49.43092]]}},{"type":"Feature","properties":{"kolor":"zolty","nazwa":"Sromowce Niżne - Krościenko nad Dunajcem"},"geometry":{"type":"LineString","coordinates":[[20.42182,49.43092],[20.42279,49.43223]]}},{"type":"Feature","properties":{"kolor":"zolty","nazwa":"Sromowce Niżne - Krościenko nad Dunajcem"},"geometry":{"type":"LineString","coordinates":[[20.42279,49.43223],[20.42344,49.4332],[20.42376,49.434],[20.42348,49.43489],[20.42264,49.43616]]}},{"type":"Feature","properties":{"kolor":"zolty","nazwa":"Sromowce Niżne - Krościenko nad Dunajcem"},"geometry":{"type":"LineString","coordinates":[[20.42264,49.43616],[20.42261,49.43628]]}},{"type":"Feature","properties":{"kolor":"zolty","nazwa":"Sromowce Niżne - Krościenko nad Dunajcem"},"geometry":{"type":"LineString","coordinates":[[20.42261,49.43628],[20.42265,49.43671],[20.42232,49.43739],[20.42232,49.43782],[20.42201,49.43822]]}},{"type":"Feature","properties":{"kolor":"zolty","nazwa":"Sromowce Niżne - Krościenko nad Dunajcem"},"geometry":{"type":"LineString","coordinates":[[20.42201,49.43822],[20.42187,49.43838],[20.42181,49.4393],[20.42234,49.44009],[20.42278,49.44041]]}},{"type":"Feature","properties":{"kolor":"zolty","nazwa":"Sromowce Niżne - Krościenko nad Dunajcem"},"geometry":{"type":"LineString","coordinates":[[20.42584,49.44074],[20.42396,49.4404],[20.42278,49.44041]]}},{"type":"Feature","properties":{"kolor":"zolty","nazwa":"Sromowce Niżne - Krościenko nad Dunajcem"},"geometry":{"type":"LineString","coordinates":[[20.42584,49.44074],[20.42636,49.44065]]}},{"type":"Feature","properties":{"kolor":"zolty","nazwa":"Sromowce Niżne - Krościenko nad Dunajcem"},"geometry":{"type":"LineString","coordinates":[[20.42636,49.44065],[20.42792,49.44058]]}},{"type":"Feature","properties":{"kolor":"zolty","nazwa":""},"geometry":{"type":"LineString","coordinates":[[20.46471,49.40661],[20.46501,49.40722]]}},{"type":"Feature","properties":{"kolor":"zolty","nazwa":""},"geometry":{"type":"LineString","coordinates":[[20.46501,49.40722],[20.46467,49.40778],[20.46428,49.40954],[20.46384,49.41022],[20.46391,49.41061]]}},{"type":"Feature","properties":{"kolor":"zolty","nazwa":""},"geometry":{"type":"LineString","coordinates":[[20.46391,49.41061],[20.46443,49.41073],[20.46606,49.4108],[20.46754,49.41121]]}},{"type":"Feature","properties":{"kolor":"zolty","nazwa":""},"geometry":{"type":"LineString","coordinates":[[20.46754,49.41121],[20.46858,49.41162],[20.46909,49.41196]]}},{"type":"Feature","properties":{"kolor":"zolty","nazwa":""},"geometry":{"type":"LineString","coordinates":[[20.46909,49.41196],[20.46947,49.41236],[20.46927,49.41305],[20.46942,49.41347],[20.46897,49.41353],[20.46769,49.41408],[20.4661,49.41497],[20.46467,49.41556]]}},{"type":"Feature","properties":{"kolor":"zolty","nazwa":""},"geometry":{"type":"LineString","coordinates":[[20.46467,49.41556],[20.46425,49.416]]}},{"type":"Feature","properties":{"kolor":"zielony","nazwa":"Krościenko nad Dunajcem - Przełęcz Sosnów"},"geometry":{"type":"LineString","coordinates":[[20.44267,49.42466],[20.44339,49.42325],[20.44346,49.4217],[20.44394,49.42131],[20.44391,49.42106],[20.44346,49.42093],[20.44346,49.4204],[20.4432,49.4202],[20.44286,49.42013],[20.44206,49.42031],[20.44144,49.41994],[20.44049,49.41997],[20.43914,49.41948]]}},{"type":"Feature","properties":{"kolor":"zielony","nazwa":"Krościenko nad Dunajcem - Przełęcz Sosnów"},"geometry":{"type":"LineString","coordinates":[[20.43736,49.43282],[20.43805,49.43217],[20.43841,49.43156],[20.43857,49.43035],[20.43911,49.42906],[20.43938,49.42851],[20.44054,49.42736],[20.44086,49.42606],[20.44183,49.42505],[20.44267,49.42466]]}},{"type":"Feature","properties":{"kolor":"zielony","nazwa":"Krościenko nad Dunajcem - Przełęcz Sosnów"},"geometry":{"type":"LineString","coordinates":[[20.42853,49.43902],[20.42945,49.43824],[20.43282,49.43606],[20.43584,49.43451],[20.43736,49.43282]]}},{"type":"Feature","properties":{"kolor":"zielony","nazwa":"Krościenko nad Dunajcem - Przełęcz Sosnów"},"geometry":{"type":"LineString","coordinates":[[20.42839,49.43913],[20.42853,49.43902]]}},{"type":"Feature","properties":{"kolor":"zielony","nazwa":"Krościenko nad Dunajcem - Przełęcz Sosnów"},"geometry":{"type":"LineString","coordinates":[[20.42795,49.44005],[20.42839,49.43913]]}},{"type":"Feature","properties":{"kolor":"zielony","nazwa":"Krościenko nad Dunajcem - Przełęcz Sosnów"},"geometry":{"type":"LineString","coordinates":[[20.42794,49.44012],[20.42795,49.44005]]}},{"type":"Feature","properties":{"kolor":"zielony","nazwa":"Krościenko nad Dunajcem - Przełęcz Sosnów"},"geometry":{"type":"LineString","coordinates":[[20.42795,49.44033],[20.42794,49.44012]]}},{"type":"Feature","properties":{"kolor":"zielony","nazwa":"Krościenko nad Dunajcem - Przełęcz Sosnów"},"geometry":{"type":"LineString","coordinates":[[20.4279,49.44046],[20.42795,49.44033]]}},{"type":"Feature","properties":{"kolor":"zielony","nazwa":"Krościenko nad Dunajcem - Przełęcz Sosnów"},"geometry":{"type":"LineString","coordinates":[[20.4279,49.44046],[20.42792,49.44058]]}},{"type":"Feature","properties":{"kolor":"zolty","nazwa":""},"geometry":{"type":"LineString","coordinates":[[20.4596,49.39687],[20.45923,49.39688]]}},{"type":"Feature","properties":{"kolor":"zolty","nazwa":""},"geometry":{"type":"LineString","coordinates":[[20.44119,49.39973],[20.44219,49.39932],[20.44331,49.39928],[20.44399,49.39905],[20.44769,49.39859]]}},{"type":"Feature","properties":{"kolor":"zolty","nazwa":""},"geometry":{"type":"LineString","coordinates":[[20.44769,49.39859],[20.44767,49.39866]]}},{"type":"Feature","properties":{"kolor":"zolty","nazwa":""},"geometry":{"type":"LineString","coordinates":[[20.44767,49.39866],[20.44761,49.39868]]}},{"type":"Feature","properties":{"kolor":"zolty","nazwa":""},"geometry":{"type":"LineString","coordinates":[[20.44761,49.39868],[20.44763,49.39872]]}},{"type":"Feature","properties":{"kolor":"zolty","nazwa":""},"geometry":{"type":"LineString","coordinates":[[20.44763,49.39872],[20.44768,49.39879]]}},{"type":"Feature","properties":{"kolor":"zolty","nazwa":""},"geometry":{"type":"LineString","coordinates":[[20.44768,49.39879],[20.44818,49.39882],[20.44918,49.39912],[20.4497,49.39902],[20.45048,49.39906],[20.4509,49.39892],[20.45318,49.39867],[20.45376,49.39869],[20.456,49.39823],[20.45685,49.39849],[20.45724,49.3985]]}},{"type":"Feature","properties":{"kolor":"zolty","nazwa":""},"geometry":{"type":"LineString","coordinates":[[20.45724,49.3985],[20.45834,49.39724],[20.45923,49.39688]]}},{"type":"Feature","properties":{"kolor":"zolty","nazwa":""},"geometry":{"type":"LineString","coordinates":[[20.44124,49.39979],[20.44119,49.39973]]}},{"type":"Feature","properties":{"kolor":"zolty","nazwa":""},"geometry":{"type":"LineString","coordinates":[[20.43569,49.40008],[20.43728,49.40023],[20.44011,49.40022],[20.44051,49.40018],[20.44124,49.39979]]}},{"type":"Feature","properties":{"kolor":"niebieski","nazwa":""},"geometry":{"type":"LineString","coordinates":[[20.65664,49.33456],[20.65632,49.33519]]}},{"type":"Feature","properties":{"kolor":"niebieski","nazwa":""},"geometry":{"type":"LineString","coordinates":[[20.65632,49.33519],[20.65538,49.33512],[20.65514,49.33536],[20.6549,49.33541]]}},{"type":"Feature","properties":{"kolor":"niebieski","nazwa":""},"geometry":{"type":"LineString","coordinates":[[20.6549,49.33541],[20.65399,49.33541],[20.65303,49.3357]]}},{"type":"Feature","properties":{"kolor":"niebieski","nazwa":""},"geometry":{"type":"LineString","coordinates":[[20.65303,49.3357],[20.65187,49.33529]]}},{"type":"Feature","properties":{"kolor":"niebieski","nazwa":""},"geometry":{"type":"LineString","coordinates":[[20.65187,49.33529],[20.65092,49.33653],[20.64928,49.33749],[20.64658,49.34035]]}},{"type":"Feature","properties":{"kolor":"niebieski","nazwa":""},"geometry":{"type":"LineString","coordinates":[[20.64639,49.34339],[20.64658,49.34219],[20.64623,49.34163],[20.64619,49.34126],[20.64658,49.34035]]}},{"type":"Feature","properties":{"kolor":"niebieski","nazwa":""},"geometry":{"type":"LineString","coordinates":[[20.64639,49.34339],[20.64597,49.34518],[20.64561,49.34572],[20.64538,49.34653]]}},{"type":"Feature","properties":{"kolor":"niebieski","nazwa":""},"geometry":{"type":"LineString","coordinates":[[20.64538,49.34653],[20.64547,49.34705],[20.64641,49.34758],[20.64674,49.34763],[20.64792,49.34739],[20.64808,49.34748],[20.64807,49.34774]]}},{"type":"Feature","properties":{"kolor":"niebieski","nazwa":""},"geometry":{"type":"LineString","coordinates":[[20.64807,49.34774],[20.64805,49.34779]]}},{"type":"Feature","properties":{"kolor":"niebieski","nazwa":""},"geometry":{"type":"LineString","coordinates":[[20.64805,49.34779],[20.64799,49.34781]]}},{"type":"Feature","properties":{"kolor":"niebieski","nazwa":""},"geometry":{"type":"LineString","coordinates":[[20.64799,49.34781],[20.64794,49.34788]]}},{"type":"Feature","properties":{"kolor":"niebieski","nazwa":""},"geometry":{"type":"LineString","coordinates":[[20.64794,49.34788],[20.64803,49.34797],[20.64784,49.34822]]}},{"type":"Feature","properties":{"kolor":"niebieski","nazwa":""},"geometry":{"type":"LineString","coordinates":[[20.64784,49.34822],[20.64717,49.34926],[20.64749,49.34996],[20.64727,49.35043],[20.64732,49.35132],[20.64666,49.35187],[20.6466,49.35211],[20.6461,49.35258],[20.64528,49.35277]]}},{"type":"Feature","properties":{"kolor":"niebieski","nazwa":""},"geometry":{"type":"LineString","coordinates":[[20.64528,49.35277],[20.64519,49.35274]]}},{"type":"Feature","properties":{"kolor":"niebieski","nazwa":""},"geometry":{"type":"LineString","coordinates":[[20.64519,49.35274],[20.6449,49.35305],[20.64419,49.35343],[20.64418,49.35373],[20.64447,49.35406],[20.64578,49.35476],[20.64824,49.35542],[20.6487,49.35572],[20.64875,49.35622],[20.64952,49.3562],[20.65029,49.356],[20.65078,49.35605],[20.65102,49.3563],[20.65088,49.35721]]}},{"type":"Feature","properties":{"kolor":"niebieski","nazwa":""},"geometry":{"type":"LineString","coordinates":[[20.65088,49.35721],[20.651,49.35799],[20.65142,49.35843],[20.65404,49.35935],[20.6547,49.35942],[20.6559,49.35946],[20.65748,49.35927],[20.65989,49.3585],[20.66198,49.35832]]}},{"type":"Feature","properties":{"kolor":"niebieski","nazwa":""},"geometry":{"type":"LineString","coordinates":[[20.66198,49.35832],[20.66393,49.35827],[20.66686,49.35793]]}},{"type":"Feature","properties":{"kolor":"niebieski","nazwa":""},"geometry":{"type":"LineString","coordinates":[[20.6716,49.35345],[20.67157,49.35374],[20.67111,49.35424],[20.66901,49.35605],[20.66777,49.35735],[20.66686,49.35793]]}},{"type":"Feature","properties":{"kolor":"niebieski","nazwa":""},"geometry":{"type":"LineString","coordinates":[[20.6716,49.35345],[20.67218,49.35158],[20.67274,49.35041]]}},{"type":"Feature","properties":{"kolor":"niebieski","nazwa":""},"geometry":{"type":"LineString","coordinates":[[20.67315,49.34809],[20.67268,49.3498],[20.67274,49.35041]]}},{"type":"Feature","properties":{"kolor":"niebieski","nazwa":""},"geometry":{"type":"LineString","coordinates":[[20.67397,49.34566],[20.67327,49.34632],[20.67315,49.34809]]}},{"type":"Feature","properties":{"kolor":"niebieski","nazwa":""},"geometry":{"type":"LineString","coordinates":[[20.67397,49.34566],[20.67439,49.34603],[20.67612,49.34638]]}},{"type":"Feature","properties":{"kolor":"niebieski","nazwa":""},"geometry":{"type":"LineString","coordinates":[[20.67612,49.34638],[20.67964,49.34614],[20.68047,49.3458]]}},{"type":"Feature","properties":{"kolor":"niebieski","nazwa":""},"geometry":{"type":"LineString","coordinates":[[20.68047,49.3458],[20.68129,49.34517],[20.68169,49.34448]]}},{"type":"Feature","properties":{"kolor":"niebieski","nazwa":""},"geometry":{"type":"LineString","coordinates":[[20.68175,49.33758],[20.68172,49.33801],[20.68217,49.33915],[20.68173,49.34079],[20.68221,49.34259],[20.68212,49.34324],[20.68155,49.34398],[20.68151,49.34423],[20.68169,49.34448]]}},{"type":"Feature","properties":{"kolor":"niebieski","nazwa":""},"geometry":{"type":"LineString","coordinates":[[20.68691,49.33718],[20.68565,49.33703],[20.68376,49.33719],[20.68265,49.33713],[20.68191,49.3373],[20.68175,49.33758]]}},{"type":"Feature","properties":{"kolor":"niebieski","nazwa":""},"geometry":{"type":"LineString","coordinates":[[20.68663,49.33332],[20.68709,49.33456],[20.68691,49.33718]]}},{"type":"Feature","properties":{"kolor":"niebieski","nazwa":""},"geometry":{"type":"LineString","coordinates":[[20.6858,49.33209],[20.68624,49.33232],[20.68663,49.33332]]}},{"type":"Feature","properties":{"kolor":"niebieski","nazwa":""},"geometry":{"type":"LineString","coordinates":[[20.68469,49.32855],[20.68464,49.32883],[20.68389,49.32994],[20.68389,49.33067],[20.68415,49.33117],[20.68459,49.33158],[20.6858,49.33209]]}},{"type":"Feature","properties":{"kolor":"niebieski","nazwa":""},"geometry":{"type":"LineString","coordinates":[[20.69009,49.32102],[20.68954,49.32159],[20.68849,49.32199],[20.68818,49.32248],[20.6863,49.32404],[20.68619,49.32447],[20.68586,49.32473],[20.68552,49.32541],[20.68558,49.3259],[20.68493,49.32654],[20.68509,49.32731],[20.68466,49.32825],[20.68469,49.32855]]}},{"type":"Feature","properties":{"kolor":"niebieski","nazwa":""},"geometry":{"type":"LineString","coordinates":[[20.69028,49.32004],[20.69009,49.32102]]}},{"type":"Feature","properties":{"kolor":"niebieski","nazwa":""},"geometry":{"type":"LineString","coordinates":[[20.68886,49.31876],[20.69028,49.32004]]}},{"type":"Feature","properties":{"kolor":"niebieski","nazwa":""},"geometry":{"type":"LineString","coordinates":[[20.68871,49.31855],[20.68886,49.31876]]}},{"type":"Feature","properties":{"kolor":"niebieski","nazwa":""},"geometry":{"type":"LineString","coordinates":[[20.68868,49.31849],[20.68871,49.31855]]}},{"type":"Feature","properties":{"kolor":"niebieski","nazwa":""},"geometry":{"type":"LineString","coordinates":[[20.68862,49.31831],[20.68868,49.31849]]}},{"type":"Feature","properties":{"kolor":"niebieski","nazwa":""},"geometry":{"type":"LineString","coordinates":[[20.6887,49.31585],[20.68843,49.31788],[20.68862,49.31831]]}},{"type":"Feature","properties":{"kolor":"niebieski","nazwa":""},"geometry":{"type":"LineString","coordinates":[[20.68799,49.31247],[20.68828,49.3133],[20.6887,49.31585]]}},{"type":"Feature","properties":{"kolor":"niebieski","nazwa":""},"geometry":{"type":"LineString","coordinates":[[20.68799,49.31239],[20.68799,49.31247]]}},{"type":"Feature","properties":{"kolor":"niebieski","nazwa":""},"geometry":{"type":"LineString","coordinates":[[20.6845,49.30919],[20.68658,49.30924],[20.68701,49.30941],[20.68783,49.31037],[20.68799,49.31239]]}},{"type":"Feature","properties":{"kolor":"zielony","nazwa":""},"geometry":{"type":"LineString","coordinates":[[20.71291,49.33674],[20.71271,49.33683],[20.71302,49.33758],[20.71424,49.33817],[20.7148,49.33903],[20.71471,49.33951],[20.71426,49.33986],[20.71472,49.33994],[20.71494,49.34093],[20.71488,49.34245],[20.71528,49.34395],[20.71504,49.34474],[20.71523,49.34521],[20.71609,49.34629],[20.71659,49.34731],[20.71703,49.34784],[20.71749,49.34883],[20.71751,49.34953],[20.71705,49.35029],[20.71582,49.35155],[20.71431,49.35292],[20.71193,49.35445],[20.711,49.35568],[20.71101,49.3576],[20.71132,49.35895],[20.71122,49.36058],[20.71068,49.3627],[20.71049,49.36293],[20.71082,49.36428],[20.71075,49.36613],[20.71097,49.36705],[20.7112,49.36732],[20.71414,49.36916],[20.71376,49.3694],[20.71372,49.36962],[20.71418,49.37265],[20.71469,49.37418],[20.71582,49.37559],[20.71613,49.37665],[20.71566,49.37708],[20.71546,49.37752],[20.71553,49.37853],[20.71637,49.37867],[20.71731,49.3792],[20.71846,49.37955],[20.71968,49.38144],[20.72047,49.38193],[20.72067,49.38269],[20.71978,49.38391],[20.71961,49.38456]]}},{"type":"Feature","properties":{"kolor":"zielony","nazwa":""},"geometry":{"type":"LineString","coordinates":[[20.71961,49.38456],[20.71957,49.38552],[20.71992,49.38605],[20.71982,49.3872],[20.71946,49.38773],[20.71872,49.38835],[20.71812,49.38971],[20.71723,49.39063],[20.71763,49.39123],[20.71804,49.39252],[20.71888,49.39295],[20.71833,49.39363],[20.71864,49.39454],[20.71859,49.39506],[20.71914,49.39529],[20.71941,49.39568],[20.7204,49.39611],[20.72076,49.39643],[20.72326,49.39722],[20.72319,49.39772],[20.72336,49.39815],[20.72366,49.39817],[20.72551,49.39902],[20.72746,49.39917],[20.72797,49.40038],[20.72949,49.4012],[20.73024,49.40139],[20.73035,49.40159]]}},{"type":"Feature","properties":{"kolor":"zielony","nazwa":""},"geometry":{"type":"LineString","coordinates":[[20.73035,49.40159],[20.72997,49.40203],[20.72884,49.40258],[20.72819,49.40361],[20.72835,49.4049],[20.72857,49.40519],[20.7289,49.40531],[20.72952,49.40509],[20.72983,49.40515]]}},{"type":"Feature","properties":{"kolor":"zielony","nazwa":""},"geometry":{"type":"LineString","coordinates":[[20.72983,49.40515],[20.7299,49.40536],[20.72956,49.40654],[20.72994,49.40802],[20.72999,49.40911],[20.72976,49.40984],[20.72924,49.41041]]}},{"type":"Feature","properties":{"kolor":"zielony","nazwa":""},"geometry":{"type":"LineString","coordinates":[[20.72924,49.41041],[20.72937,49.41076],[20.72927,49.41145],[20.72992,49.41393]]}},{"type":"Feature","properties":{"kolor":"zielony","nazwa":""},"geometry":{"type":"LineString","coordinates":[[20.72921,49.41438],[20.72976,49.41419],[20.72992,49.41393]]}},{"type":"Feature","properties":{"kolor":"zielony","nazwa":""},"geometry":{"type":"LineString","coordinates":[[20.72882,49.41443],[20.72921,49.41438]]}},{"type":"Feature","properties":{"kolor":"zolty","nazwa":""},"geometry":{"type":"LineString","coordinates":[[20.71217,49.33568],[20.71294,49.33642],[20.71291,49.33674]]}},{"type":"Feature","properties":{"kolor":"zolty","nazwa":""},"geometry":{"type":"LineString","coordinates":[[20.71176,49.33555],[20.71217,49.33568]]}},{"type":"Feature","properties":{"kolor":"zolty","nazwa":""},"geometry":{"type":"LineString","coordinates":[[20.70894,49.33489],[20.71176,49.33555]]}},{"type":"Feature","properties":{"kolor":"zolty","nazwa":""},"geometry":{"type":"LineString","coordinates":[[20.68408,49.34351],[20.68621,49.34297],[20.68807,49.34315],[20.689,49.34335],[20.69057,49.34338],[20.69154,49.34362],[20.69238,49.3435],[20.69343,49.34209],[20.69495,49.34071],[20.69532,49.33918],[20.69666,49.33817],[20.69725,49.33794],[20.69851,49.33778],[20.70028,49.33805],[20.70248,49.33766],[20.70467,49.33776],[20.7065,49.33634],[20.70715,49.3353],[20.70894,49.33489]]}},{"type":"Feature","properties":{"kolor":"zolty","nazwa":""},"geometry":{"type":"LineString","coordinates":[[20.68169,49.34448],[20.68408,49.34351]]}},{"type":"Feature","properties":{"kolor":"zolty","nazwa":""},"geometry":{"type":"LineString","coordinates":[[20.68047,49.3458],[20.68129,49.34517],[20.68169,49.34448]]}},{"type":"Feature","properties":{"kolor":"zolty","nazwa":""},"geometry":{"type":"LineString","coordinates":[[20.67612,49.34638],[20.67964,49.34614],[20.68047,49.3458]]}},{"type":"Feature","properties":{"kolor":"zolty","nazwa":""},"geometry":{"type":"LineString","coordinates":[[20.67397,49.34566],[20.67439,49.34603],[20.67612,49.34638]]}},{"type":"Feature","properties":{"kolor":"zolty","nazwa":""},"geometry":{"type":"LineString","coordinates":[[20.67397,49.34566],[20.67327,49.34632],[20.67315,49.34809]]}},{"type":"Feature","properties":{"kolor":"zolty","nazwa":""},"geometry":{"type":"LineString","coordinates":[[20.67315,49.34809],[20.67268,49.3498],[20.67274,49.35041]]}},{"type":"Feature","properties":{"kolor":"zolty","nazwa":""},"geometry":{"type":"LineString","coordinates":[[20.6716,49.35345],[20.67218,49.35158],[20.67274,49.35041]]}},{"type":"Feature","properties":{"kolor":"zolty","nazwa":""},"geometry":{"type":"LineString","coordinates":[[20.6716,49.35345],[20.67157,49.35374],[20.67111,49.35424],[20.66901,49.35605],[20.66777,49.35735],[20.66686,49.35793]]}},{"type":"Feature","properties":{"kolor":"zolty","nazwa":""},"geometry":{"type":"LineString","coordinates":[[20.66686,49.35793],[20.66482,49.35901]]}},{"type":"Feature","properties":{"kolor":"zolty","nazwa":""},"geometry":{"type":"LineString","coordinates":[[20.66482,49.35901],[20.66161,49.36039]]}},{"type":"Feature","properties":{"kolor":"zolty","nazwa":""},"geometry":{"type":"LineString","coordinates":[[20.65794,49.37509],[20.65895,49.37358],[20.66099,49.37233],[20.66132,49.372],[20.66238,49.37048],[20.66281,49.36947],[20.66272,49.36921],[20.66213,49.36893],[20.66136,49.3683],[20.66055,49.36703],[20.66012,49.36692],[20.66075,49.3649],[20.66147,49.36335],[20.66129,49.36185],[20.66161,49.36039]]}},{"type":"Feature","properties":{"kolor":"zolty","nazwa":""},"geometry":{"type":"LineString","coordinates":[[20.65687,49.37655],[20.65712,49.37598],[20.65794,49.37509]]}},{"type":"Feature","properties":{"kolor":"zolty","nazwa":""},"geometry":{"type":"LineString","coordinates":[[20.64821,49.38843],[20.64903,49.38738],[20.64928,49.38636],[20.65016,49.38555],[20.65078,49.38456],[20.65064,49.38386],[20.64997,49.38362],[20.64942,49.38314],[20.64927,49.38181],[20.6495,49.38078],[20.64996,49.3804],[20.65109,49.38023],[20.65237,49.3797],[20.65415,49.37926],[20.65482,49.37898],[20.65581,49.37814],[20.65687,49.37655]]}},{"type":"Feature","properties":{"kolor":"zolty","nazwa":""},"geometry":{"type":"LineString","coordinates":[[20.64569,49.39111],[20.64638,49.39036],[20.64801,49.38912],[20.64821,49.38843]]}},{"type":"Feature","properties":{"kolor":"zolty","nazwa":""},"geometry":{"type":"LineString","coordinates":[[20.64517,49.3913],[20.64569,49.39111]]}},{"type":"Feature","properties":{"kolor":"zolty","nazwa":""},"geometry":{"type":"LineString","coordinates":[[20.64171,49.39663],[20.64071,49.39638]]}},{"type":"Feature","properties":{"kolor":"zolty","nazwa":""},"geometry":{"type":"LineString","coordinates":[[20.64071,49.39638],[20.64166,49.39579],[20.64289,49.39545],[20.64383,49.39496],[20.64449,49.39429],[20.64455,49.39405]]}},{"type":"Feature","properties":{"kolor":"zolty","nazwa":""},"geometry":{"type":"LineString","coordinates":[[20.64455,49.39405],[20.64504,49.39314],[20.64523,49.39196]]}},{"type":"Feature","properties":{"kolor":"zolty","nazwa":""},"geometry":{"type":"LineString","coordinates":[[20.64523,49.39196],[20.64517,49.3913]]}},{"type":"Feature","properties":{"kolor":"zolty","nazwa":""},"geometry":{"type":"LineString","coordinates":[[20.64253,49.3976],[20.64192,49.39673],[20.64171,49.39663]]}},{"type":"Feature","properties":{"kolor":"zolty","nazwa":""},"geometry":{"type":"LineString","coordinates":[[20.64337,49.4011],[20.64262,49.39981],[20.64207,49.39927],[20.64217,49.3984],[20.64262,49.39796],[20.64253,49.3976]]}},{"type":"Feature","properties":{"kolor":"zielony","nazwa":""},"geometry":{"type":"LineString","coordinates":[[20.56626,49.31286],[20.56656,49.31246],[20.56672,49.31141],[20.56748,49.30982]]}},{"type":"Feature","properties":{"kolor":"zielony","nazwa":""},"geometry":{"type":"LineString","coordinates":[[20.56298,49.31683],[20.56327,49.31614],[20.56415,49.31502],[20.56626,49.31286]]}},{"type":"Feature","properties":{"kolor":"zielony","nazwa":""},"geometry":{"type":"LineString","coordinates":[[20.55612,49.32638],[20.55671,49.32626],[20.55812,49.32547],[20.55858,49.32505],[20.559,49.32424],[20.55953,49.32202],[20.5602,49.32121],[20.56142,49.31909],[20.56298,49.31683]]}},{"type":"Feature","properties":{"kolor":"zielony","nazwa":""},"geometry":{"type":"LineString","coordinates":[[20.55072,49.33127],[20.55209,49.3301],[20.55349,49.32828],[20.5552,49.32692],[20.55612,49.32638]]}},{"type":"Feature","properties":{"kolor":"zielony","nazwa":""},"geometry":{"type":"LineString","coordinates":[[20.55063,49.33134],[20.55072,49.33127]]}},{"type":"Feature","properties":{"kolor":"zielony","nazwa":""},"geometry":{"type":"LineString","coordinates":[[20.54919,49.3323],[20.55063,49.33134]]}},{"type":"Feature","properties":{"kolor":"zielony","nazwa":""},"geometry":{"type":"LineString","coordinates":[[20.54953,49.33288],[20.54919,49.3323]]}},{"type":"Feature","properties":{"kolor":"zielony","nazwa":""},"geometry":{"type":"LineString","coordinates":[[20.54956,49.33296],[20.54953,49.33288]]}},{"type":"Feature","properties":{"kolor":"zielony","nazwa":""},"geometry":{"type":"LineString","coordinates":[[20.54964,49.33299],[20.54956,49.33296]]}},{"type":"Feature","properties":{"kolor":"zielony","nazwa":""},"geometry":{"type":"LineString","coordinates":[[20.55283,49.33411],[20.55314,49.33339],[20.55438,49.33204],[20.55406,49.33181],[20.55361,49.3319],[20.5531,49.33241],[20.55186,49.33295],[20.55139,49.33329],[20.55021,49.3329],[20.54964,49.33299]]}},{"type":"Feature","properties":{"kolor":"zielony","nazwa":""},"geometry":{"type":"LineString","coordinates":[[20.55413,49.33515],[20.55386,49.33474],[20.55283,49.33411]]}},{"type":"Feature","properties":{"kolor":"zielony","nazwa":""},"geometry":{"type":"LineString","coordinates":[[20.54342,49.34196],[20.54313,49.34183],[20.54303,49.34154],[20.5442,49.34019],[20.5444,49.33977],[20.5459,49.33921],[20.54776,49.33812],[20.54914,49.33789],[20.55074,49.33783],[20.55143,49.33758],[20.55211,49.33709],[20.55302,49.33602],[20.55399,49.33539],[20.55413,49.33515]]}},{"type":"Feature","properties":{"kolor":"zielony","nazwa":""},"geometry":{"type":"LineString","coordinates":[[20.55146,49.34852],[20.54967,49.3475],[20.54827,49.34696],[20.54722,49.34554],[20.54698,49.34461],[20.54655,49.34409],[20.54547,49.34341],[20.54525,49.34299],[20.54406,49.34219],[20.54392,49.34197],[20.54342,49.34196]]}},{"type":"Feature","properties":{"kolor":"zielony","nazwa":""},"geometry":{"type":"LineString","coordinates":[[20.56401,49.36236],[20.56335,49.3618],[20.56268,49.3606],[20.56218,49.35866],[20.56218,49.35741],[20.56177,49.35693],[20.56171,49.35622],[20.56136,49.35572],[20.56083,49.35522],[20.55876,49.35403],[20.55769,49.35301],[20.55464,49.35164],[20.55371,49.3511],[20.55326,49.3506],[20.55322,49.35007],[20.55277,49.34982],[20.55236,49.34916],[20.55146,49.34852]]}},{"type":"Feature","properties":{"kolor":"zielony","nazwa":""},"geometry":{"type":"LineString","coordinates":[[20.56384,49.36241],[20.56401,49.36236]]}},{"type":"Feature","properties":{"kolor":"zielony","nazwa":""},"geometry":{"type":"LineString","coordinates":[[20.56384,49.36241],[20.56359,49.36299],[20.56351,49.36415],[20.5633,49.36449],[20.55858,49.36892],[20.5585,49.36938],[20.5595,49.37192],[20.55809,49.37354],[20.55618,49.3745],[20.55643,49.37543]]}},{"type":"Feature","properties":{"kolor":"zielony","nazwa":""},"geometry":{"type":"LineString","coordinates":[[20.56161,49.37884],[20.56195,49.3781],[20.56157,49.377],[20.56134,49.37677],[20.56045,49.37658],[20.55735,49.37647],[20.55651,49.37632],[20.55638,49.37619],[20.55655,49.37568],[20.55643,49.37543]]}},{"type":"Feature","properties":{"kolor":"zielony","nazwa":""},"geometry":{"type":"LineString","coordinates":[[20.56161,49.37884],[20.56153,49.37912]]}},{"type":"Feature","properties":{"kolor":"zielony","nazwa":""},"geometry":{"type":"LineString","coordinates":[[20.51135,49.33507],[20.51135,49.3354],[20.50974,49.33694],[20.50965,49.33753],[20.51,49.33843],[20.5093,49.33918],[20.50909,49.34036],[20.50875,49.34098],[20.50888,49.34129],[20.50939,49.34173]]}},{"type":"Feature","properties":{"kolor":"zielony","nazwa":""},"geometry":{"type":"LineString","coordinates":[[20.50939,49.34173],[20.5096,49.34149],[20.50982,49.34051],[20.5105,49.33982],[20.51142,49.33939],[20.51217,49.33879],[20.51251,49.33765],[20.51342,49.33754],[20.51451,49.33787],[20.5149,49.33786],[20.5159,49.3374],[20.51625,49.33768],[20.51625,49.33858],[20.51639,49.33882],[20.51609,49.33966],[20.51626,49.34045],[20.51688,49.34101],[20.51812,49.34108],[20.51866,49.34261],[20.51906,49.34325],[20.52071,49.34476],[20.5212,49.34481],[20.52148,49.34471],[20.52291,49.34358],[20.52336,49.34307],[20.52405,49.34301],[20.52454,49.34263],[20.52534,49.34271],[20.52719,49.34193],[20.52829,49.34195]]}},{"type":"Feature","properties":{"kolor":"zielony","nazwa":""},"geometry":{"type":"LineString","coordinates":[[20.52829,49.34195],[20.52911,49.34196],[20.52931,49.3425],[20.52915,49.34273],[20.52878,49.34299],[20.52828,49.34313],[20.52754,49.3431],[20.52712,49.34322],[20.52566,49.34386],[20.52493,49.34496],[20.52487,49.34544],[20.52401,49.34597],[20.52368,49.34665],[20.52277,49.34675],[20.52234,49.34692],[20.5219,49.34729],[20.52152,49.34906],[20.52154,49.34946],[20.52207,49.35014],[20.52189,49.35123],[20.5221,49.35248],[20.52194,49.35322],[20.52278,49.35497],[20.52274,49.35578],[20.52309,49.3568],[20.52295,49.3576],[20.5232,49.35834],[20.52706,49.36192],[20.52828,49.36267],[20.52918,49.36286]]}},{"type":"Feature","properties":{"kolor":"zielony","nazwa":""},"geometry":{"type":"LineString","coordinates":[[20.52918,49.36286],[20.52986,49.3634],[20.53013,49.36429],[20.53054,49.36461],[20.53127,49.36488],[20.53159,49.36534],[20.53193,49.36621],[20.53181,49.36699],[20.53226,49.36754]]}},{"type":"Feature","properties":{"kolor":"zielony","nazwa":""},"geometry":{"type":"LineString","coordinates":[[20.53226,49.36754],[20.53286,49.368]]}},{"type":"Feature","properties":{"kolor":"zielony","nazwa":""},"geometry":{"type":"LineString","coordinates":[[20.53286,49.368],[20.53305,49.36815]]}},{"type":"Feature","properties":{"kolor":"zielony","nazwa":""},"geometry":{"type":"LineString","coordinates":[[20.53305,49.36815],[20.53352,49.36851]]}},{"type":"Feature","properties":{"kolor":"zielony","nazwa":""},"geometry":{"type":"LineString","coordinates":[[20.53328,49.3691],[20.53352,49.36851]]}},{"type":"Feature","properties":{"kolor":"zielony","nazwa":""},"geometry":{"type":"LineString","coordinates":[[20.53324,49.3692],[20.53328,49.3691]]}},{"type":"Feature","properties":{"kolor":"zielony","nazwa":""},"geometry":{"type":"LineString","coordinates":[[20.53304,49.37013],[20.53324,49.3692]]}},{"type":"Feature","properties":{"kolor":"zielony","nazwa":""},"geometry":{"type":"LineString","coordinates":[[20.51135,49.33507],[20.51098,49.33504]]}},{"type":"Feature","properties":{"kolor":"zielony","nazwa":""},"geometry":{"type":"LineString","coordinates":[[20.51098,49.33504],[20.51031,49.33502],[20.50924,49.3346],[20.50718,49.33349],[20.50503,49.33307],[20.50439,49.33215],[20.50256,49.33135],[20.50225,49.33042],[20.50116,49.32962]]}},{"type":"Feature","properties":{"kolor":"zielony","nazwa":""},"geometry":{"type":"LineString","coordinates":[[20.501,49.32553],[20.50267,49.32579],[20.50285,49.32599],[20.50273,49.32616],[20.50173,49.32666],[20.50105,49.32741],[20.50094,49.32812],[20.50143,49.3293],[20.50116,49.32962]]}},{"type":"Feature","properties":{"kolor":"zielony","nazwa":""},"geometry":{"type":"LineString","coordinates":[[20.50096,49.32539],[20.501,49.32553]]}},{"type":"Feature","properties":{"kolor":"zielony","nazwa":""},"geometry":{"type":"LineString","coordinates":[[20.50542,49.31764],[20.5045,49.31807],[20.50311,49.31901],[20.50163,49.31956],[20.50124,49.32133],[20.50232,49.32198],[20.50241,49.32237],[20.50206,49.32274],[20.50102,49.32322],[20.50015,49.32427],[20.50091,49.32503],[20.50096,49.32539]]}},{"type":"Feature","properties":{"kolor":"zielony","nazwa":""},"geometry":{"type":"LineString","coordinates":[[20.50542,49.31764],[20.50631,49.3173],[20.50718,49.31718],[20.50847,49.31646],[20.51006,49.31596]]}},{"type":"Feature","properties":{"kolor":"niebieski","nazwa":"Barcice PKP - Rozdroże pod Makowicą"},"geometry":{"type":"LineString","coordinates":[[20.6508,49.52801],[20.64844,49.52789]]}},{"type":"Feature","properties":{"kolor":"niebieski","nazwa":"Barcice PKP - Rozdroże pod Makowicą"},"geometry":{"type":"LineString","coordinates":[[20.65082,49.52792],[20.6508,49.52801]]}},{"type":"Feature","properties":{"kolor":"niebieski","nazwa":"Barcice PKP - Rozdroże pod Makowicą"},"geometry":{"type":"LineString","coordinates":[[20.65164,49.52531],[20.65082,49.52792]]}},{"type":"Feature","properties":{"kolor":"niebieski","nazwa":"Barcice PKP - Rozdroże pod Makowicą"},"geometry":{"type":"LineString","coordinates":[[20.65164,49.52531],[20.65404,49.52527],[20.65497,49.5249]]}},{"type":"Feature","properties":{"kolor":"niebieski","nazwa":"Barcice PKP - Rozdroże pod Makowicą"},"geometry":{"type":"LineString","coordinates":[[20.65497,49.5249],[20.6555,49.52455]]}},{"type":"Feature","properties":{"kolor":"niebieski","nazwa":"Barcice PKP - Rozdroże pod Makowicą"},"geometry":{"type":"LineString","coordinates":[[20.6555,49.52455],[20.65666,49.52378]]}},{"type":"Feature","properties":{"kolor":"niebieski","nazwa":"Barcice PKP - Rozdroże pod Makowicą"},"geometry":{"type":"LineString","coordinates":[[20.65666,49.52378],[20.65688,49.52363]]}},{"type":"Feature","properties":{"kolor":"niebieski","nazwa":"Barcice PKP - Rozdroże pod Makowicą"},"geometry":{"type":"LineString","coordinates":[[20.65688,49.52363],[20.65776,49.52297],[20.66246,49.5204],[20.66345,49.51949],[20.66308,49.51857],[20.6629,49.51841],[20.66209,49.51824],[20.66212,49.51767],[20.66162,49.51508],[20.66221,49.51549],[20.6627,49.51559],[20.66353,49.51541],[20.66361,49.51479],[20.66379,49.5146],[20.66491,49.51474],[20.66566,49.51471]]}},{"type":"Feature","properties":{"kolor":"niebieski","nazwa":"Barcice PKP - Rozdroże pod Makowicą"},"geometry":{"type":"LineString","coordinates":[[20.66566,49.51471],[20.66752,49.51447],[20.66858,49.51365],[20.66859,49.51309],[20.66884,49.51284]]}},{"type":"Feature","properties":{"kolor":"niebieski","nazwa":"Barcice PKP - Rozdroże pod Makowicą"},"geometry":{"type":"LineString","coordinates":[[20.66884,49.51284],[20.66968,49.51261],[20.67019,49.51204],[20.67203,49.51073],[20.67348,49.5104],[20.67499,49.5098]]}},{"type":"Feature","properties":{"kolor":"niebieski","nazwa":"Barcice PKP - Rozdroże pod Makowicą"},"geometry":{"type":"LineString","coordinates":[[20.68399,49.50928],[20.68381,49.50941],[20.68343,49.50918],[20.68273,49.50912],[20.68107,49.50943],[20.67981,49.50946],[20.67913,49.50864],[20.67806,49.50809],[20.67779,49.50855],[20.67681,49.50848],[20.67629,49.5086],[20.67554,49.50909],[20.67499,49.5098]]}},{"type":"Feature","properties":{"kolor":"niebieski","nazwa":"Barcice PKP - Rozdroże pod Makowicą"},"geometry":{"type":"LineString","coordinates":[[20.6873,49.50924],[20.68447,49.50914],[20.68399,49.50928]]}},{"type":"Feature","properties":{"kolor":"niebieski","nazwa":"Barcice PKP - Rozdroże pod Makowicą"},"geometry":{"type":"LineString","coordinates":[[20.6873,49.50924],[20.68741,49.50934],[20.6915,49.50981]]}},{"type":"Feature","properties":{"kolor":"niebieski","nazwa":"Barcice PKP - Rozdroże pod Makowicą"},"geometry":{"type":"LineString","coordinates":[[20.6915,49.50981],[20.69366,49.50989],[20.69489,49.51027],[20.69562,49.51028]]}},{"type":"Feature","properties":{"kolor":"niebieski","nazwa":"Barcice PKP - Rozdroże pod Makowicą"},"geometry":{"type":"LineString","coordinates":[[20.69579,49.50992],[20.69562,49.51028]]}},{"type":"Feature","properties":{"kolor":"niebieski","nazwa":"Barcice PKP - Rozdroże pod Makowicą"},"geometry":{"type":"LineString","coordinates":[[20.69579,49.50976],[20.69579,49.50992]]}},{"type":"Feature","properties":{"kolor":"niebieski","nazwa":"Barcice PKP - Rozdroże pod Makowicą"},"geometry":{"type":"LineString","coordinates":[[20.69579,49.50976],[20.69607,49.50969],[20.69789,49.51014],[20.69898,49.51088],[20.7,49.51133],[20.70091,49.51228],[20.70137,49.51252],[20.70223,49.51231],[20.70291,49.51239],[20.7034,49.51229],[20.70355,49.51213],[20.70233,49.5106],[20.70225,49.51029],[20.70244,49.50985],[20.70352,49.50909],[20.70429,49.50813],[20.7045,49.50715],[20.70439,49.50563],[20.70562,49.50342],[20.7067,49.50313],[20.7072,49.50358],[20.70752,49.50414],[20.70798,49.50446],[20.71023,49.5048],[20.71238,49.50411],[20.71241,49.50396],[20.71373,49.503],[20.71364,49.50279],[20.71232,49.5023],[20.71063,49.50192],[20.70984,49.50123],[20.70933,49.49999],[20.70837,49.49958],[20.70873,49.49786],[20.71,49.49792],[20.71082,49.49779],[20.71196,49.49804],[20.71237,49.49721],[20.71282,49.49685]]}},{"type":"Feature","properties":{"kolor":"niebieski","nazwa":"Barcice PKP - Rozdroże pod Makowicą"},"geometry":{"type":"LineString","coordinates":[[20.71282,49.49685],[20.71334,49.4967],[20.71369,49.49681],[20.71478,49.49675],[20.71702,49.49603],[20.71858,49.496],[20.71995,49.49557],[20.72243,49.49452],[20.72325,49.49444],[20.72391,49.49417],[20.72516,49.4942],[20.72622,49.49402]]}},{"type":"Feature","properties":{"kolor":"zielony","nazwa":"Nowy Sącz - Makowica"},"geometry":{"type":"LineString","coordinates":[[20.72622,49.49402],[20.72634,49.49455],[20.72669,49.49489],[20.72734,49.49629],[20.72729,49.49665],[20.72635,49.49772],[20.7269,49.49909],[20.72784,49.49949],[20.73027,49.49992],[20.73158,49.50054],[20.73271,49.50127],[20.73291,49.5023],[20.73265,49.50313],[20.7333,49.5046],[20.73353,49.50665],[20.73473,49.50775],[20.73466,49.50802],[20.73377,49.50858],[20.73331,49.5097],[20.73398,49.51084],[20.73443,49.51231],[20.73452,49.51323],[20.73382,49.51367],[20.73348,49.51439],[20.73287,49.515],[20.7314,49.51568],[20.72996,49.51578],[20.72899,49.51646],[20.72807,49.51691]]}},{"type":"Feature","properties":{"kolor":"zielony","nazwa":"Nowy Sącz - Makowica"},"geometry":{"type":"LineString","coordinates":[[20.72807,49.51691],[20.72719,49.51743],[20.72609,49.51783],[20.72579,49.51847],[20.72504,49.51894],[20.72411,49.51931],[20.72329,49.51994],[20.7219,49.52149]]}},{"type":"Feature","properties":{"kolor":"zielony","nazwa":"Nowy Sącz - Makowica"},"geometry":{"type":"LineString","coordinates":[[20.7219,49.52149],[20.72143,49.52153],[20.71766,49.52079]]}},{"type":"Feature","properties":{"kolor":"zielony","nazwa":"Nowy Sącz - Makowica"},"geometry":{"type":"LineString","coordinates":[[20.71766,49.52079],[20.71521,49.52095],[20.71405,49.52082],[20.71374,49.52092],[20.71316,49.52146],[20.71192,49.52193],[20.71079,49.52253],[20.70797,49.52286],[20.70706,49.52332]]}},{"type":"Feature","properties":{"kolor":"zielony","nazwa":"Nowy Sącz - Makowica"},"geometry":{"type":"LineString","coordinates":[[20.70706,49.52332],[20.70675,49.52347],[20.70537,49.52487],[20.70464,49.52512]]}},{"type":"Feature","properties":{"kolor":"zielony","nazwa":"Nowy Sącz - Makowica"},"geometry":{"type":"LineString","coordinates":[[20.70464,49.52512],[20.70265,49.52557],[20.70227,49.52575]]}},{"type":"Feature","properties":{"kolor":"zielony","nazwa":"Nowy Sącz - Makowica"},"geometry":{"type":"LineString","coordinates":[[20.70227,49.52575],[20.70152,49.52629],[20.69967,49.52669]]}},{"type":"Feature","properties":{"kolor":"zielony","nazwa":"Nowy Sącz - Makowica"},"geometry":{"type":"LineString","coordinates":[[20.69967,49.52669],[20.70123,49.52745],[20.7028,49.52757],[20.70435,49.52736],[20.70546,49.52798],[20.70707,49.52963],[20.70761,49.52988],[20.7095,49.53118]]}},{"type":"Feature","properties":{"kolor":"zielony","nazwa":"Nowy Sącz - Makowica"},"geometry":{"type":"LineString","coordinates":[[20.7095,49.53118],[20.71053,49.53195],[20.71083,49.53199],[20.71159,49.53293]]}},{"type":"Feature","properties":{"kolor":"zielony","nazwa":"Nowy Sącz - Makowica"},"geometry":{"type":"LineString","coordinates":[[20.71159,49.53293],[20.71204,49.5335]]}},{"type":"Feature","properties":{"kolor":"zielony","nazwa":"Nowy Sącz - Makowica"},"geometry":{"type":"LineString","coordinates":[[20.71204,49.5335],[20.7123,49.53398]]}},{"type":"Feature","properties":{"kolor":"zielony","nazwa":"Nowy Sącz - Makowica"},"geometry":{"type":"LineString","coordinates":[[20.7123,49.53398],[20.71244,49.53483],[20.71218,49.53626],[20.71239,49.53722],[20.71216,49.53797],[20.71238,49.53891],[20.7121,49.53987],[20.71233,49.54033],[20.71206,49.54165],[20.71173,49.54223],[20.71222,49.54373]]}},{"type":"Feature","properties":{"kolor":"zielony","nazwa":"Nowy Sącz - Makowica"},"geometry":{"type":"LineString","coordinates":[[20.71222,49.54373],[20.71266,49.54409],[20.71306,49.54474],[20.71278,49.54554],[20.71278,49.54606],[20.71227,49.54653]]}},{"type":"Feature","properties":{"kolor":"zielony","nazwa":"Nowy Sącz - Makowica"},"geometry":{"type":"LineString","coordinates":[[20.71227,49.54653],[20.71217,49.54659]]}},{"type":"Feature","properties":{"kolor":"zielony","nazwa":"Nowy Sącz - Makowica"},"geometry":{"type":"LineString","coordinates":[[20.71217,49.54659],[20.7115,49.54717],[20.71064,49.54835],[20.70885,49.55],[20.70798,49.55132]]}},{"type":"Feature","properties":{"kolor":"zielony","nazwa":"Nowy Sącz - Makowica"},"geometry":{"type":"LineString","coordinates":[[20.70798,49.55132],[20.70458,49.55821],[20.70446,49.55944],[20.70457,49.55965]]}},{"type":"Feature","properties":{"kolor":"zielony","nazwa":"Nowy Sącz - Makowica"},"geometry":{"type":"LineString","coordinates":[[20.70457,49.55965],[20.70453,49.56001],[20.70341,49.56105],[20.70358,49.5622],[20.70396,49.56287]]}},{"type":"Feature","properties":{"kolor":"zielony","nazwa":"Nowy Sącz - Makowica"},"geometry":{"type":"LineString","coordinates":[[20.70396,49.56287],[20.70389,49.56387],[20.70444,49.56443],[20.70627,49.5658],[20.70724,49.56686],[20.70696,49.56787]]}},{"type":"Feature","properties":{"kolor":"zielony","nazwa":"Nowy Sącz - Makowica"},"geometry":{"type":"LineString","coordinates":[[20.70696,49.56787],[20.7071,49.56817],[20.70675,49.56898],[20.70678,49.56927],[20.70822,49.56975]]}},{"type":"Feature","properties":{"kolor":"zielony","nazwa":"Nowy Sącz - Makowica"},"geometry":{"type":"LineString","coordinates":[[20.70822,49.56975],[20.70885,49.57133]]}},{"type":"Feature","properties":{"kolor":"zielony","nazwa":"Barcice - Wdżary Niżne"},"geometry":{"type":"LineString","coordinates":[[20.6508,49.52801],[20.64844,49.52789]]}},{"type":"Feature","properties":{"kolor":"zielony","nazwa":"Barcice - Wdżary Niżne"},"geometry":{"type":"LineString","coordinates":[[20.65082,49.52792],[20.6508,49.52801]]}},{"type":"Feature","properties":{"kolor":"zielony","nazwa":"Barcice - Wdżary Niżne"},"geometry":{"type":"LineString","coordinates":[[20.65164,49.52531],[20.65082,49.52792]]}},{"type":"Feature","properties":{"kolor":"zielony","nazwa":"Barcice - Wdżary Niżne"},"geometry":{"type":"LineString","coordinates":[[20.65236,49.5207],[20.65164,49.52531]]}},{"type":"Feature","properties":{"kolor":"zielony","nazwa":"Barcice - Wdżary Niżne"},"geometry":{"type":"LineString","coordinates":[[20.65161,49.5194],[20.65167,49.51986],[20.65231,49.52032],[20.65236,49.5207]]}},{"type":"Feature","properties":{"kolor":"zielony","nazwa":"Barcice - Wdżary Niżne"},"geometry":{"type":"LineString","coordinates":[[20.65154,49.51676],[20.65161,49.5194]]}},{"type":"Feature","properties":{"kolor":"zielony","nazwa":"Barcice - Wdżary Niżne"},"geometry":{"type":"LineString","coordinates":[[20.65138,49.51532],[20.65154,49.51676]]}},{"type":"Feature","properties":{"kolor":"zielony","nazwa":"Barcice - Wdżary Niżne"},"geometry":{"type":"LineString","coordinates":[[20.65128,49.51502],[20.65138,49.51532]]}},{"type":"Feature","properties":{"kolor":"zielony","nazwa":"Barcice - Wdżary Niżne"},"geometry":{"type":"LineString","coordinates":[[20.65139,49.51011],[20.65094,49.51121],[20.65076,49.51233],[20.65082,49.5136],[20.65128,49.51502]]}},{"type":"Feature","properties":{"kolor":"zielony","nazwa":"Barcice - Wdżary Niżne"},"geometry":{"type":"LineString","coordinates":[[20.65139,49.51011],[20.6511,49.50997],[20.65055,49.50905],[20.64694,49.50734]]}},{"type":"Feature","properties":{"kolor":"zielony","nazwa":"Barcice - Wdżary Niżne"},"geometry":{"type":"LineString","coordinates":[[20.64694,49.50734],[20.64693,49.50731]]}},{"type":"Feature","properties":{"kolor":"zielony","nazwa":"Barcice - Wdżary Niżne"},"geometry":{"type":"LineString","coordinates":[[20.64693,49.50731],[20.64694,49.50726]]}},{"type":"Feature","properties":{"kolor":"zielony","nazwa":"Barcice - Wdżary Niżne"},"geometry":{"type":"LineString","coordinates":[[20.64694,49.50726],[20.64692,49.50714]]}},{"type":"Feature","properties":{"kolor":"zielony","nazwa":"Barcice - Wdżary Niżne"},"geometry":{"type":"LineString","coordinates":[[20.64692,49.50714],[20.64619,49.50704],[20.64518,49.50651],[20.64365,49.50396],[20.64202,49.50181],[20.64075,49.50125],[20.63894,49.49932],[20.63718,49.49893]]}},{"type":"Feature","properties":{"kolor":"zielony","nazwa":"Barcice - Wdżary Niżne"},"geometry":{"type":"LineString","coordinates":[[20.63512,49.49811],[20.63718,49.49893]]}},{"type":"Feature","properties":{"kolor":"zielony","nazwa":"Barcice - Wdżary Niżne"},"geometry":{"type":"LineString","coordinates":[[20.63512,49.49811],[20.63459,49.49771],[20.6333,49.49708],[20.63097,49.49623],[20.62963,49.4954],[20.62905,49.49478],[20.62848,49.49446],[20.62789,49.49308],[20.62741,49.49253],[20.62723,49.49178],[20.62728,49.49067],[20.62822,49.48848],[20.62806,49.48804],[20.62758,49.48784],[20.6258,49.48748],[20.62552,49.48728],[20.62332,49.48667],[20.62276,49.48664],[20.62147,49.48716],[20.62043,49.48733],[20.61807,49.48707],[20.61766,49.48689],[20.61678,49.48616],[20.61604,49.48474]]}},{"type":"Feature","properties":{"kolor":"niebieski","nazwa":"Nawojowa - Wilcze Doły"},"geometry":{"type":"LineString","coordinates":[[20.74246,49.54635],[20.74104,49.54568],[20.7383,49.54506],[20.73526,49.54356],[20.73365,49.54313],[20.73345,49.54286],[20.73216,49.54201],[20.73083,49.53977],[20.7304,49.5386],[20.73049,49.53736],[20.7297,49.53691],[20.7295,49.53658],[20.72957,49.53528],[20.72936,49.53418],[20.72953,49.53254],[20.72926,49.53171],[20.72924,49.53086],[20.7277,49.52908]]}},{"type":"Feature","properties":{"kolor":"niebieski","nazwa":"Nawojowa - Wilcze Doły"},"geometry":{"type":"LineString","coordinates":[[20.7277,49.52908],[20.72518,49.52729],[20.72461,49.52665],[20.72434,49.52594],[20.72324,49.52498],[20.72291,49.52403],[20.72243,49.52346],[20.7222,49.52276],[20.72176,49.5221],[20.7219,49.52149]]}},{"type":"Feature","properties":{"kolor":"niebieski","nazwa":"Nawojowa - Wilcze Doły"},"geometry":{"type":"LineString","coordinates":[[20.74246,49.54635],[20.74255,49.54613],[20.74303,49.54582],[20.74346,49.54575]]}},{"type":"Feature","properties":{"kolor":"niebieski","nazwa":"Nawojowa - Wilcze Doły"},"geometry":{"type":"LineString","coordinates":[[20.74346,49.54575],[20.74442,49.54664],[20.74473,49.54734],[20.74502,49.55001],[20.74465,49.552],[20.74514,49.55271],[20.74559,49.5548]]}},{"type":"Feature","properties":{"kolor":"niebieski","nazwa":"Nawojowa - Wilcze Doły"},"geometry":{"type":"LineString","coordinates":[[20.74559,49.5548],[20.74548,49.55557]]}},{"type":"Feature","properties":{"kolor":"niebieski","nazwa":"Nawojowa - Wilcze Doły"},"geometry":{"type":"LineString","coordinates":[[20.74548,49.55557],[20.74512,49.55637],[20.74556,49.55726]]}},{"type":"Feature","properties":{"kolor":"niebieski","nazwa":"Nawojowa - Wilcze Doły"},"geometry":{"type":"LineString","coordinates":[[20.74548,49.55557],[20.74597,49.55623],[20.74556,49.55726]]}},{"type":"Feature","properties":{"kolor":"niebieski","nazwa":"Nawojowa - Wilcze Doły"},"geometry":{"type":"LineString","coordinates":[[20.74556,49.55726],[20.74468,49.5589],[20.74457,49.5601],[20.74481,49.56029]]}},{"type":"Feature","properties":{"kolor":"zielony","nazwa":"Piwniczna Zdrój - Obidza"},"geometry":{"type":"LineString","coordinates":[[20.71723,49.44048],[20.71739,49.43969],[20.71669,49.43927],[20.71613,49.43862],[20.71497,49.43782],[20.71253,49.43684]]}},{"type":"Feature","properties":{"kolor":"zielony","nazwa":"Piwniczna Zdrój - Obidza"},"geometry":{"type":"LineString","coordinates":[[20.70645,49.43466],[20.70673,49.43501],[20.70806,49.43575],[20.70884,49.43602],[20.71148,49.43631],[20.71253,49.43684]]}},{"type":"Feature","properties":{"kolor":"zielony","nazwa":"Piwniczna Zdrój - Obidza"},"geometry":{"type":"LineString","coordinates":[[20.70638,49.43447],[20.70645,49.43466]]}},{"type":"Feature","properties":{"kolor":"zielony","nazwa":"Piwniczna Zdrój - Obidza"},"geometry":{"type":"LineString","coordinates":[[20.70637,49.43446],[20.70638,49.43447]]}},{"type":"Feature","properties":{"kolor":"zielony","nazwa":"Piwniczna Zdrój - Obidza"},"geometry":{"type":"LineString","coordinates":[[20.70547,49.43429],[20.70637,49.43446]]}},{"type":"Feature","properties":{"kolor":"zielony","nazwa":"Piwniczna Zdrój - Obidza"},"geometry":{"type":"LineString","coordinates":[[20.70436,49.43385],[20.70476,49.43411],[20.70547,49.43429]]}},{"type":"Feature","properties":{"kolor":"zielony","nazwa":"Piwniczna Zdrój - Obidza"},"geometry":{"type":"LineString","coordinates":[[20.70292,49.43184],[20.70352,49.43208],[20.70369,49.43227],[20.70398,49.43306],[20.70425,49.43328],[20.70403,49.43361],[20.70436,49.43385]]}},{"type":"Feature","properties":{"kolor":"zielony","nazwa":"Piwniczna Zdrój - Obidza"},"geometry":{"type":"LineString","coordinates":[[20.70292,49.43184],[20.70295,49.43163],[20.70321,49.43148],[20.70435,49.43131],[20.70371,49.43075]]}},{"type":"Feature","properties":{"kolor":"zielony","nazwa":"Piwniczna Zdrój - Obidza"},"geometry":{"type":"LineString","coordinates":[[20.70105,49.42794],[20.7019,49.42818],[20.70221,49.42839],[20.70231,49.42974],[20.70281,49.43006],[20.70294,49.4304],[20.70371,49.43075]]}},{"type":"Feature","properties":{"kolor":"zielony","nazwa":"Piwniczna Zdrój - Obidza"},"geometry":{"type":"LineString","coordinates":[[20.70105,49.42794],[20.70018,49.42782],[20.69951,49.4275],[20.69835,49.42759],[20.6977,49.42777],[20.69552,49.4267],[20.6946,49.42657],[20.69305,49.42592],[20.69275,49.42556],[20.6923,49.4253],[20.69209,49.42481],[20.69253,49.42301],[20.69204,49.42129]]}},{"type":"Feature","properties":{"kolor":"zielony","nazwa":"Piwniczna Zdrój - Obidza"},"geometry":{"type":"LineString","coordinates":[[20.69118,49.41958],[20.69196,49.42064],[20.69204,49.42129]]}},{"type":"Feature","properties":{"kolor":"zielony","nazwa":"Piwniczna Zdrój - Obidza"},"geometry":{"type":"LineString","coordinates":[[20.69105,49.41949],[20.69118,49.41958]]}},{"type":"Feature","properties":{"kolor":"zielony","nazwa":"Piwniczna Zdrój - Obidza"},"geometry":{"type":"LineString","coordinates":[[20.68592,49.41605],[20.68624,49.41649],[20.68723,49.41717],[20.68794,49.41809],[20.6889,49.41857],[20.69005,49.41884],[20.69105,49.41949]]}},{"type":"Feature","properties":{"kolor":"zielony","nazwa":"Piwniczna Zdrój - Obidza"},"geometry":{"type":"LineString","coordinates":[[20.67248,49.41053],[20.67499,49.41157],[20.67564,49.41207],[20.67791,49.41271],[20.6793,49.4133],[20.67954,49.41361],[20.68301,49.41504],[20.68426,49.41578],[20.68592,49.41605]]}},{"type":"Feature","properties":{"kolor":"zielony","nazwa":"Piwniczna Zdrój - Obidza"},"geometry":{"type":"LineString","coordinates":[[20.64337,49.4011],[20.64438,49.40124],[20.64513,49.4011],[20.64725,49.401],[20.64807,49.40125],[20.64975,49.40131],[20.65217,49.4017],[20.65281,49.40198],[20.65362,49.40215],[20.65533,49.40223],[20.65623,49.40241],[20.65771,49.40326],[20.65997,49.40372],[20.66184,49.40388],[20.66359,49.40383],[20.66466,49.40393],[20.6652,49.40432],[20.66515,49.40488],[20.66556,49.40628],[20.66716,49.40678],[20.66803,49.40737],[20.66983,49.40803],[20.6703,49.4084],[20.67128,49.40989],[20.67248,49.41053]]}},{"type":"Feature","properties":{"kolor":"zielony","nazwa":"Piwniczna Zdrój - Obidza"},"geometry":{"type":"LineString","coordinates":[[20.64231,49.40445],[20.64262,49.40367],[20.6425,49.40235],[20.64337,49.4011]]}},{"type":"Feature","properties":{"kolor":"zielony","nazwa":"Piwniczna Zdrój - Obidza"},"geometry":{"type":"LineString","coordinates":[[20.6399,49.40694],[20.64092,49.40539],[20.64165,49.40518],[20.64172,49.40475],[20.64231,49.40445]]}},{"type":"Feature","properties":{"kolor":"zielony","nazwa":"Piwniczna Zdrój - Obidza"},"geometry":{"type":"LineString","coordinates":[[20.62336,49.41228],[20.62376,49.41217],[20.62439,49.41167],[20.62528,49.41131],[20.6263,49.41064],[20.62704,49.41036],[20.62787,49.41028],[20.62885,49.40982],[20.62954,49.40927],[20.63157,49.40898],[20.6339,49.409],[20.63585,49.40868],[20.63886,49.40757],[20.6399,49.40694]]}},{"type":"Feature","properties":{"kolor":"zielony","nazwa":"Piwniczna Zdrój - Obidza"},"geometry":{"type":"LineString","coordinates":[[20.62198,49.41418],[20.62214,49.41357],[20.62336,49.41228]]}},{"type":"Feature","properties":{"kolor":"zielony","nazwa":"Piwniczna Zdrój - Obidza"},"geometry":{"type":"LineString","coordinates":[[20.62194,49.41471],[20.62198,49.41418]]}},{"type":"Feature","properties":{"kolor":"zielony","nazwa":"Piwniczna Zdrój - Obidza"},"geometry":{"type":"LineString","coordinates":[[20.62165,49.41717],[20.62234,49.41683],[20.62265,49.41625],[20.62221,49.41501],[20.62194,49.41471]]}},{"type":"Feature","properties":{"kolor":"zielony","nazwa":"Piwniczna Zdrój - Obidza"},"geometry":{"type":"LineString","coordinates":[[20.62151,49.41719],[20.62165,49.41717]]}},{"type":"Feature","properties":{"kolor":"zielony","nazwa":"Piwniczna Zdrój - Obidza"},"geometry":{"type":"LineString","coordinates":[[20.62105,49.41743],[20.62151,49.41719]]}},{"type":"Feature","properties":{"kolor":"zielony","nazwa":"Piwniczna Zdrój - Obidza"},"geometry":{"type":"LineString","coordinates":[[20.62106,49.41804],[20.62089,49.41787],[20.62105,49.41743]]}},{"type":"Feature","properties":{"kolor":"zielony","nazwa":"Piwniczna Zdrój - Obidza"},"geometry":{"type":"LineString","coordinates":[[20.621,49.41883],[20.62106,49.41804]]}},{"type":"Feature","properties":{"kolor":"zielony","nazwa":"Piwniczna Zdrój - Obidza"},"geometry":{"type":"LineString","coordinates":[[20.621,49.41883],[20.62047,49.41917],[20.61909,49.41949]]}},{"type":"Feature","properties":{"kolor":"zielony","nazwa":"Piwniczna Zdrój - Obidza"},"geometry":{"type":"LineString","coordinates":[[20.61909,49.41949],[20.61899,49.41953]]}},{"type":"Feature","properties":{"kolor":"zielony","nazwa":"Piwniczna Zdrój - Obidza"},"geometry":{"type":"LineString","coordinates":[[20.61899,49.41953],[20.61873,49.41972]]}},{"type":"Feature","properties":{"kolor":"zielony","nazwa":"Piwniczna Zdrój - Obidza"},"geometry":{"type":"LineString","coordinates":[[20.61873,49.41972],[20.61786,49.42001]]}},{"type":"Feature","properties":{"kolor":"zielony","nazwa":"Piwniczna Zdrój - Obidza"},"geometry":{"type":"LineString","coordinates":[[20.61786,49.42001],[20.61689,49.42028]]}},{"type":"Feature","properties":{"kolor":"niebieski","nazwa":"Rytro-Przehyba"},"geometry":{"type":"LineString","coordinates":[[20.68032,49.48475],[20.68089,49.4867]]}},{"type":"Feature","properties":{"kolor":"niebieski","nazwa":"Rytro-Przehyba"},"geometry":{"type":"LineString","coordinates":[[20.68089,49.4867],[20.68142,49.48858]]}},{"type":"Feature","properties":{"kolor":"niebieski","nazwa":"Rytro-Przehyba"},"geometry":{"type":"LineString","coordinates":[[20.68142,49.48858],[20.68151,49.48887]]}},{"type":"Feature","properties":{"kolor":"niebieski","nazwa":"Rytro-Przehyba"},"geometry":{"type":"LineString","coordinates":[[20.68151,49.48887],[20.68157,49.48906]]}},{"type":"Feature","properties":{"kolor":"niebieski","nazwa":"Rytro-Przehyba"},"geometry":{"type":"LineString","coordinates":[[20.68157,49.48906],[20.68165,49.48934]]}},{"type":"Feature","properties":{"kolor":"niebieski","nazwa":"Rytro-Przehyba"},"geometry":{"type":"LineString","coordinates":[[20.68165,49.48934],[20.6767,49.49007],[20.67512,49.49003],[20.67269,49.49061],[20.67209,49.49054]]}},{"type":"Feature","properties":{"kolor":"niebieski","nazwa":"Rytro-Przehyba"},"geometry":{"type":"LineString","coordinates":[[20.67209,49.49054],[20.67194,49.4905]]}},{"type":"Feature","properties":{"kolor":"niebieski","nazwa":"Rytro-Przehyba"},"geometry":{"type":"LineString","coordinates":[[20.67194,49.4905],[20.66971,49.48978],[20.66618,49.48946]]}},{"type":"Feature","properties":{"kolor":"niebieski","nazwa":"Rytro-Przehyba"},"geometry":{"type":"LineString","coordinates":[[20.66618,49.48946],[20.66572,49.4894]]}},{"type":"Feature","properties":{"kolor":"niebieski","nazwa":"Rytro-Przehyba"},"geometry":{"type":"LineString","coordinates":[[20.66572,49.4894],[20.6627,49.4893],[20.6609,49.48891]]}},{"type":"Feature","properties":{"kolor":"niebieski","nazwa":"Rytro-Przehyba"},"geometry":{"type":"LineString","coordinates":[[20.6609,49.48891],[20.65986,49.48868],[20.65837,49.48806],[20.65709,49.48775],[20.65096,49.48693]]}},{"type":"Feature","properties":{"kolor":"niebieski","nazwa":"Rytro-Przehyba"},"geometry":{"type":"LineString","coordinates":[[20.65096,49.48693],[20.64828,49.48612]]}},{"type":"Feature","properties":{"kolor":"niebieski","nazwa":"Rytro-Przehyba"},"geometry":{"type":"LineString","coordinates":[[20.64828,49.48612],[20.64666,49.48566]]}},{"type":"Feature","properties":{"kolor":"niebieski","nazwa":"Rytro-Przehyba"},"geometry":{"type":"LineString","coordinates":[[20.64215,49.48331],[20.64268,49.48371],[20.64492,49.4847],[20.64572,49.48536],[20.64666,49.48566]]}},{"type":"Feature","properties":{"kolor":"niebieski","nazwa":"Rytro-Przehyba"},"geometry":{"type":"LineString","coordinates":[[20.63551,49.48148],[20.63891,49.48217],[20.63969,49.48252],[20.64112,49.48273],[20.64215,49.48331]]}},{"type":"Feature","properties":{"kolor":"niebieski","nazwa":"Rytro-Przehyba"},"geometry":{"type":"LineString","coordinates":[[20.63529,49.48141],[20.63551,49.48148]]}},{"type":"Feature","properties":{"kolor":"niebieski","nazwa":"Rytro-Przehyba"},"geometry":{"type":"LineString","coordinates":[[20.62899,49.47975],[20.62945,49.48049],[20.63044,49.48101],[20.6323,49.48136],[20.63529,49.48141]]}},{"type":"Feature","properties":{"kolor":"niebieski","nazwa":"Rytro-Przehyba"},"geometry":{"type":"LineString","coordinates":[[20.62859,49.47957],[20.62899,49.47975]]}},{"type":"Feature","properties":{"kolor":"niebieski","nazwa":"Rytro-Przehyba"},"geometry":{"type":"LineString","coordinates":[[20.6284,49.4795],[20.62859,49.47957]]}},{"type":"Feature","properties":{"kolor":"niebieski","nazwa":"Rytro-Przehyba"},"geometry":{"type":"LineString","coordinates":[[20.57302,49.46966],[20.57403,49.47031],[20.57457,49.47093],[20.57627,49.4719],[20.57656,49.47255],[20.5773,49.4733],[20.57807,49.47364],[20.57934,49.47444],[20.58093,49.47582],[20.58318,49.47601],[20.58362,49.47636],[20.58549,49.47685],[20.58615,49.4775],[20.58726,49.47817],[20.5881,49.47938],[20.58842,49.47964],[20.59002,49.47979],[20.59148,49.4804],[20.5933,49.48081],[20.59606,49.48078],[20.59697,49.48063],[20.59935,49.48105],[20.60084,49.48092],[20.60187,49.48062],[20.60248,49.4806],[20.60364,49.4808],[20.60545,49.48087],[20.60655,49.48128],[20.60801,49.48226],[20.60947,49.48288],[20.61254,49.48312],[20.61557,49.4843],[20.61604,49.48474],[20.61664,49.48502],[20.61709,49.4849],[20.61746,49.48418],[20.61694,49.48249],[20.6177,49.4818],[20.6183,49.48099],[20.6189,49.48069],[20.62057,49.48018],[20.62394,49.48004],[20.6254,49.47957],[20.62742,49.47929],[20.6284,49.4795]]}},{"type":"Feature","properties":{"kolor":"niebieski","nazwa":"Rytro-Przehyba"},"geometry":{"type":"LineString","coordinates":[[20.57286,49.46958],[20.57302,49.46966]]}},{"type":"Feature","properties":{"kolor":"niebieski","nazwa":"Rytro-Przehyba"},"geometry":{"type":"LineString","coordinates":[[20.56694,49.46686],[20.56844,49.46786],[20.57042,49.46826],[20.57132,49.46886],[20.57286,49.46958]]}},{"type":"Feature","properties":{"kolor":"niebieski","nazwa":"Rytro-Przehyba"},"geometry":{"type":"LineString","coordinates":[[20.56694,49.46686],[20.56643,49.4666],[20.56552,49.46637],[20.56314,49.46617],[20.55969,49.46489],[20.558,49.46614],[20.55625,49.46652]]}},{"type":"Feature","properties":{"kolor":"niebieski","nazwa":"Rytro-Przehyba"},"geometry":{"type":"LineString","coordinates":[[20.55625,49.46652],[20.55568,49.46672],[20.55455,49.46667],[20.55368,49.4668]]}},{"type":"Feature","properties":{"kolor":"zolty","nazwa":"Stary Sącz - Przehyba"},"geometry":{"type":"LineString","coordinates":[[20.64296,49.55858],[20.64292,49.55906]]}},{"type":"Feature","properties":{"kolor":"zolty","nazwa":"Stary Sącz - Przehyba"},"geometry":{"type":"LineString","coordinates":[[20.64296,49.55858],[20.63936,49.55898]]}},{"type":"Feature","properties":{"kolor":"zolty","nazwa":"Stary Sącz - Przehyba"},"geometry":{"type":"LineString","coordinates":[[20.63799,49.55668],[20.63841,49.55681],[20.63867,49.55707],[20.6391,49.55859],[20.63936,49.55898]]}},{"type":"Feature","properties":{"kolor":"zolty","nazwa":"Stary Sącz - Przehyba"},"geometry":{"type":"LineString","coordinates":[[20.63799,49.55668],[20.63732,49.55628]]}},{"type":"Feature","properties":{"kolor":"zolty","nazwa":"Stary Sącz - Przehyba"},"geometry":{"type":"LineString","coordinates":[[20.63732,49.55628],[20.63718,49.5555]]}},{"type":"Feature","properties":{"kolor":"zolty","nazwa":"Stary Sącz - Przehyba"},"geometry":{"type":"LineString","coordinates":[[20.63718,49.5555],[20.63661,49.55406],[20.63573,49.55248],[20.63491,49.5517],[20.63402,49.55049],[20.63291,49.54812]]}},{"type":"Feature","properties":{"kolor":"zolty","nazwa":"Stary Sącz - Przehyba"},"geometry":{"type":"LineString","coordinates":[[20.63291,49.54812],[20.63229,49.54731]]}},{"type":"Feature","properties":{"kolor":"zolty","nazwa":"Stary Sącz - Przehyba"},"geometry":{"type":"LineString","coordinates":[[20.63229,49.54731],[20.63141,49.5458],[20.63099,49.54427],[20.63056,49.54345]]}},{"type":"Feature","properties":{"kolor":"zolty","nazwa":"Stary Sącz - Przehyba"},"geometry":{"type":"LineString","coordinates":[[20.62632,49.53796],[20.63056,49.54345]]}},{"type":"Feature","properties":{"kolor":"zolty","nazwa":"Stary Sącz - Przehyba"},"geometry":{"type":"LineString","coordinates":[[20.62135,49.52666],[20.62175,49.52726],[20.62268,49.52968],[20.62279,49.53149],[20.62371,49.5336],[20.62383,49.53454],[20.62432,49.53527],[20.62504,49.53707],[20.62632,49.53796]]}},{"type":"Feature","properties":{"kolor":"zolty","nazwa":"Stary Sącz - Przehyba"},"geometry":{"type":"LineString","coordinates":[[20.61826,49.51964],[20.6189,49.52072],[20.62014,49.52223],[20.61992,49.52322],[20.62045,49.52429],[20.6202,49.525],[20.6205,49.52563],[20.62135,49.52666]]}},{"type":"Feature","properties":{"kolor":"zolty","nazwa":"Stary Sącz - Przehyba"},"geometry":{"type":"LineString","coordinates":[[20.61698,49.51734],[20.61826,49.51964]]}},{"type":"Feature","properties":{"kolor":"zolty","nazwa":"Stary Sącz - Przehyba"},"geometry":{"type":"LineString","coordinates":[[20.61364,49.51518],[20.61698,49.51734]]}},{"type":"Feature","properties":{"kolor":"zolty","nazwa":"Stary Sącz - Przehyba"},"geometry":{"type":"LineString","coordinates":[[20.6102,49.51458],[20.61244,49.5147],[20.61364,49.51518]]}},{"type":"Feature","properties":{"kolor":"zolty","nazwa":"Stary Sącz - Przehyba"},"geometry":{"type":"LineString","coordinates":[[20.60137,49.51272],[20.60275,49.51272],[20.60565,49.51308],[20.60752,49.51306],[20.60788,49.51317],[20.60868,49.5141],[20.6102,49.51458]]}},{"type":"Feature","properties":{"kolor":"zolty","nazwa":"Stary Sącz - Przehyba"},"geometry":{"type":"LineString","coordinates":[[20.59881,49.5125],[20.59949,49.51243],[20.60137,49.51272]]}},{"type":"Feature","properties":{"kolor":"zolty","nazwa":"Stary Sącz - Przehyba"},"geometry":{"type":"LineString","coordinates":[[20.59881,49.5125],[20.59878,49.51261]]}},{"type":"Feature","properties":{"kolor":"zolty","nazwa":"Stary Sącz - Przehyba"},"geometry":{"type":"LineString","coordinates":[[20.59213,49.50995],[20.5925,49.51025],[20.59288,49.51104],[20.59358,49.51142],[20.59375,49.5118],[20.59478,49.51257],[20.59696,49.51253],[20.59833,49.51269],[20.59878,49.51261]]}},{"type":"Feature","properties":{"kolor":"zolty","nazwa":"Stary Sącz - Przehyba"},"geometry":{"type":"LineString","coordinates":[[20.58836,49.50819],[20.58942,49.5086],[20.59111,49.50984],[20.59213,49.50995]]}},{"type":"Feature","properties":{"kolor":"zolty","nazwa":"Stary Sącz - Przehyba"},"geometry":{"type":"LineString","coordinates":[[20.57781,49.49771],[20.57868,49.49823],[20.57911,49.49871],[20.57962,49.49946],[20.57976,49.50017],[20.58053,49.50102],[20.58093,49.50206],[20.58093,49.50262],[20.58183,49.50353],[20.58241,49.50375],[20.58297,49.50431],[20.58406,49.5048],[20.5846,49.5055],[20.58617,49.5061],[20.58728,49.50755],[20.58836,49.50819]]}},{"type":"Feature","properties":{"kolor":"zolty","nazwa":"Stary Sącz - Przehyba"},"geometry":{"type":"LineString","coordinates":[[20.56529,49.49317],[20.5656,49.49367],[20.5667,49.49438],[20.56758,49.49454],[20.56857,49.49453],[20.57004,49.49502],[20.57097,49.4952],[20.57267,49.49511],[20.57508,49.49518],[20.57586,49.49566],[20.57677,49.49645],[20.57706,49.49715],[20.57781,49.49771]]}},{"type":"Feature","properties":{"kolor":"zolty","nazwa":"Stary Sącz - Przehyba"},"geometry":{"type":"LineString","coordinates":[[20.5666,49.48993],[20.56682,49.49108],[20.56666,49.49225],[20.56634,49.49257],[20.56573,49.49279],[20.56529,49.49317]]}},{"type":"Feature","properties":{"kolor":"zolty","nazwa":"Stary Sącz - Przehyba"},"geometry":{"type":"LineString","coordinates":[[20.56179,49.47516],[20.56152,49.47519],[20.56135,49.47535],[20.56097,49.477],[20.56136,49.47743],[20.56348,49.47835],[20.56474,49.47991],[20.56469,49.4805],[20.56371,49.48193],[20.56311,49.48346],[20.5637,49.48404],[20.56479,49.48419],[20.56519,49.48459],[20.56386,49.48619],[20.5631,49.48641],[20.56311,49.4868],[20.56377,49.4877],[20.56291,49.48774],[20.56286,49.48787],[20.56347,49.48829],[20.56501,49.48902],[20.56633,49.48911],[20.56668,49.48927],[20.56698,49.48956],[20.5666,49.48993]]}},{"type":"Feature","properties":{"kolor":"zolty","nazwa":"Stary Sącz - Przehyba"},"geometry":{"type":"LineString","coordinates":[[20.56202,49.475],[20.56179,49.47516]]}},{"type":"Feature","properties":{"kolor":"zolty","nazwa":"Stary Sącz - Przehyba"},"geometry":{"type":"LineString","coordinates":[[20.57286,49.46958],[20.57242,49.47026],[20.57123,49.47129],[20.56767,49.47284],[20.56773,49.47321],[20.56659,49.47393],[20.56622,49.47407],[20.56447,49.47428],[20.56398,49.47419],[20.56202,49.475]]}},{"type":"Feature","properties":{"kolor":"zolty","nazwa":"Stary Sącz - Przehyba"},"geometry":{"type":"LineString","coordinates":[[20.56694,49.46686],[20.56844,49.46786],[20.57042,49.46826],[20.57132,49.46886],[20.57286,49.46958]]}},{"type":"Feature","properties":{"kolor":"zielony","nazwa":"Przehyba - Szczawnica Zdrój"},"geometry":{"type":"LineString","coordinates":[[20.55625,49.46652],[20.55568,49.46672],[20.55455,49.46667],[20.55368,49.4668]]}},{"type":"Feature","properties":{"kolor":"zielony","nazwa":"Przehyba - Szczawnica Zdrój"},"geometry":{"type":"LineString","coordinates":[[20.55368,49.4668],[20.54967,49.46471],[20.54842,49.46394],[20.54625,49.46325],[20.54468,49.46306],[20.54357,49.46267],[20.54184,49.46174],[20.5408,49.46175],[20.539,49.46153],[20.53839,49.4613],[20.53675,49.46127]]}},{"type":"Feature","properties":{"kolor":"zielony","nazwa":"Przehyba - Szczawnica Zdrój"},"geometry":{"type":"LineString","coordinates":[[20.53675,49.46127],[20.5357,49.46094],[20.53368,49.4594],[20.53152,49.45906]]}},{"type":"Feature","properties":{"kolor":"zielony","nazwa":"Przehyba - Szczawnica Zdrój"},"geometry":{"type":"LineString","coordinates":[[20.53152,49.45906],[20.53031,49.45852],[20.52987,49.45799],[20.53031,49.4571],[20.53136,49.45655],[20.53197,49.45577],[20.53194,49.45519],[20.53218,49.45442],[20.53181,49.45383],[20.5298,49.4524],[20.52943,49.45187],[20.52957,49.45151],[20.53022,49.45083],[20.53045,49.45018]]}},{"type":"Feature","properties":{"kolor":"zielony","nazwa":"Przehyba - Szczawnica Zdrój"},"geometry":{"type":"LineString","coordinates":[[20.53045,49.45018],[20.53102,49.44914]]}},{"type":"Feature","properties":{"kolor":"zielony","nazwa":"Przehyba - Szczawnica Zdrój"},"geometry":{"type":"LineString","coordinates":[[20.53102,49.44914],[20.53117,49.44858],[20.531,49.44774],[20.53053,49.4477],[20.53012,49.44682],[20.52919,49.44648],[20.52866,49.44611],[20.52854,49.44442],[20.52828,49.44408],[20.52809,49.44252]]}},{"type":"Feature","properties":{"kolor":"zielony","nazwa":"Przehyba - Szczawnica Zdrój"},"geometry":{"type":"LineString","coordinates":[[20.52809,49.44252],[20.52815,49.44218],[20.52757,49.4414],[20.52737,49.44078],[20.52682,49.43991],[20.52677,49.43935],[20.52587,49.43926],[20.52411,49.43885],[20.52184,49.43742],[20.5214,49.43673]]}},{"type":"Feature","properties":{"kolor":"zielony","nazwa":"Przehyba - Szczawnica Zdrój"},"geometry":{"type":"LineString","coordinates":[[20.51993,49.4377],[20.5214,49.43673]]}},{"type":"Feature","properties":{"kolor":"zielony","nazwa":"Przehyba - Szczawnica Zdrój"},"geometry":{"type":"LineString","coordinates":[[20.51993,49.4377],[20.5196,49.43748],[20.51966,49.43716],[20.52004,49.43695],[20.52089,49.43606]]}},{"type":"Feature","properties":{"kolor":"zielony","nazwa":"Przehyba - Szczawnica Zdrój"},"geometry":{"type":"LineString","coordinates":[[20.51531,49.43216],[20.51587,49.43301],[20.51672,49.43304],[20.518,49.43407],[20.51983,49.4347],[20.52036,49.43474],[20.52101,49.43516],[20.52119,49.43551],[20.52089,49.43606]]}},{"type":"Feature","properties":{"kolor":"zielony","nazwa":"Przehyba - Szczawnica Zdrój"},"geometry":{"type":"LineString","coordinates":[[20.51531,49.43216],[20.5133,49.43158],[20.51246,49.43122],[20.51221,49.43097],[20.51209,49.43042],[20.51112,49.42999],[20.51079,49.42954],[20.50959,49.42922],[20.50955,49.4291],[20.50999,49.4286],[20.50875,49.42836],[20.50855,49.4282],[20.50823,49.42701],[20.50766,49.42626],[20.50722,49.42516],[20.50661,49.4247]]}},{"type":"Feature","properties":{"kolor":"zielony","nazwa":"Przehyba - Szczawnica Zdrój"},"geometry":{"type":"LineString","coordinates":[[20.50661,49.4247],[20.50604,49.42433],[20.50446,49.42285]]}},{"type":"Feature","properties":{"kolor":"zielony","nazwa":"Przehyba - Szczawnica Zdrój"},"geometry":{"type":"LineString","coordinates":[[20.50119,49.42099],[20.50199,49.42099],[20.50315,49.42119],[20.50442,49.42155],[20.50454,49.4217],[20.5041,49.4224],[20.50446,49.42285]]}},{"type":"Feature","properties":{"kolor":"zielony","nazwa":"Przehyba - Szczawnica Zdrój"},"geometry":{"type":"LineString","coordinates":[[20.50105,49.42099],[20.50119,49.42099]]}},{"type":"Feature","properties":{"kolor":"zielony","nazwa":"Przehyba - Szczawnica Zdrój"},"geometry":{"type":"LineString","coordinates":[[20.50006,49.42065],[20.50105,49.42099]]}},{"type":"Feature","properties":{"kolor":"zielony","nazwa":"Przehyba - Szczawnica Zdrój"},"geometry":{"type":"LineString","coordinates":[[20.49169,49.42054],[20.49291,49.42059],[20.49443,49.42037],[20.49513,49.4206],[20.49561,49.42062],[20.49759,49.42025],[20.50006,49.42065]]}},{"type":"Feature","properties":{"kolor":"zielony","nazwa":"Przehyba - Szczawnica Zdrój"},"geometry":{"type":"LineString","coordinates":[[20.49155,49.42058],[20.49169,49.42054]]}},{"type":"Feature","properties":{"kolor":"zielony","nazwa":"Przehyba - Szczawnica Zdrój"},"geometry":{"type":"LineString","coordinates":[[20.48703,49.42301],[20.48837,49.42251],[20.48999,49.42094],[20.49155,49.42058]]}},{"type":"Feature","properties":{"kolor":"zielony","nazwa":"Przehyba - Szczawnica Zdrój"},"geometry":{"type":"LineString","coordinates":[[20.48294,49.42469],[20.48332,49.42453],[20.48424,49.4247],[20.4847,49.42461],[20.4853,49.42408],[20.48703,49.42301]]}},{"type":"Feature","properties":{"kolor":"zielony","nazwa":"Przehyba - Szczawnica Zdrój"},"geometry":{"type":"LineString","coordinates":[[20.4827,49.42499],[20.48294,49.42469]]}},{"type":"Feature","properties":{"kolor":"zielony","nazwa":"Przehyba - Szczawnica Zdrój"},"geometry":{"type":"LineString","coordinates":[[20.4827,49.42499],[20.48263,49.42497]]}},{"type":"Feature","properties":{"kolor":"zielony","nazwa":"Przehyba - Szczawnica Zdrój"},"geometry":{"type":"LineString","coordinates":[[20.48263,49.42497],[20.48229,49.42523]]}},{"type":"Feature","properties":{"kolor":"zielony","nazwa":"Przehyba - Szczawnica Zdrój"},"geometry":{"type":"LineString","coordinates":[[20.48103,49.42574],[20.48229,49.42523]]}},{"type":"Feature","properties":{"kolor":"zielony","nazwa":"Przehyba - Szczawnica Zdrój"},"geometry":{"type":"LineString","coordinates":[[20.48072,49.42587],[20.48103,49.42574]]}},{"type":"Feature","properties":{"kolor":"zielony","nazwa":"Przehyba - Szczawnica Zdrój"},"geometry":{"type":"LineString","coordinates":[[20.48072,49.42587],[20.4778,49.42676]]}},{"type":"Feature","properties":{"kolor":"zielony","nazwa":"Przehyba - Szczawnica Zdrój"},"geometry":{"type":"LineString","coordinates":[[20.47783,49.4268],[20.4778,49.42676]]}},{"type":"Feature","properties":{"kolor":"zielony","nazwa":"Przehyba - Szczawnica Zdrój"},"geometry":{"type":"LineString","coordinates":[[20.47783,49.4268],[20.47691,49.42702],[20.4758,49.42701]]}},{"type":"Feature","properties":{"kolor":"zolty","nazwa":"Modyń - Szafranówka"},"geometry":{"type":"LineString","coordinates":[[20.46441,49.41603],[20.46674,49.41605],[20.46972,49.41547],[20.47076,49.41577],[20.47237,49.41531]]}},{"type":"Feature","properties":{"kolor":"zolty","nazwa":"Modyń - Szafranówka"},"geometry":{"type":"LineString","coordinates":[[20.47237,49.41531],[20.47623,49.41408],[20.47674,49.41359]]}},{"type":"Feature","properties":{"kolor":"zolty","nazwa":"Modyń - Szafranówka"},"geometry":{"type":"LineString","coordinates":[[20.47674,49.41359],[20.47682,49.41393],[20.47668,49.41409],[20.47688,49.41427],[20.47668,49.41561],[20.4769,49.41638]]}},{"type":"Feature","properties":{"kolor":"zolty","nazwa":"Modyń - Szafranówka"},"geometry":{"type":"LineString","coordinates":[[20.4769,49.41638],[20.47689,49.41648]]}},{"type":"Feature","properties":{"kolor":"zolty","nazwa":"Modyń - Szafranówka"},"geometry":{"type":"LineString","coordinates":[[20.47689,49.41648],[20.47679,49.41675],[20.47586,49.41768],[20.4759,49.41789],[20.47658,49.41821]]}},{"type":"Feature","properties":{"kolor":"zolty","nazwa":"Modyń - Szafranówka"},"geometry":{"type":"LineString","coordinates":[[20.47658,49.41821],[20.47645,49.41871]]}},{"type":"Feature","properties":{"kolor":"zolty","nazwa":"Modyń - Szafranówka"},"geometry":{"type":"LineString","coordinates":[[20.47631,49.41886],[20.47645,49.41871]]}},{"type":"Feature","properties":{"kolor":"zolty","nazwa":"Modyń - Szafranówka"},"geometry":{"type":"LineString","coordinates":[[20.48149,49.42361],[20.48225,49.42257],[20.48218,49.42222],[20.48103,49.42238],[20.48073,49.42232],[20.48038,49.42206],[20.47994,49.42127],[20.47889,49.42132],[20.47701,49.4207],[20.47675,49.42047],[20.47666,49.41988],[20.47708,49.41937],[20.47681,49.41916],[20.47684,49.41903],[20.47652,49.41904],[20.47631,49.41886]]}},{"type":"Feature","properties":{"kolor":"zolty","nazwa":"Modyń - Szafranówka"},"geometry":{"type":"LineString","coordinates":[[20.48249,49.42385],[20.48217,49.42354],[20.48149,49.42361]]}},{"type":"Feature","properties":{"kolor":"zolty","nazwa":"Modyń - Szafranówka"},"geometry":{"type":"LineString","coordinates":[[20.48249,49.42385],[20.48021,49.42433]]}},{"type":"Feature","properties":{"kolor":"zolty","nazwa":"Modyń - Szafranówka"},"geometry":{"type":"LineString","coordinates":[[20.48021,49.42433],[20.48023,49.42436]]}},{"type":"Feature","properties":{"kolor":"zolty","nazwa":"Modyń - Szafranówka"},"geometry":{"type":"LineString","coordinates":[[20.48023,49.42436],[20.48038,49.42469]]}},{"type":"Feature","properties":{"kolor":"zolty","nazwa":"Modyń - Szafranówka"},"geometry":{"type":"LineString","coordinates":[[20.48038,49.42469],[20.48059,49.42503],[20.48031,49.4252]]}},{"type":"Feature","properties":{"kolor":"zolty","nazwa":"Modyń - Szafranówka"},"geometry":{"type":"LineString","coordinates":[[20.48031,49.4252],[20.48034,49.4255]]}},{"type":"Feature","properties":{"kolor":"zolty","nazwa":"Modyń - Szafranówka"},"geometry":{"type":"LineString","coordinates":[[20.48064,49.42542],[20.48034,49.4255]]}},{"type":"Feature","properties":{"kolor":"zolty","nazwa":"Modyń - Szafranówka"},"geometry":{"type":"LineString","coordinates":[[20.48074,49.42557],[20.48064,49.42542]]}},{"type":"Feature","properties":{"kolor":"zolty","nazwa":"Modyń - Szafranówka"},"geometry":{"type":"LineString","coordinates":[[20.48103,49.42574],[20.48104,49.42555],[20.48074,49.42557]]}},{"type":"Feature","properties":{"kolor":"zolty","nazwa":"Modyń - Szafranówka"},"geometry":{"type":"LineString","coordinates":[[20.48103,49.42574],[20.48107,49.42578]]}},{"type":"Feature","properties":{"kolor":"zolty","nazwa":"Modyń - Szafranówka"},"geometry":{"type":"LineString","coordinates":[[20.4826,49.42514],[20.48107,49.42578]]}},{"type":"Feature","properties":{"kolor":"zolty","nazwa":"Modyń - Szafranówka"},"geometry":{"type":"LineString","coordinates":[[20.4826,49.42514],[20.48303,49.42538]]}},{"type":"Feature","properties":{"kolor":"zolty","nazwa":"Modyń - Szafranówka"},"geometry":{"type":"LineString","coordinates":[[20.48303,49.42538],[20.48461,49.42611],[20.48624,49.42764],[20.48699,49.42872],[20.48737,49.42884]]}},{"type":"Feature","properties":{"kolor":"zolty","nazwa":"Modyń - Szafranówka"},"geometry":{"type":"LineString","coordinates":[[20.48763,49.42895],[20.48737,49.42884]]}},{"type":"Feature","properties":{"kolor":"zolty","nazwa":"Modyń - Szafranówka"},"geometry":{"type":"LineString","coordinates":[[20.4882,49.42944],[20.48808,49.42918],[20.48763,49.42895]]}},{"type":"Feature","properties":{"kolor":"zolty","nazwa":"Modyń - Szafranówka"},"geometry":{"type":"LineString","coordinates":[[20.488,49.42954],[20.4882,49.42944]]}},{"type":"Feature","properties":{"kolor":"zolty","nazwa":"Modyń - Szafranówka"},"geometry":{"type":"LineString","coordinates":[[20.48513,49.43225],[20.48566,49.43212],[20.48702,49.43114],[20.488,49.42954]]}},{"type":"Feature","properties":{"kolor":"zolty","nazwa":"Modyń - Szafranówka"},"geometry":{"type":"LineString","coordinates":[[20.47962,49.43157],[20.47966,49.43139],[20.48143,49.43077],[20.48267,49.43038],[20.48324,49.43042],[20.48446,49.43083],[20.48481,49.43202],[20.48513,49.43225]]}},{"type":"Feature","properties":{"kolor":"zolty","nazwa":"Modyń - Szafranówka"},"geometry":{"type":"LineString","coordinates":[[20.47962,49.43157],[20.4791,49.43397],[20.47883,49.43452],[20.47914,49.43484],[20.47877,49.43534],[20.47927,49.43574],[20.48001,49.43606]]}},{"type":"Feature","properties":{"kolor":"zolty","nazwa":"Modyń - Szafranówka"},"geometry":{"type":"LineString","coordinates":[[20.48001,49.43606],[20.48012,49.43615]]}},{"type":"Feature","properties":{"kolor":"zolty","nazwa":"Modyń - Szafranówka"},"geometry":{"type":"LineString","coordinates":[[20.48012,49.43615],[20.48104,49.43749],[20.48265,49.43859]]}},{"type":"Feature","properties":{"kolor":"zolty","nazwa":"Modyń - Szafranówka"},"geometry":{"type":"LineString","coordinates":[[20.48265,49.43859],[20.4839,49.43871],[20.48541,49.43909]]}},{"type":"Feature","properties":{"kolor":"zolty","nazwa":"Modyń - Szafranówka"},"geometry":{"type":"LineString","coordinates":[[20.48541,49.43909],[20.48626,49.43913]]}},{"type":"Feature","properties":{"kolor":"zolty","nazwa":"Modyń - Szafranówka"},"geometry":{"type":"LineString","coordinates":[[20.48626,49.43913],[20.48626,49.43934],[20.48572,49.43966],[20.48574,49.44017]]}},{"type":"Feature","properties":{"kolor":"zolty","nazwa":"Modyń - Szafranówka"},"geometry":{"type":"LineString","coordinates":[[20.48574,49.44017],[20.48689,49.44052],[20.48738,49.44118],[20.48815,49.44168],[20.49004,49.44234]]}},{"type":"Feature","properties":{"kolor":"zolty","nazwa":"Modyń - Szafranówka"},"geometry":{"type":"LineString","coordinates":[[20.49004,49.44234],[20.49019,49.44248]]}},{"type":"Feature","properties":{"kolor":"zolty","nazwa":"Modyń - Szafranówka"},"geometry":{"type":"LineString","coordinates":[[20.49019,49.44248],[20.4906,49.44291],[20.49061,49.44333]]}},{"type":"Feature","properties":{"kolor":"zolty","nazwa":"Modyń - Szafranówka"},"geometry":{"type":"LineString","coordinates":[[20.49061,49.44333],[20.49047,49.44374],[20.49096,49.44441],[20.49092,49.44482]]}},{"type":"Feature","properties":{"kolor":"zolty","nazwa":"Modyń - Szafranówka"},"geometry":{"type":"LineString","coordinates":[[20.49092,49.44482],[20.49121,49.4454],[20.49127,49.44655],[20.49105,49.44687],[20.49102,49.44755],[20.49037,49.44857],[20.49036,49.45025],[20.4906,49.45122],[20.4912,49.45167],[20.49171,49.45424],[20.49069,49.45487],[20.4898,49.45518],[20.48933,49.4559],[20.48861,49.4562],[20.48801,49.4563],[20.48555,49.45782],[20.48539,49.45813],[20.48553,49.45865],[20.48404,49.45986]]}},{"type":"Feature","properties":{"kolor":"zolty","nazwa":"Modyń - Szafranówka"},"geometry":{"type":"LineString","coordinates":[[20.48404,49.45986],[20.48328,49.46085]]}},{"type":"Feature","properties":{"kolor":"zolty","nazwa":"Modyń - Szafranówka"},"geometry":{"type":"LineString","coordinates":[[20.48328,49.46085],[20.4831,49.46208],[20.48163,49.46463]]}},{"type":"Feature","properties":{"kolor":"zolty","nazwa":"Modyń - Szafranówka"},"geometry":{"type":"LineString","coordinates":[[20.48163,49.46463],[20.47948,49.46548],[20.47831,49.46578],[20.47765,49.46577]]}},{"type":"Feature","properties":{"kolor":"zolty","nazwa":"Modyń - Szafranówka"},"geometry":{"type":"LineString","coordinates":[[20.47765,49.46577],[20.47632,49.46588],[20.47536,49.46638],[20.47454,49.467]]}},{"type":"Feature","properties":{"kolor":"zolty","nazwa":"Modyń - Szafranówka"},"geometry":{"type":"LineString","coordinates":[[20.47454,49.467],[20.47391,49.46788],[20.47359,49.46939],[20.47297,49.47032],[20.47231,49.47063],[20.471,49.47192],[20.47084,49.47241],[20.46999,49.47279],[20.46922,49.47291]]}},{"type":"Feature","properties":{"kolor":"zolty","nazwa":"Modyń - Szafranówka"},"geometry":{"type":"LineString","coordinates":[[20.46922,49.47291],[20.4689,49.47313]]}},{"type":"Feature","properties":{"kolor":"zolty","nazwa":"Modyń - Szafranówka"},"geometry":{"type":"LineString","coordinates":[[20.4689,49.47313],[20.46854,49.47321],[20.46827,49.47344],[20.46807,49.47411],[20.46823,49.4748],[20.46808,49.47513],[20.46756,49.4754],[20.46729,49.4754],[20.467,49.47567],[20.46581,49.47601]]}},{"type":"Feature","properties":{"kolor":"zolty","nazwa":"Modyń - Szafranówka"},"geometry":{"type":"LineString","coordinates":[[20.46581,49.47601],[20.46501,49.47634],[20.46468,49.47697],[20.46454,49.47821],[20.46383,49.47974],[20.46403,49.48047],[20.46316,49.48128],[20.46316,49.48333],[20.46243,49.48406],[20.46192,49.48481],[20.46178,49.48554],[20.46144,49.48599],[20.46121,49.48621],[20.45986,49.48666],[20.45966,49.48686],[20.45957,49.48707],[20.45979,49.48791],[20.4596,49.48818],[20.4575,49.48944],[20.45728,49.48974],[20.45574,49.49048],[20.45465,49.49122],[20.45369,49.49136],[20.45138,49.491],[20.45047,49.49112],[20.45011,49.49082],[20.44984,49.49082],[20.44922,49.49167],[20.44872,49.49204],[20.44541,49.49332],[20.44524,49.4935],[20.44528,49.49385],[20.44441,49.49473],[20.44361,49.49521]]}},{"type":"Feature","properties":{"kolor":"zolty","nazwa":"Modyń - Szafranówka"},"geometry":{"type":"LineString","coordinates":[[20.44361,49.49521],[20.44379,49.49555],[20.44446,49.49592],[20.44416,49.49677],[20.44415,49.49749],[20.44474,49.49838],[20.44539,49.49869],[20.44657,49.4997],[20.44707,49.49988],[20.44713,49.50021],[20.44688,49.50051]]}},{"type":"Feature","properties":{"kolor":"zolty","nazwa":"Modyń - Szafranówka"},"geometry":{"type":"LineString","coordinates":[[20.44688,49.50051],[20.44659,49.50106]]}},{"type":"Feature","properties":{"kolor":"zolty","nazwa":"Modyń - Szafranówka"},"geometry":{"type":"LineString","coordinates":[[20.44496,49.51537],[20.44474,49.51467],[20.44523,49.51309],[20.44566,49.5126],[20.44645,49.51228],[20.44672,49.51183],[20.44671,49.51169],[20.44539,49.51057],[20.44472,49.50879],[20.44503,49.50741],[20.44495,49.50686],[20.44631,49.50607],[20.44614,49.50581],[20.44587,49.50409],[20.44599,49.50325],[20.44623,49.50287],[20.44584,49.5027],[20.44584,49.50225],[20.44659,49.50106]]}},{"type":"Feature","properties":{"kolor":"zolty","nazwa":"Modyń - Szafranówka"},"geometry":{"type":"LineString","coordinates":[[20.44781,49.52476],[20.44726,49.52417],[20.44683,49.52326],[20.44693,49.52289],[20.44732,49.5225],[20.4473,49.52219],[20.4469,49.52175],[20.44569,49.52108],[20.44544,49.52059],[20.4457,49.51873],[20.44554,49.51767],[20.44499,49.51704],[20.44496,49.51537]]}},{"type":"Feature","properties":{"kolor":"zolty","nazwa":"Modyń - Szafranówka"},"geometry":{"type":"LineString","coordinates":[[20.44987,49.52804],[20.44964,49.52745],[20.449,49.52682],[20.44807,49.52497],[20.44781,49.52476]]}},{"type":"Feature","properties":{"kolor":"zolty","nazwa":"Modyń - Szafranówka"},"geometry":{"type":"LineString","coordinates":[[20.44758,49.53281],[20.4475,49.53241],[20.4482,49.53181],[20.44836,49.5314],[20.4482,49.52949],[20.44923,49.52905],[20.44984,49.52832],[20.44987,49.52804]]}},{"type":"Feature","properties":{"kolor":"zolty","nazwa":"Modyń - Szafranówka"},"geometry":{"type":"LineString","coordinates":[[20.44329,49.53397],[20.44422,49.53408],[20.44479,49.53403],[20.44758,49.53281]]}},{"type":"Feature","properties":{"kolor":"zolty","nazwa":"Modyń - Szafranówka"},"geometry":{"type":"LineString","coordinates":[[20.44021,49.53531],[20.44073,49.53518],[20.4416,49.53441],[20.44329,49.53397]]}},{"type":"Feature","properties":{"kolor":"zolty","nazwa":"Modyń - Szafranówka"},"geometry":{"type":"LineString","coordinates":[[20.43913,49.53661],[20.44021,49.53531]]}},{"type":"Feature","properties":{"kolor":"zolty","nazwa":"Modyń - Szafranówka"},"geometry":{"type":"LineString","coordinates":[[20.4395,49.53901],[20.4392,49.53885],[20.43949,49.53849],[20.43942,49.53805],[20.43906,49.53758],[20.43913,49.53661]]}},{"type":"Feature","properties":{"kolor":"zolty","nazwa":"Modyń - Szafranówka"},"geometry":{"type":"LineString","coordinates":[[20.43859,49.54627],[20.43889,49.5461],[20.43962,49.54495],[20.43963,49.54352],[20.44015,49.54227],[20.44045,49.54208],[20.44144,49.54209],[20.44178,49.54191],[20.44171,49.54159],[20.44094,49.54098],[20.44061,49.54054],[20.44064,49.54036],[20.44116,49.54026],[20.44098,49.53975],[20.4395,49.53901]]}},{"type":"Feature","properties":{"kolor":"zolty","nazwa":"Modyń - Szafranówka"},"geometry":{"type":"LineString","coordinates":[[20.43772,49.54561],[20.43859,49.54627]]}},{"type":"Feature","properties":{"kolor":"zolty","nazwa":"Modyń - Szafranówka"},"geometry":{"type":"LineString","coordinates":[[20.43772,49.54561],[20.43734,49.54563],[20.43711,49.54589],[20.43696,49.54671]]}},{"type":"Feature","properties":{"kolor":"zolty","nazwa":"Modyń - Szafranówka"},"geometry":{"type":"LineString","coordinates":[[20.43026,49.54733],[20.43298,49.54717],[20.43343,49.54687],[20.43388,49.54679],[20.43458,49.54687],[20.43532,49.54723],[20.43622,49.54724],[20.43666,49.54708],[20.43696,49.54671]]}},{"type":"Feature","properties":{"kolor":"zolty","nazwa":"Modyń - Szafranówka"},"geometry":{"type":"LineString","coordinates":[[20.43092,49.548],[20.43026,49.54733]]}},{"type":"Feature","properties":{"kolor":"zolty","nazwa":"Modyń - Szafranówka"},"geometry":{"type":"LineString","coordinates":[[20.43173,49.54875],[20.43092,49.548]]}},{"type":"Feature","properties":{"kolor":"zolty","nazwa":"Modyń - Szafranówka"},"geometry":{"type":"LineString","coordinates":[[20.44033,49.54888],[20.43928,49.54892],[20.43786,49.54876],[20.43711,49.54886],[20.43613,49.5486],[20.43491,49.54851],[20.43199,49.54903],[20.43173,49.54875]]}},{"type":"Feature","properties":{"kolor":"zolty","nazwa":"Modyń - Szafranówka"},"geometry":{"type":"LineString","coordinates":[[20.43796,49.55141],[20.4404,49.54955],[20.44033,49.54888]]}},{"type":"Feature","properties":{"kolor":"zolty","nazwa":"Modyń - Szafranówka"},"geometry":{"type":"LineString","coordinates":[[20.4351,49.55586],[20.43541,49.55577],[20.43677,49.55437],[20.43731,49.55222],[20.43796,49.55141]]}},{"type":"Feature","properties":{"kolor":"zolty","nazwa":"Modyń - Szafranówka"},"geometry":{"type":"LineString","coordinates":[[20.43435,49.55677],[20.4351,49.55586]]}},{"type":"Feature","properties":{"kolor":"zolty","nazwa":"Modyń - Szafranówka"},"geometry":{"type":"LineString","coordinates":[[20.43561,49.55713],[20.43505,49.55705],[20.43435,49.55677]]}},{"type":"Feature","properties":{"kolor":"zolty","nazwa":"Modyń - Szafranówka"},"geometry":{"type":"LineString","coordinates":[[20.43561,49.55713],[20.43531,49.55749]]}},{"type":"Feature","properties":{"kolor":"zolty","nazwa":"Modyń - Szafranówka"},"geometry":{"type":"LineString","coordinates":[[20.43531,49.55749],[20.43453,49.55837]]}},{"type":"Feature","properties":{"kolor":"zolty","nazwa":"Modyń - Szafranówka"},"geometry":{"type":"LineString","coordinates":[[20.43453,49.55837],[20.4346,49.5584]]}},{"type":"Feature","properties":{"kolor":"zolty","nazwa":"Modyń - Szafranówka"},"geometry":{"type":"LineString","coordinates":[[20.4346,49.5584],[20.43475,49.55846]]}},{"type":"Feature","properties":{"kolor":"zolty","nazwa":"Modyń - Szafranówka"},"geometry":{"type":"LineString","coordinates":[[20.43475,49.55846],[20.43483,49.55849]]}},{"type":"Feature","properties":{"kolor":"zolty","nazwa":"Modyń - Szafranówka"},"geometry":{"type":"LineString","coordinates":[[20.43483,49.55849],[20.43408,49.55937],[20.43327,49.56079],[20.43191,49.5623]]}},{"type":"Feature","properties":{"kolor":"zolty","nazwa":"Modyń - Szafranówka"},"geometry":{"type":"LineString","coordinates":[[20.43191,49.5623],[20.43277,49.56254]]}},{"type":"Feature","properties":{"kolor":"zolty","nazwa":"Modyń - Szafranówka"},"geometry":{"type":"LineString","coordinates":[[20.43277,49.56254],[20.43179,49.56391]]}},{"type":"Feature","properties":{"kolor":"zolty","nazwa":"Modyń - Szafranówka"},"geometry":{"type":"LineString","coordinates":[[20.43179,49.56391],[20.43162,49.56419]]}},{"type":"Feature","properties":{"kolor":"zolty","nazwa":"Modyń - Szafranówka"},"geometry":{"type":"LineString","coordinates":[[20.43162,49.56419],[20.43012,49.56623],[20.42981,49.56718]]}},{"type":"Feature","properties":{"kolor":"zolty","nazwa":"Modyń - Szafranówka"},"geometry":{"type":"LineString","coordinates":[[20.42981,49.56718],[20.42977,49.56735]]}},{"type":"Feature","properties":{"kolor":"zolty","nazwa":"Modyń - Szafranówka"},"geometry":{"type":"LineString","coordinates":[[20.42977,49.56735],[20.42976,49.56739]]}},{"type":"Feature","properties":{"kolor":"zolty","nazwa":"Modyń - Szafranówka"},"geometry":{"type":"LineString","coordinates":[[20.42976,49.56739],[20.43069,49.56776]]}},{"type":"Feature","properties":{"kolor":"zolty","nazwa":"Modyń - Szafranówka"},"geometry":{"type":"LineString","coordinates":[[20.43069,49.56776],[20.43075,49.56889],[20.43105,49.56964],[20.43164,49.57019],[20.43246,49.57149],[20.43236,49.57279],[20.43388,49.57543],[20.43398,49.57576],[20.43385,49.57624]]}},{"type":"Feature","properties":{"kolor":"niebieski","nazwa":"Przehyba - Szczawnica Zdrój"},"geometry":{"type":"LineString","coordinates":[[20.55368,49.4668],[20.54967,49.46471],[20.54842,49.46394],[20.54625,49.46325],[20.54468,49.46306],[20.54357,49.46267],[20.54184,49.46174],[20.5408,49.46175],[20.539,49.46153],[20.53839,49.4613],[20.53675,49.46127]]}},{"type":"Feature","properties":{"kolor":"niebieski","nazwa":"Przehyba - Szczawnica Zdrój"},"geometry":{"type":"LineString","coordinates":[[20.53675,49.46127],[20.5357,49.46094],[20.53368,49.4594],[20.53152,49.45906]]}},{"type":"Feature","properties":{"kolor":"niebieski","nazwa":"Przehyba - Szczawnica Zdrój"},"geometry":{"type":"LineString","coordinates":[[20.53152,49.45906],[20.53094,49.45917],[20.52942,49.45892],[20.52801,49.45929]]}},{"type":"Feature","properties":{"kolor":"niebieski","nazwa":"Przehyba - Szczawnica Zdrój"},"geometry":{"type":"LineString","coordinates":[[20.52801,49.45929],[20.52722,49.45919],[20.52657,49.45869],[20.52439,49.45773]]}},{"type":"Feature","properties":{"kolor":"niebieski","nazwa":"Przehyba - Szczawnica Zdrój"},"geometry":{"type":"LineString","coordinates":[[20.52439,49.45773],[20.52405,49.45713]]}},{"type":"Feature","properties":{"kolor":"niebieski","nazwa":"Przehyba - Szczawnica Zdrój"},"geometry":{"type":"LineString","coordinates":[[20.52405,49.45713],[20.52417,49.45655]]}},{"type":"Feature","properties":{"kolor":"niebieski","nazwa":"Przehyba - Szczawnica Zdrój"},"geometry":{"type":"LineString","coordinates":[[20.52002,49.4533],[20.52089,49.45356],[20.52144,49.45428],[20.52215,49.45469],[20.52264,49.45522],[20.52373,49.45601],[20.52417,49.45655]]}},{"type":"Feature","properties":{"kolor":"niebieski","nazwa":"Przehyba - Szczawnica Zdrój"},"geometry":{"type":"LineString","coordinates":[[20.52002,49.4533],[20.51975,49.45299],[20.51861,49.45243],[20.51883,49.45219],[20.52011,49.45198],[20.52003,49.45177],[20.52072,49.45149],[20.52084,49.45096],[20.52073,49.4506],[20.52103,49.45021],[20.52089,49.44993],[20.52051,49.45007],[20.52023,49.44998],[20.52044,49.44928]]}},{"type":"Feature","properties":{"kolor":"niebieski","nazwa":"Przehyba - Szczawnica Zdrój"},"geometry":{"type":"LineString","coordinates":[[20.52044,49.44928],[20.52034,49.44914],[20.51974,49.44909],[20.51865,49.4492],[20.51762,49.44909],[20.51723,49.44891],[20.51643,49.44805],[20.51523,49.44767],[20.51194,49.44778],[20.51071,49.44737],[20.51038,49.44698],[20.50914,49.44625],[20.50657,49.44566],[20.50604,49.44531],[20.5046,49.44242],[20.50335,49.44168],[20.50221,49.44133]]}},{"type":"Feature","properties":{"kolor":"niebieski","nazwa":"Przehyba - Szczawnica Zdrój"},"geometry":{"type":"LineString","coordinates":[[20.50221,49.44133],[20.50215,49.44114]]}},{"type":"Feature","properties":{"kolor":"niebieski","nazwa":"Przehyba - Szczawnica Zdrój"},"geometry":{"type":"LineString","coordinates":[[20.50215,49.44114],[20.50214,49.44098]]}},{"type":"Feature","properties":{"kolor":"niebieski","nazwa":"Przehyba - Szczawnica Zdrój"},"geometry":{"type":"LineString","coordinates":[[20.50214,49.44098],[20.50268,49.44009]]}},{"type":"Feature","properties":{"kolor":"niebieski","nazwa":"Przehyba - Szczawnica Zdrój"},"geometry":{"type":"LineString","coordinates":[[20.50268,49.44009],[20.50301,49.43914],[20.50397,49.4382],[20.50402,49.43793],[20.50335,49.43683],[20.50293,49.43544],[20.50269,49.43383],[20.50244,49.43349],[20.50114,49.43244],[20.50115,49.43118],[20.50044,49.43071],[20.5003,49.43041]]}},{"type":"Feature","properties":{"kolor":"niebieski","nazwa":"Przehyba - Szczawnica Zdrój"},"geometry":{"type":"LineString","coordinates":[[20.5003,49.43041],[20.50009,49.4304],[20.49963,49.43006],[20.49894,49.42882],[20.49793,49.42833],[20.49691,49.42742],[20.49672,49.42678],[20.49619,49.42639],[20.49577,49.42584]]}},{"type":"Feature","properties":{"kolor":"niebieski","nazwa":"Przehyba - Szczawnica Zdrój"},"geometry":{"type":"LineString","coordinates":[[20.49577,49.42584],[20.49529,49.4252],[20.49241,49.4242]]}},{"type":"Feature","properties":{"kolor":"niebieski","nazwa":"Przehyba - Szczawnica Zdrój"},"geometry":{"type":"LineString","coordinates":[[20.49241,49.4242],[20.49104,49.42492]]}},{"type":"Feature","properties":{"kolor":"niebieski","nazwa":"Przehyba - Szczawnica Zdrój"},"geometry":{"type":"LineString","coordinates":[[20.48854,49.42555],[20.49104,49.42492]]}},{"type":"Feature","properties":{"kolor":"niebieski","nazwa":"Przehyba - Szczawnica Zdrój"},"geometry":{"type":"LineString","coordinates":[[20.48854,49.42555],[20.48843,49.42558]]}},{"type":"Feature","properties":{"kolor":"niebieski","nazwa":"Przehyba - Szczawnica Zdrój"},"geometry":{"type":"LineString","coordinates":[[20.48843,49.42558],[20.48764,49.42586]]}},{"type":"Feature","properties":{"kolor":"niebieski","nazwa":"Przehyba - Szczawnica Zdrój"},"geometry":{"type":"LineString","coordinates":[[20.48764,49.42586],[20.48723,49.42593]]}},{"type":"Feature","properties":{"kolor":"niebieski","nazwa":"Przehyba - Szczawnica Zdrój"},"geometry":{"type":"LineString","coordinates":[[20.48723,49.42662],[20.48723,49.42593]]}},{"type":"Feature","properties":{"kolor":"niebieski","nazwa":"Przehyba - Szczawnica Zdrój"},"geometry":{"type":"LineString","coordinates":[[20.48723,49.42662],[20.48717,49.42796]]}},{"type":"Feature","properties":{"kolor":"niebieski","nazwa":"Przehyba - Szczawnica Zdrój"},"geometry":{"type":"LineString","coordinates":[[20.48717,49.42796],[20.4874,49.42846],[20.48785,49.42872]]}},{"type":"Feature","properties":{"kolor":"niebieski","nazwa":"Przehyba - Szczawnica Zdrój"},"geometry":{"type":"LineString","coordinates":[[20.48782,49.42875],[20.48785,49.42872]]}},{"type":"Feature","properties":{"kolor":"niebieski","nazwa":"Przehyba - Szczawnica Zdrój"},"geometry":{"type":"LineString","coordinates":[[20.48779,49.42877],[20.48782,49.42875]]}},{"type":"Feature","properties":{"kolor":"niebieski","nazwa":"Przehyba - Szczawnica Zdrój"},"geometry":{"type":"LineString","coordinates":[[20.48774,49.42882],[20.48779,49.42877]]}},{"type":"Feature","properties":{"kolor":"niebieski","nazwa":"Przehyba - Szczawnica Zdrój"},"geometry":{"type":"LineString","coordinates":[[20.48752,49.42875],[20.48774,49.42882]]}},{"type":"Feature","properties":{"kolor":"niebieski","nazwa":"Przehyba - Szczawnica Zdrój"},"geometry":{"type":"LineString","coordinates":[[20.48749,49.4288],[20.48752,49.42875]]}},{"type":"Feature","properties":{"kolor":"niebieski","nazwa":"Przehyba - Szczawnica Zdrój"},"geometry":{"type":"LineString","coordinates":[[20.48737,49.42884],[20.48749,49.4288]]}},{"type":"Feature","properties":{"kolor":"niebieski","nazwa":"Przehyba - Szczawnica Zdrój"},"geometry":{"type":"LineString","coordinates":[[20.48303,49.42538],[20.48461,49.42611],[20.48624,49.42764],[20.48699,49.42872],[20.48737,49.42884]]}},{"type":"Feature","properties":{"kolor":"niebieski","nazwa":"Przehyba - Szczawnica Zdrój"},"geometry":{"type":"LineString","coordinates":[[20.4826,49.42514],[20.48303,49.42538]]}},{"type":"Feature","properties":{"kolor":"niebieski","nazwa":"Przehyba - Szczawnica Zdrój"},"geometry":{"type":"LineString","coordinates":[[20.4826,49.42514],[20.48107,49.42578]]}},{"type":"Feature","properties":{"kolor":"niebieski","nazwa":"Przehyba - Szczawnica Zdrój"},"geometry":{"type":"LineString","coordinates":[[20.48107,49.42578],[20.47783,49.4268]]}},{"type":"Feature","properties":{"kolor":"niebieski","nazwa":"Przehyba - Szczawnica Zdrój"},"geometry":{"type":"LineString","coordinates":[[20.47783,49.4268],[20.47691,49.42702],[20.4758,49.42701]]}},{"type":"Feature","properties":{"kolor":"czerwony","nazwa":""},"geometry":{"type":"LineString","coordinates":[[20.6845,49.30919],[20.68658,49.30924],[20.68701,49.30941],[20.68783,49.31037],[20.68799,49.31239]]}},{"type":"Feature","properties":{"kolor":"czerwony","nazwa":""},"geometry":{"type":"LineString","coordinates":[[20.68799,49.31239],[20.68799,49.31247]]}},{"type":"Feature","properties":{"kolor":"czerwony","nazwa":""},"geometry":{"type":"LineString","coordinates":[[20.68799,49.31247],[20.68828,49.3133],[20.6887,49.31585]]}},{"type":"Feature","properties":{"kolor":"czerwony","nazwa":""},"geometry":{"type":"LineString","coordinates":[[20.6887,49.31585],[20.68966,49.31637],[20.68995,49.31641]]}},{"type":"Feature","properties":{"kolor":"czerwony","nazwa":""},"geometry":{"type":"LineString","coordinates":[[20.68995,49.31641],[20.69173,49.31731]]}},{"type":"Feature","properties":{"kolor":"czerwony","nazwa":""},"geometry":{"type":"LineString","coordinates":[[20.69173,49.31731],[20.69325,49.31687],[20.69453,49.31664]]}},{"type":"Feature","properties":{"kolor":"czerwony","nazwa":""},"geometry":{"type":"LineString","coordinates":[[20.69453,49.31664],[20.6949,49.31649],[20.69542,49.31589],[20.69592,49.31556]]}},{"type":"Feature","properties":{"kolor":"czerwony","nazwa":""},"geometry":{"type":"LineString","coordinates":[[20.69592,49.31556],[20.69663,49.31508],[20.69826,49.31445]]}},{"type":"Feature","properties":{"kolor":"czerwony","nazwa":""},"geometry":{"type":"LineString","coordinates":[[20.69894,49.31675],[20.69845,49.31611],[20.69713,49.31546],[20.69726,49.31517],[20.69826,49.31445]]}},{"type":"Feature","properties":{"kolor":"czerwony","nazwa":""},"geometry":{"type":"LineString","coordinates":[[20.70216,49.32422],[20.70146,49.32342],[20.70049,49.32314],[20.69965,49.3227],[20.69857,49.32077],[20.69807,49.3191],[20.69878,49.3183],[20.69894,49.31675]]}},{"type":"Feature","properties":{"kolor":"czerwony","nazwa":""},"geometry":{"type":"LineString","coordinates":[[20.70611,49.32883],[20.70475,49.32812],[20.70355,49.32721],[20.70285,49.32522],[20.70216,49.32422]]}},{"type":"Feature","properties":{"kolor":"czerwony","nazwa":""},"geometry":{"type":"LineString","coordinates":[[20.71166,49.33105],[20.71165,49.33088],[20.71134,49.33068],[20.70973,49.32987],[20.70821,49.3296],[20.70611,49.32883]]}},{"type":"Feature","properties":{"kolor":"czerwony","nazwa":""},"geometry":{"type":"LineString","coordinates":[[20.7107,49.33139],[20.71166,49.33105]]}},{"type":"Feature","properties":{"kolor":"czerwony","nazwa":""},"geometry":{"type":"LineString","coordinates":[[20.71176,49.33555],[20.71163,49.3349],[20.71087,49.33318],[20.71065,49.33212],[20.7107,49.33139]]}},{"type":"Feature","properties":{"kolor":"czerwony","nazwa":""},"geometry":{"type":"LineString","coordinates":[[20.71176,49.33555],[20.71217,49.33568]]}},{"type":"Feature","properties":{"kolor":"czerwony","nazwa":""},"geometry":{"type":"LineString","coordinates":[[20.71217,49.33568],[20.71294,49.33642],[20.71291,49.33674]]}},{"type":"Feature","properties":{"kolor":"czerwony","nazwa":""},"geometry":{"type":"LineString","coordinates":[[20.71291,49.33674],[20.71527,49.33705],[20.71567,49.33694]]}},{"type":"Feature","properties":{"kolor":"czerwony","nazwa":""},"geometry":{"type":"LineString","coordinates":[[20.71567,49.33694],[20.71664,49.33706],[20.71838,49.33689],[20.72253,49.33542],[20.72723,49.33492],[20.72871,49.33488],[20.72977,49.33502]]}},{"type":"Feature","properties":{"kolor":"czerwony","nazwa":""},"geometry":{"type":"LineString","coordinates":[[20.72977,49.33502],[20.73112,49.3354],[20.73154,49.33569],[20.73174,49.3361],[20.73221,49.33796],[20.73195,49.3387],[20.73166,49.33904],[20.7317,49.33945]]}},{"type":"Feature","properties":{"kolor":"czerwony","nazwa":""},"geometry":{"type":"LineString","coordinates":[[20.7317,49.33945],[20.73172,49.34016],[20.7329,49.34101],[20.73419,49.34155],[20.73656,49.3422],[20.73888,49.34217],[20.73916,49.34228],[20.74053,49.34233],[20.74163,49.34251]]}},{"type":"Feature","properties":{"kolor":"czerwony","nazwa":""},"geometry":{"type":"LineString","coordinates":[[20.74163,49.34251],[20.74278,49.34221],[20.74533,49.34197]]}},{"type":"Feature","properties":{"kolor":"czerwony","nazwa":""},"geometry":{"type":"LineString","coordinates":[[20.74533,49.34197],[20.74636,49.34129],[20.74876,49.34079],[20.75128,49.33941],[20.75239,49.33926]]}},{"type":"Feature","properties":{"kolor":"czerwony","nazwa":""},"geometry":{"type":"LineString","coordinates":[[20.75239,49.33926],[20.75322,49.33888]]}},{"type":"Feature","properties":{"kolor":"czerwony","nazwa":""},"geometry":{"type":"LineString","coordinates":[[20.75322,49.33888],[20.75348,49.33887],[20.75454,49.33957],[20.75552,49.34066],[20.7566,49.34126],[20.75792,49.34138],[20.75919,49.34181],[20.75956,49.34183],[20.76075,49.34157],[20.76151,49.34169]]}},{"type":"Feature","properties":{"kolor":"czerwony","nazwa":""},"geometry":{"type":"LineString","coordinates":[[20.76151,49.34169],[20.76309,49.34238],[20.76442,49.34329],[20.76537,49.34368],[20.76769,49.34516],[20.76937,49.34547],[20.77038,49.34551],[20.77198,49.3461],[20.77224,49.34644],[20.77328,49.34702],[20.77386,49.34757],[20.77459,49.34865],[20.77482,49.35017],[20.7747,49.35134],[20.77587,49.35186],[20.77599,49.35203]]}},{"type":"Feature","properties":{"kolor":"niebieski","nazwa":""},"geometry":{"type":"LineString","coordinates":[[20.71658,49.41432],[20.71694,49.41434],[20.71763,49.41481]]}},{"type":"Feature","properties":{"kolor":"niebieski","nazwa":""},"geometry":{"type":"LineString","coordinates":[[20.71763,49.41481],[20.71928,49.41586],[20.72107,49.41649]]}},{"type":"Feature","properties":{"kolor":"niebieski","nazwa":""},"geometry":{"type":"LineString","coordinates":[[20.72107,49.41649],[20.72198,49.41675],[20.72281,49.41675]]}},{"type":"Feature","properties":{"kolor":"niebieski","nazwa":""},"geometry":{"type":"LineString","coordinates":[[20.72281,49.41675],[20.72307,49.41661]]}},{"type":"Feature","properties":{"kolor":"niebieski","nazwa":""},"geometry":{"type":"LineString","coordinates":[[20.72307,49.41661],[20.72592,49.41536],[20.7269,49.41478]]}},{"type":"Feature","properties":{"kolor":"niebieski","nazwa":""},"geometry":{"type":"LineString","coordinates":[[20.7269,49.41478],[20.72765,49.41446],[20.72882,49.41443]]}},{"type":"Feature","properties":{"kolor":"niebieski","nazwa":""},"geometry":{"type":"LineString","coordinates":[[20.72882,49.41443],[20.72921,49.41438]]}},{"type":"Feature","properties":{"kolor":"niebieski","nazwa":""},"geometry":{"type":"LineString","coordinates":[[20.72921,49.41438],[20.73045,49.41459]]}},{"type":"Feature","properties":{"kolor":"niebieski","nazwa":""},"geometry":{"type":"LineString","coordinates":[[20.73045,49.41459],[20.73075,49.41464]]}},{"type":"Feature","properties":{"kolor":"niebieski","nazwa":""},"geometry":{"type":"LineString","coordinates":[[20.73075,49.41464],[20.73271,49.41471],[20.73321,49.41483]]}},{"type":"Feature","properties":{"kolor":"niebieski","nazwa":""},"geometry":{"type":"LineString","coordinates":[[20.73321,49.41483],[20.73457,49.41568],[20.73615,49.41617],[20.73856,49.41571],[20.73995,49.41558],[20.74116,49.41514],[20.74229,49.41456]]}},{"type":"Feature","properties":{"kolor":"niebieski","nazwa":""},"geometry":{"type":"LineString","coordinates":[[20.74229,49.41456],[20.74297,49.41428],[20.7433,49.414],[20.74432,49.41257],[20.74484,49.4122],[20.74497,49.41182],[20.74453,49.41026],[20.74384,49.40951],[20.74297,49.40885],[20.74256,49.40832],[20.74185,49.40602],[20.74198,49.40492],[20.7418,49.40324],[20.74218,49.40266],[20.74227,49.40207],[20.74295,49.40133]]}},{"type":"Feature","properties":{"kolor":"niebieski","nazwa":""},"geometry":{"type":"LineString","coordinates":[[20.74295,49.40133],[20.74373,49.40119],[20.74781,49.40111],[20.75198,49.4013],[20.75285,49.4012],[20.75323,49.40096]]}},{"type":"Feature","properties":{"kolor":"niebieski","nazwa":""},"geometry":{"type":"LineString","coordinates":[[20.75323,49.40096],[20.75568,49.39985],[20.75661,49.39847],[20.75657,49.39815],[20.75626,49.39788],[20.7534,49.39663],[20.75112,49.39595],[20.75036,49.39561],[20.74727,49.3935],[20.74691,49.39279],[20.74683,49.39225],[20.74702,49.39106],[20.74782,49.38918],[20.74804,49.38896],[20.74885,49.38846],[20.75299,49.38682]]}},{"type":"Feature","properties":{"kolor":"niebieski","nazwa":""},"geometry":{"type":"LineString","coordinates":[[20.75299,49.38682],[20.75399,49.38641],[20.75522,49.38564],[20.75588,49.38542]]}},{"type":"Feature","properties":{"kolor":"niebieski","nazwa":""},"geometry":{"type":"LineString","coordinates":[[20.75588,49.38542],[20.76001,49.38454],[20.76057,49.38404],[20.76067,49.38352]]}},{"type":"Feature","properties":{"kolor":"niebieski","nazwa":""},"geometry":{"type":"LineString","coordinates":[[20.76067,49.38352],[20.7588,49.37899],[20.75751,49.37649],[20.75722,49.37491],[20.75751,49.37395],[20.75844,49.37285],[20.75968,49.37185],[20.76154,49.37084],[20.76209,49.3701]]}},{"type":"Feature","properties":{"kolor":"niebieski","nazwa":""},"geometry":{"type":"LineString","coordinates":[[20.77482,49.37373],[20.765,49.37058],[20.76209,49.3701]]}},{"type":"Feature","properties":{"kolor":"zolty","nazwa":""},"geometry":{"type":"LineString","coordinates":[[20.72977,49.33502],[20.73009,49.33493]]}},{"type":"Feature","properties":{"kolor":"zolty","nazwa":""},"geometry":{"type":"LineString","coordinates":[[20.73009,49.33493],[20.73074,49.33451]]}},{"type":"Feature","properties":{"kolor":"zolty","nazwa":""},"geometry":{"type":"LineString","coordinates":[[20.73074,49.33451],[20.73053,49.3332],[20.73231,49.33146],[20.73376,49.33032],[20.73468,49.32823],[20.73404,49.32782],[20.73299,49.32771],[20.73131,49.32691],[20.73004,49.32687],[20.72863,49.32715],[20.72637,49.32638],[20.72621,49.32591],[20.72712,49.32432],[20.72697,49.32357],[20.72752,49.3224],[20.72846,49.32108]]}},{"type":"Feature","properties":{"kolor":"zolty","nazwa":""},"geometry":{"type":"LineString","coordinates":[[20.62149,49.37658],[20.62233,49.37631],[20.6234,49.37561],[20.62359,49.37528],[20.62452,49.37452],[20.62499,49.37433]]}},{"type":"Feature","properties":{"kolor":"zolty","nazwa":""},"geometry":{"type":"LineString","coordinates":[[20.60986,49.38448],[20.61018,49.38432],[20.61064,49.38379],[20.61137,49.38343],[20.61162,49.38298],[20.6117,49.38206],[20.61214,49.38111],[20.61249,49.38075],[20.61326,49.38038],[20.61334,49.37994],[20.61446,49.37991],[20.62149,49.37658]]}},{"type":"Feature","properties":{"kolor":"zolty","nazwa":""},"geometry":{"type":"LineString","coordinates":[[20.60941,49.38474],[20.60986,49.38448]]}},{"type":"Feature","properties":{"kolor":"zolty","nazwa":""},"geometry":{"type":"LineString","coordinates":[[20.60919,49.38483],[20.60922,49.38476]]}},{"type":"Feature","properties":{"kolor":"zolty","nazwa":""},"geometry":{"type":"LineString","coordinates":[[20.60922,49.38476],[20.60941,49.38474]]}},{"type":"Feature","properties":{"kolor":"zolty","nazwa":""},"geometry":{"type":"LineString","coordinates":[[20.60926,49.38489],[20.60919,49.38483]]}},{"type":"Feature","properties":{"kolor":"zolty","nazwa":""},"geometry":{"type":"LineString","coordinates":[[20.60787,49.38662],[20.60822,49.38638],[20.60926,49.38489]]}},{"type":"Feature","properties":{"kolor":"zolty","nazwa":""},"geometry":{"type":"LineString","coordinates":[[20.60682,49.38747],[20.60787,49.38662]]}},{"type":"Feature","properties":{"kolor":"zolty","nazwa":""},"geometry":{"type":"LineString","coordinates":[[20.60674,49.38777],[20.60682,49.38747]]}},{"type":"Feature","properties":{"kolor":"zolty","nazwa":""},"geometry":{"type":"LineString","coordinates":[[20.60128,49.39286],[20.60166,49.39279],[20.60241,49.39236],[20.60309,49.39179],[20.60409,49.38982],[20.60471,49.38896],[20.60623,49.38796],[20.60674,49.38777]]}},{"type":"Feature","properties":{"kolor":"zolty","nazwa":""},"geometry":{"type":"LineString","coordinates":[[20.60085,49.3944],[20.60128,49.39286]]}},{"type":"Feature","properties":{"kolor":"zielony","nazwa":"Jaworki - Przełęcz Korbalowa/Stráňanské sedlo"},"geometry":{"type":"LineString","coordinates":[[20.55278,49.40662],[20.55078,49.40667],[20.54819,49.40605]]}},{"type":"Feature","properties":{"kolor":"zielony","nazwa":"Jaworki - Przełęcz Korbalowa/Stráňanské sedlo"},"geometry":{"type":"LineString","coordinates":[[20.54819,49.40605],[20.548,49.40601]]}},{"type":"Feature","properties":{"kolor":"zielony","nazwa":"Jaworki - Przełęcz Korbalowa/Stráňanské sedlo"},"geometry":{"type":"LineString","coordinates":[[20.548,49.40601],[20.54746,49.40598]]}},{"type":"Feature","properties":{"kolor":"zielony","nazwa":"Jaworki - Przełęcz Korbalowa/Stráňanské sedlo"},"geometry":{"type":"LineString","coordinates":[[20.54723,49.40565],[20.54746,49.40598]]}},{"type":"Feature","properties":{"kolor":"zielony","nazwa":"Jaworki - Przełęcz Korbalowa/Stráňanské sedlo"},"geometry":{"type":"LineString","coordinates":[[20.54724,49.40562],[20.54723,49.40565]]}},{"type":"Feature","properties":{"kolor":"zielony","nazwa":"Jaworki - Przełęcz Korbalowa/Stráňanské sedlo"},"geometry":{"type":"LineString","coordinates":[[20.54806,49.40402],[20.54792,49.40425],[20.54804,49.40476],[20.54765,49.40532],[20.54724,49.40562]]}},{"type":"Feature","properties":{"kolor":"zielony","nazwa":"Jaworki - Przełęcz Korbalowa/Stráňanské sedlo"},"geometry":{"type":"LineString","coordinates":[[20.54795,49.40394],[20.54806,49.40402]]}},{"type":"Feature","properties":{"kolor":"zielony","nazwa":"Jaworki - Przełęcz Korbalowa/Stráňanské sedlo"},"geometry":{"type":"LineString","coordinates":[[20.54805,49.40312],[20.54816,49.40361],[20.54795,49.40394]]}},{"type":"Feature","properties":{"kolor":"zielony","nazwa":"Jaworki - Przełęcz Korbalowa/Stráňanské sedlo"},"geometry":{"type":"LineString","coordinates":[[20.54811,49.40307],[20.54805,49.40312]]}},{"type":"Feature","properties":{"kolor":"zielony","nazwa":"Jaworki - Przełęcz Korbalowa/Stráňanské sedlo"},"geometry":{"type":"LineString","coordinates":[[20.54898,49.40235],[20.54811,49.40307]]}},{"type":"Feature","properties":{"kolor":"zielony","nazwa":"Jaworki - Przełęcz Korbalowa/Stráňanské sedlo"},"geometry":{"type":"LineString","coordinates":[[20.54896,49.40233],[20.54898,49.40235]]}},{"type":"Feature","properties":{"kolor":"zielony","nazwa":"Jaworki - Przełęcz Korbalowa/Stráňanské sedlo"},"geometry":{"type":"LineString","coordinates":[[20.54894,49.4023],[20.54896,49.40233]]}},{"type":"Feature","properties":{"kolor":"zielony","nazwa":"Jaworki - Przełęcz Korbalowa/Stráňanské sedlo"},"geometry":{"type":"LineString","coordinates":[[20.55355,49.39676],[20.55318,49.39682],[20.55314,49.39708],[20.55275,49.39732],[20.55224,49.39808],[20.55174,49.39818],[20.55066,49.39884],[20.5503,49.40067],[20.54979,49.40122],[20.54906,49.40169],[20.54894,49.4023]]}},{"type":"Feature","properties":{"kolor":"zielony","nazwa":"Jaworki - Przełęcz Korbalowa/Stráňanské sedlo"},"geometry":{"type":"LineString","coordinates":[[20.55398,49.39687],[20.55355,49.39676]]}},{"type":"Feature","properties":{"kolor":"zielony","nazwa":"Jaworki - Przełęcz Korbalowa/Stráňanské sedlo"},"geometry":{"type":"LineString","coordinates":[[20.55487,49.39101],[20.55472,49.3916],[20.55498,49.39207],[20.55477,49.3926],[20.55513,49.39289],[20.55546,49.39372],[20.55533,49.39458],[20.55511,49.39492],[20.5551,49.39535],[20.55398,49.39687]]}},{"type":"Feature","properties":{"kolor":"zielony","nazwa":"Jaworki - Przełęcz Korbalowa/Stráňanské sedlo"},"geometry":{"type":"LineString","coordinates":[[20.55607,49.38686],[20.55593,49.38747],[20.55504,49.38833],[20.55514,49.38907],[20.55548,49.38953],[20.55495,49.39044],[20.55487,49.39101]]}},{"type":"Feature","properties":{"kolor":"zielony","nazwa":"Jaworki - Przełęcz Korbalowa/Stráňanské sedlo"},"geometry":{"type":"LineString","coordinates":[[20.55705,49.3848],[20.55607,49.38686]]}},{"type":"Feature","properties":{"kolor":"zielony","nazwa":"Jaworki - Przełęcz Korbalowa/Stráňanské sedlo"},"geometry":{"type":"LineString","coordinates":[[20.55425,49.38255],[20.55516,49.38311],[20.55552,49.38304],[20.55614,49.38335],[20.55705,49.3848]]}},{"type":"Feature","properties":{"kolor":"zielony","nazwa":"Jaworki - Przełęcz Korbalowa/Stráňanské sedlo"},"geometry":{"type":"LineString","coordinates":[[20.55425,49.38255],[20.55512,49.38241],[20.55627,49.38196],[20.55724,49.38094],[20.55747,49.38019]]}},{"type":"Feature","properties":{"kolor":"zielony","nazwa":"Jaworki - Przełęcz Korbalowa/Stráňanské sedlo"},"geometry":{"type":"LineString","coordinates":[[20.55747,49.38019],[20.5575,49.37974],[20.55836,49.3791]]}},{"type":"Feature","properties":{"kolor":"zielony","nazwa":"Jaworki - Przełęcz Korbalowa/Stráňanské sedlo"},"geometry":{"type":"LineString","coordinates":[[20.56153,49.37912],[20.55915,49.3789],[20.55836,49.3791]]}},{"type":"Feature","properties":{"kolor":"niebieski","nazwa":"Beskydská cesta sv. Jakuba"},"geometry":{"type":"LineString","coordinates":[[20.63646,49.57039],[20.63646,49.56968],[20.63614,49.56864]]}},{"type":"Feature","properties":{"kolor":"niebieski","nazwa":"Beskydská cesta sv. Jakuba"},"geometry":{"type":"LineString","coordinates":[[20.63614,49.56864],[20.63585,49.56841]]}},{"type":"Feature","properties":{"kolor":"niebieski","nazwa":"Beskydská cesta sv. Jakuba"},"geometry":{"type":"LineString","coordinates":[[20.63594,49.56834],[20.63585,49.56841]]}},{"type":"Feature","properties":{"kolor":"niebieski","nazwa":"Beskydská cesta sv. Jakuba"},"geometry":{"type":"LineString","coordinates":[[20.63578,49.5671],[20.63562,49.56784],[20.63594,49.56834]]}},{"type":"Feature","properties":{"kolor":"niebieski","nazwa":"Beskydská cesta sv. Jakuba"},"geometry":{"type":"LineString","coordinates":[[20.63704,49.56433],[20.63659,49.56601],[20.63591,49.56708],[20.63578,49.5671]]}},{"type":"Feature","properties":{"kolor":"niebieski","nazwa":"Beskydská cesta sv. Jakuba"},"geometry":{"type":"LineString","coordinates":[[20.63704,49.56433],[20.63717,49.56334]]}},{"type":"Feature","properties":{"kolor":"niebieski","nazwa":"Beskydská cesta sv. Jakuba"},"geometry":{"type":"LineString","coordinates":[[20.63717,49.56334],[20.63736,49.5627]]}},{"type":"Feature","properties":{"kolor":"niebieski","nazwa":"Beskydská cesta sv. Jakuba"},"geometry":{"type":"LineString","coordinates":[[20.63736,49.5627],[20.63739,49.56235]]}},{"type":"Feature","properties":{"kolor":"niebieski","nazwa":"Beskydská cesta sv. Jakuba"},"geometry":{"type":"LineString","coordinates":[[20.63739,49.56235],[20.63712,49.56212],[20.63658,49.56199]]}},{"type":"Feature","properties":{"kolor":"niebieski","nazwa":"Beskydská cesta sv. Jakuba"},"geometry":{"type":"LineString","coordinates":[[20.63658,49.56199],[20.63799,49.55668]]}},{"type":"Feature","properties":{"kolor":"niebieski","nazwa":"Beskydská cesta sv. Jakuba"},"geometry":{"type":"LineString","coordinates":[[20.63799,49.55668],[20.64449,49.54206]]}},{"type":"Feature","properties":{"kolor":"niebieski","nazwa":"Beskydská cesta sv. Jakuba"},"geometry":{"type":"LineString","coordinates":[[20.64449,49.54206],[20.64742,49.54142]]}},{"type":"Feature","properties":{"kolor":"niebieski","nazwa":"Beskydská cesta sv. Jakuba"},"geometry":{"type":"LineString","coordinates":[[20.64742,49.54142],[20.65308,49.54039],[20.6553,49.53885]]}},{"type":"Feature","properties":{"kolor":"niebieski","nazwa":"Beskydská cesta sv. Jakuba"},"geometry":{"type":"LineString","coordinates":[[20.65483,49.53529],[20.65554,49.53725],[20.65551,49.5384],[20.6553,49.53885]]}},{"type":"Feature","properties":{"kolor":"niebieski","nazwa":"Beskydská cesta sv. Jakuba"},"geometry":{"type":"LineString","coordinates":[[20.65228,49.52995],[20.65483,49.53529]]}},{"type":"Feature","properties":{"kolor":"niebieski","nazwa":"Beskydská cesta sv. Jakuba"},"geometry":{"type":"LineString","coordinates":[[20.65082,49.52792],[20.65228,49.52995]]}},{"type":"Feature","properties":{"kolor":"niebieski","nazwa":"Beskydská cesta sv. Jakuba"},"geometry":{"type":"LineString","coordinates":[[20.6708,49.50168],[20.6695,49.50177],[20.66624,49.50228],[20.66496,49.50298],[20.66385,49.50399],[20.66286,49.50528],[20.66231,49.50565],[20.66138,49.50601],[20.66066,49.50658],[20.65915,49.50892],[20.65858,49.50932],[20.65771,49.5103],[20.65698,49.51137],[20.65677,49.51196],[20.65669,49.5131],[20.65672,49.52221],[20.65651,49.52302],[20.65688,49.52363]]}},{"type":"Feature","properties":{"kolor":"niebieski","nazwa":"Beskydská cesta sv. Jakuba"},"geometry":{"type":"LineString","coordinates":[[20.6772,49.50119],[20.67657,49.50078],[20.67431,49.50085],[20.67309,49.50096],[20.67178,49.50124],[20.67124,49.50138],[20.6708,49.50168]]}},{"type":"Feature","properties":{"kolor":"niebieski","nazwa":"Beskydská cesta sv. Jakuba"},"geometry":{"type":"LineString","coordinates":[[20.6772,49.50119],[20.67724,49.50107]]}},{"type":"Feature","properties":{"kolor":"niebieski","nazwa":"Beskydská cesta sv. Jakuba"},"geometry":{"type":"LineString","coordinates":[[20.67724,49.50107],[20.67728,49.50096]]}},{"type":"Feature","properties":{"kolor":"niebieski","nazwa":"Beskydská cesta sv. Jakuba"},"geometry":{"type":"LineString","coordinates":[[20.67728,49.50096],[20.67731,49.5009]]}},{"type":"Feature","properties":{"kolor":"niebieski","nazwa":"Beskydská cesta sv. Jakuba"},"geometry":{"type":"LineString","coordinates":[[20.67731,49.5009],[20.67726,49.50082]]}},{"type":"Feature","properties":{"kolor":"niebieski","nazwa":"Beskydská cesta sv. Jakuba"},"geometry":{"type":"LineString","coordinates":[[20.68499,49.49538],[20.68483,49.49579],[20.6837,49.49648],[20.68333,49.49711],[20.68245,49.49798],[20.68031,49.49954],[20.67726,49.50082]]}},{"type":"Feature","properties":{"kolor":"niebieski","nazwa":"Beskydská cesta sv. Jakuba"},"geometry":{"type":"LineString","coordinates":[[20.68472,49.49241],[20.68504,49.49415],[20.68537,49.4945],[20.68525,49.49507],[20.68499,49.49538]]}},{"type":"Feature","properties":{"kolor":"niebieski","nazwa":"Beskydská cesta sv. Jakuba"},"geometry":{"type":"LineString","coordinates":[[20.68372,49.48679],[20.68345,49.48715],[20.68335,49.48775],[20.68472,49.49241]]}},{"type":"Feature","properties":{"kolor":"niebieski","nazwa":"Beskydská cesta sv. Jakuba"},"geometry":{"type":"LineString","coordinates":[[20.68395,49.48656],[20.68372,49.48679]]}},{"type":"Feature","properties":{"kolor":"niebieski","nazwa":"Beskydská cesta sv. Jakuba"},"geometry":{"type":"LineString","coordinates":[[20.68395,49.48617],[20.68395,49.48656]]}},{"type":"Feature","properties":{"kolor":"niebieski","nazwa":"Beskydská cesta sv. Jakuba"},"geometry":{"type":"LineString","coordinates":[[20.6838,49.48567],[20.68395,49.48617]]}},{"type":"Feature","properties":{"kolor":"niebieski","nazwa":"Beskydská cesta sv. Jakuba"},"geometry":{"type":"LineString","coordinates":[[20.6838,49.48567],[20.683,49.48366]]}},{"type":"Feature","properties":{"kolor":"niebieski","nazwa":"Beskydská cesta sv. Jakuba"},"geometry":{"type":"LineString","coordinates":[[20.683,49.48366],[20.6828,49.48283],[20.68282,49.48134],[20.68324,49.48031],[20.68388,49.47921],[20.68483,49.47801],[20.68762,49.47565]]}},{"type":"Feature","properties":{"kolor":"niebieski","nazwa":"Beskydská cesta sv. Jakuba"},"geometry":{"type":"LineString","coordinates":[[20.68762,49.47565],[20.68991,49.47429],[20.69271,49.47301]]}},{"type":"Feature","properties":{"kolor":"niebieski","nazwa":"Beskydská cesta sv. Jakuba"},"geometry":{"type":"LineString","coordinates":[[20.69338,49.4727],[20.69271,49.47301]]}},{"type":"Feature","properties":{"kolor":"niebieski","nazwa":"Beskydská cesta sv. Jakuba"},"geometry":{"type":"LineString","coordinates":[[20.69338,49.4727],[20.69507,49.47243]]}},{"type":"Feature","properties":{"kolor":"niebieski","nazwa":"Beskydská cesta sv. Jakuba"},"geometry":{"type":"LineString","coordinates":[[20.69507,49.47243],[20.69628,49.47188],[20.69662,49.47185]]}},{"type":"Feature","properties":{"kolor":"niebieski","nazwa":"Beskydská cesta sv. Jakuba"},"geometry":{"type":"LineString","coordinates":[[20.69662,49.47185],[20.6973,49.4715],[20.6999,49.47062]]}},{"type":"Feature","properties":{"kolor":"niebieski","nazwa":"Beskydská cesta sv. Jakuba"},"geometry":{"type":"LineString","coordinates":[[20.6999,49.47062],[20.70172,49.46962],[20.7027,49.46936],[20.70371,49.46878],[20.70393,49.46853]]}},{"type":"Feature","properties":{"kolor":"niebieski","nazwa":"Beskydská cesta sv. Jakuba"},"geometry":{"type":"LineString","coordinates":[[20.70264,49.4677],[20.70365,49.46823],[20.70393,49.46853]]}},{"type":"Feature","properties":{"kolor":"niebieski","nazwa":"Beskydská cesta sv. Jakuba"},"geometry":{"type":"LineString","coordinates":[[20.70246,49.46761],[20.70264,49.4677]]}},{"type":"Feature","properties":{"kolor":"niebieski","nazwa":"Beskydská cesta sv. Jakuba"},"geometry":{"type":"LineString","coordinates":[[20.70024,49.46729],[20.70051,49.46739],[20.70211,49.46748],[20.70246,49.46761]]}},{"type":"Feature","properties":{"kolor":"niebieski","nazwa":"Beskydská cesta sv. Jakuba"},"geometry":{"type":"LineString","coordinates":[[20.69935,49.46486],[20.69957,49.46636],[20.70024,49.46729]]}},{"type":"Feature","properties":{"kolor":"niebieski","nazwa":"Beskydská cesta sv. Jakuba"},"geometry":{"type":"LineString","coordinates":[[20.69905,49.46325],[20.69909,49.46384],[20.69891,49.4643],[20.69935,49.46486]]}},{"type":"Feature","properties":{"kolor":"niebieski","nazwa":"Beskydská cesta sv. Jakuba"},"geometry":{"type":"LineString","coordinates":[[20.69905,49.46325],[20.6986,49.46298],[20.69737,49.46176],[20.6963,49.45982],[20.69635,49.45832],[20.69614,49.45628],[20.69661,49.45558],[20.69713,49.45528],[20.69787,49.45512],[20.69875,49.45473],[20.69956,49.45422],[20.70006,49.45352],[20.70116,49.45268],[20.70321,49.45186],[20.70456,49.45065],[20.70604,49.44979],[20.7078,49.44914],[20.71017,49.44845],[20.71171,49.44826]]}},{"type":"Feature","properties":{"kolor":"niebieski","nazwa":"Beskydská cesta sv. Jakuba"},"geometry":{"type":"LineString","coordinates":[[20.71171,49.44826],[20.71302,49.44793]]}},{"type":"Feature","properties":{"kolor":"niebieski","nazwa":"Beskydská cesta sv. Jakuba"},"geometry":{"type":"LineString","coordinates":[[20.71302,49.44793],[20.71515,49.44736]]}},{"type":"Feature","properties":{"kolor":"niebieski","nazwa":"Beskydská cesta sv. Jakuba"},"geometry":{"type":"LineString","coordinates":[[20.71515,49.44736],[20.71677,49.44725],[20.71874,49.44547]]}},{"type":"Feature","properties":{"kolor":"niebieski","nazwa":"Beskydská cesta sv. Jakuba"},"geometry":{"type":"LineString","coordinates":[[20.71874,49.44547],[20.719,49.44498],[20.71927,49.44368],[20.71904,49.44261]]}},{"type":"Feature","properties":{"kolor":"niebieski","nazwa":"Beskydská cesta sv. Jakuba"},"geometry":{"type":"LineString","coordinates":[[20.71904,49.44261],[20.71881,49.44121]]}},{"type":"Feature","properties":{"kolor":"niebieski","nazwa":"Beskydská cesta sv. Jakuba"},"geometry":{"type":"LineString","coordinates":[[20.71881,49.44121],[20.71879,49.44085]]}},{"type":"Feature","properties":{"kolor":"niebieski","nazwa":"Beskydská cesta sv. Jakuba"},"geometry":{"type":"LineString","coordinates":[[20.71755,49.44057],[20.71879,49.44085]]}},{"type":"Feature","properties":{"kolor":"niebieski","nazwa":"Beskydská cesta sv. Jakuba"},"geometry":{"type":"LineString","coordinates":[[20.71738,49.44052],[20.71755,49.44057]]}},{"type":"Feature","properties":{"kolor":"niebieski","nazwa":"Beskydská cesta sv. Jakuba"},"geometry":{"type":"LineString","coordinates":[[20.71723,49.44048],[20.71738,49.44052]]}},{"type":"Feature","properties":{"kolor":"niebieski","nazwa":"Beskydská cesta sv. Jakuba"},"geometry":{"type":"LineString","coordinates":[[20.71599,49.44118],[20.71643,49.44104],[20.71648,49.4404],[20.71723,49.44048]]}},{"type":"Feature","properties":{"kolor":"niebieski","nazwa":"Beskydská cesta sv. Jakuba"},"geometry":{"type":"LineString","coordinates":[[20.71486,49.44058],[20.71599,49.44118]]}},{"type":"Feature","properties":{"kolor":"niebieski","nazwa":"Beskydská cesta sv. Jakuba"},"geometry":{"type":"LineString","coordinates":[[20.71403,49.4402],[20.71486,49.44058]]}},{"type":"Feature","properties":{"kolor":"niebieski","nazwa":"Beskydská cesta sv. Jakuba"},"geometry":{"type":"LineString","coordinates":[[20.71342,49.43962],[20.71403,49.4402]]}},{"type":"Feature","properties":{"kolor":"niebieski","nazwa":"Beskydská cesta sv. Jakuba"},"geometry":{"type":"LineString","coordinates":[[20.71253,49.43684],[20.71345,49.43844],[20.71342,49.43962]]}},{"type":"Feature","properties":{"kolor":"niebieski","nazwa":"Beskydská cesta sv. Jakuba"},"geometry":{"type":"LineString","coordinates":[[20.70645,49.43466],[20.70673,49.43501],[20.70806,49.43575],[20.70884,49.43602],[20.71148,49.43631],[20.71253,49.43684]]}},{"type":"Feature","properties":{"kolor":"niebieski","nazwa":"Beskydská cesta sv. Jakuba"},"geometry":{"type":"LineString","coordinates":[[20.70638,49.43447],[20.70645,49.43466]]}},{"type":"Feature","properties":{"kolor":"niebieski","nazwa":"Beskydská cesta sv. Jakuba"},"geometry":{"type":"LineString","coordinates":[[20.70637,49.43446],[20.70638,49.43447]]}},{"type":"Feature","properties":{"kolor":"niebieski","nazwa":"Beskydská cesta sv. Jakuba"},"geometry":{"type":"LineString","coordinates":[[20.70547,49.43429],[20.70637,49.43446]]}},{"type":"Feature","properties":{"kolor":"niebieski","nazwa":"Beskydská cesta sv. Jakuba"},"geometry":{"type":"LineString","coordinates":[[20.70436,49.43385],[20.70476,49.43411],[20.70547,49.43429]]}},{"type":"Feature","properties":{"kolor":"niebieski","nazwa":"Beskydská cesta sv. Jakuba"},"geometry":{"type":"LineString","coordinates":[[20.70292,49.43184],[20.70352,49.43208],[20.70369,49.43227],[20.70398,49.43306],[20.70425,49.43328],[20.70403,49.43361],[20.70436,49.43385]]}},{"type":"Feature","properties":{"kolor":"niebieski","nazwa":"Beskydská cesta sv. Jakuba"},"geometry":{"type":"LineString","coordinates":[[20.70292,49.43184],[20.70295,49.43163],[20.70321,49.43148],[20.70435,49.43131],[20.70371,49.43075]]}},{"type":"Feature","properties":{"kolor":"niebieski","nazwa":"Beskydská cesta sv. Jakuba"},"geometry":{"type":"LineString","coordinates":[[20.70105,49.42794],[20.7019,49.42818],[20.70221,49.42839],[20.70231,49.42974],[20.70281,49.43006],[20.70294,49.4304],[20.70371,49.43075]]}},{"type":"Feature","properties":{"kolor":"niebieski","nazwa":"Beskydská cesta sv. Jakuba"},"geometry":{"type":"LineString","coordinates":[[20.70105,49.42794],[20.70018,49.42782],[20.69951,49.4275],[20.69835,49.42759],[20.6977,49.42777],[20.69552,49.4267],[20.6946,49.42657],[20.69305,49.42592],[20.69275,49.42556],[20.6923,49.4253],[20.69209,49.42481],[20.69253,49.42301],[20.69204,49.42129]]}},{"type":"Feature","properties":{"kolor":"niebieski","nazwa":"Beskydská cesta sv. Jakuba"},"geometry":{"type":"LineString","coordinates":[[20.69118,49.41958],[20.69196,49.42064],[20.69204,49.42129]]}},{"type":"Feature","properties":{"kolor":"niebieski","nazwa":"Beskydská cesta sv. Jakuba"},"geometry":{"type":"LineString","coordinates":[[20.69105,49.41949],[20.69118,49.41958]]}},{"type":"Feature","properties":{"kolor":"niebieski","nazwa":"Beskydská cesta sv. Jakuba"},"geometry":{"type":"LineString","coordinates":[[20.68592,49.41605],[20.68624,49.41649],[20.68723,49.41717],[20.68794,49.41809],[20.6889,49.41857],[20.69005,49.41884],[20.69105,49.41949]]}},{"type":"Feature","properties":{"kolor":"niebieski","nazwa":"Beskydská cesta sv. Jakuba"},"geometry":{"type":"LineString","coordinates":[[20.67248,49.41053],[20.67499,49.41157],[20.67564,49.41207],[20.67791,49.41271],[20.6793,49.4133],[20.67954,49.41361],[20.68301,49.41504],[20.68426,49.41578],[20.68592,49.41605]]}},{"type":"Feature","properties":{"kolor":"niebieski","nazwa":"Beskydská cesta sv. Jakuba"},"geometry":{"type":"LineString","coordinates":[[20.64337,49.4011],[20.64438,49.40124],[20.64513,49.4011],[20.64725,49.401],[20.64807,49.40125],[20.64975,49.40131],[20.65217,49.4017],[20.65281,49.40198],[20.65362,49.40215],[20.65533,49.40223],[20.65623,49.40241],[20.65771,49.40326],[20.65997,49.40372],[20.66184,49.40388],[20.66359,49.40383],[20.66466,49.40393],[20.6652,49.40432],[20.66515,49.40488],[20.66556,49.40628],[20.66716,49.40678],[20.66803,49.40737],[20.66983,49.40803],[20.6703,49.4084],[20.67128,49.40989],[20.67248,49.41053]]}},{"type":"Feature","properties":{"kolor":"niebieski","nazwa":"Beskydská cesta sv. Jakuba"},"geometry":{"type":"LineString","coordinates":[[20.64337,49.4011],[20.64262,49.39981],[20.64207,49.39927],[20.64217,49.3984],[20.64262,49.39796],[20.64253,49.3976]]}},{"type":"Feature","properties":{"kolor":"niebieski","nazwa":"Beskydská cesta sv. Jakuba"},"geometry":{"type":"LineString","coordinates":[[20.64253,49.3976],[20.64192,49.39673],[20.64171,49.39663]]}},{"type":"Feature","properties":{"kolor":"niebieski","nazwa":"Beskydská cesta sv. Jakuba"},"geometry":{"type":"LineString","coordinates":[[20.64171,49.39663],[20.64071,49.39638]]}},{"type":"Feature","properties":{"kolor":"niebieski","nazwa":"Beskydská cesta sv. Jakuba"},"geometry":{"type":"LineString","coordinates":[[20.64071,49.39638],[20.64166,49.39579],[20.64289,49.39545],[20.64383,49.39496],[20.64449,49.39429],[20.64455,49.39405]]}},{"type":"Feature","properties":{"kolor":"niebieski","nazwa":"Beskydská cesta sv. Jakuba"},"geometry":{"type":"LineString","coordinates":[[20.64116,49.39299],[20.64261,49.39369],[20.64368,49.39343],[20.64455,49.39405]]}},{"type":"Feature","properties":{"kolor":"niebieski","nazwa":"Beskydská cesta sv. Jakuba"},"geometry":{"type":"LineString","coordinates":[[20.64039,49.39121],[20.64078,49.39237],[20.64058,49.39295],[20.64078,49.39304],[20.64116,49.39299]]}},{"type":"Feature","properties":{"kolor":"niebieski","nazwa":"Beskydská cesta sv. Jakuba"},"geometry":{"type":"LineString","coordinates":[[20.63515,49.39088],[20.63549,49.3907],[20.63607,49.39069],[20.63885,49.39114],[20.64039,49.39121]]}},{"type":"Feature","properties":{"kolor":"niebieski","nazwa":"Beskydská cesta sv. Jakuba"},"geometry":{"type":"LineString","coordinates":[[20.6351,49.39092],[20.63515,49.39088]]}},{"type":"Feature","properties":{"kolor":"niebieski","nazwa":"Beskydská cesta sv. Jakuba"},"geometry":{"type":"LineString","coordinates":[[20.63456,49.39125],[20.6351,49.39092]]}},{"type":"Feature","properties":{"kolor":"czerwony","nazwa":"Chochołów - Przełęcz Trzy Kopce"},"geometry":{"type":"LineString","coordinates":[[20.24029,49.4177],[20.2384,49.41774],[20.23789,49.41788],[20.23566,49.4177],[20.23407,49.41795],[20.22842,49.41821],[20.2268,49.41843],[20.22573,49.41827],[20.22335,49.41816],[20.22098,49.41829],[20.22046,49.41713],[20.22039,49.41639],[20.21968,49.41559],[20.21947,49.415],[20.21912,49.4147],[20.21566,49.41448],[20.2141,49.41464],[20.21138,49.41444],[20.21119,49.41412],[20.21083,49.41395],[20.20893,49.41381],[20.20859,49.41344],[20.20859,49.41272],[20.20816,49.41249],[20.20791,49.41265],[20.20765,49.41317],[20.20733,49.41338],[20.2042,49.41314],[20.20153,49.41332],[20.19513,49.41337]]}},{"type":"Feature","properties":{"kolor":"czerwony","nazwa":"Chochołów - Przełęcz Trzy Kopce"},"geometry":{"type":"LineString","coordinates":[[20.24029,49.4177],[20.24033,49.41752],[20.23998,49.41712],[20.24065,49.4167]]}},{"type":"Feature","properties":{"kolor":"czerwony","nazwa":"Chochołów - Przełęcz Trzy Kopce"},"geometry":{"type":"LineString","coordinates":[[20.24177,49.41673],[20.24065,49.4167]]}},{"type":"Feature","properties":{"kolor":"czerwony","nazwa":"Chochołów - Przełęcz Trzy Kopce"},"geometry":{"type":"LineString","coordinates":[[20.24238,49.41705],[20.24177,49.41673]]}},{"type":"Feature","properties":{"kolor":"czerwony","nazwa":"Chochołów - Przełęcz Trzy Kopce"},"geometry":{"type":"LineString","coordinates":[[20.25064,49.41913],[20.24994,49.41872],[20.24901,49.41861],[20.24907,49.4177],[20.24845,49.41741],[20.24821,49.417],[20.24663,49.41709],[20.24575,49.41697],[20.24494,49.41716],[20.24348,49.41719],[20.24238,49.41705]]}},{"type":"Feature","properties":{"kolor":"czerwony","nazwa":"Chochołów - Przełęcz Trzy Kopce"},"geometry":{"type":"LineString","coordinates":[[20.25759,49.41626],[20.25677,49.4163],[20.25633,49.41618],[20.25476,49.41738],[20.25263,49.4181],[20.25174,49.41898],[20.25064,49.41913]]}},{"type":"Feature","properties":{"kolor":"czerwony","nazwa":"Chochołów - Przełęcz Trzy Kopce"},"geometry":{"type":"LineString","coordinates":[[20.2588,49.41579],[20.25772,49.41611],[20.25759,49.41626]]}},{"type":"Feature","properties":{"kolor":"czerwony","nazwa":"Chochołów - Przełęcz Trzy Kopce"},"geometry":{"type":"LineString","coordinates":[[20.2641,49.41364],[20.26175,49.41462],[20.26075,49.41495],[20.25948,49.41517],[20.25882,49.41561],[20.2588,49.41579]]}},{"type":"Feature","properties":{"kolor":"czerwony","nazwa":"Chochołów - Przełęcz Trzy Kopce"},"geometry":{"type":"LineString","coordinates":[[20.27455,49.41591],[20.27343,49.41503],[20.27327,49.4147],[20.27337,49.4141],[20.27166,49.41321]]}},{"type":"Feature","properties":{"kolor":"czerwony","nazwa":"Chochołów - Przełęcz Trzy Kopce"},"geometry":{"type":"LineString","coordinates":[[20.28733,49.4168],[20.28461,49.41678],[20.28234,49.41652],[20.28156,49.41656],[20.28017,49.41625],[20.27888,49.41628],[20.27767,49.41646],[20.27626,49.41645],[20.27455,49.41591]]}},{"type":"Feature","properties":{"kolor":"czerwony","nazwa":"Chochołów - Przełęcz Trzy Kopce"},"geometry":{"type":"LineString","coordinates":[[20.29158,49.41723],[20.28967,49.4172],[20.28856,49.417],[20.28828,49.41681],[20.28733,49.4168]]}},{"type":"Feature","properties":{"kolor":"czerwony","nazwa":"Chochołów - Przełęcz Trzy Kopce"},"geometry":{"type":"LineString","coordinates":[[20.31023,49.42075],[20.30842,49.42085],[20.30207,49.41967],[20.29992,49.41887],[20.29877,49.41823],[20.29727,49.41717],[20.2967,49.41701],[20.29499,49.4168],[20.29158,49.41723]]}},{"type":"Feature","properties":{"kolor":"czerwony","nazwa":"Chochołów - Przełęcz Trzy Kopce"},"geometry":{"type":"LineString","coordinates":[[20.31509,49.41939],[20.31023,49.42075]]}},{"type":"Feature","properties":{"kolor":"czerwony","nazwa":"Chochołów - Przełęcz Trzy Kopce"},"geometry":{"type":"LineString","coordinates":[[20.3183,49.4195],[20.31785,49.41943],[20.31725,49.4196],[20.3164,49.41934],[20.31509,49.41939]]}},{"type":"Feature","properties":{"kolor":"czerwony","nazwa":"Chochołów - Przełęcz Trzy Kopce"},"geometry":{"type":"LineString","coordinates":[[20.31786,49.42155],[20.31821,49.42084],[20.3183,49.4195]]}},{"type":"Feature","properties":{"kolor":"czerwony","nazwa":"Chochołów - Przełęcz Trzy Kopce"},"geometry":{"type":"LineString","coordinates":[[20.31994,49.41942],[20.32018,49.41971],[20.32025,49.42014],[20.31967,49.42118],[20.3192,49.42145],[20.31786,49.42155]]}},{"type":"Feature","properties":{"kolor":"czerwony","nazwa":"Chochołów - Przełęcz Trzy Kopce"},"geometry":{"type":"LineString","coordinates":[[20.31994,49.41942],[20.32006,49.41937]]}},{"type":"Feature","properties":{"kolor":"czerwony","nazwa":"Chochołów - Przełęcz Trzy Kopce"},"geometry":{"type":"LineString","coordinates":[[20.31987,49.4192],[20.32006,49.41937]]}},{"type":"Feature","properties":{"kolor":"czerwony","nazwa":"Chochołów - Przełęcz Trzy Kopce"},"geometry":{"type":"LineString","coordinates":[[20.31987,49.4192],[20.32012,49.41915],[20.32042,49.41935]]}},{"type":"Feature","properties":{"kolor":"czerwony","nazwa":"Chochołów - Przełęcz Trzy Kopce"},"geometry":{"type":"LineString","coordinates":[[20.32042,49.41935],[20.32022,49.41877],[20.3203,49.41786],[20.31999,49.41708],[20.31915,49.41635]]}},{"type":"Feature","properties":{"kolor":"czerwony","nazwa":"Chochołów - Przełęcz Trzy Kopce"},"geometry":{"type":"LineString","coordinates":[[20.31913,49.41631],[20.31915,49.41635]]}},{"type":"Feature","properties":{"kolor":"czerwony","nazwa":"Chochołów - Przełęcz Trzy Kopce"},"geometry":{"type":"LineString","coordinates":[[20.31913,49.41631],[20.31958,49.41611],[20.31979,49.4158]]}},{"type":"Feature","properties":{"kolor":"czerwony","nazwa":"Chochołów - Przełęcz Trzy Kopce"},"geometry":{"type":"LineString","coordinates":[[20.31979,49.4158],[20.31959,49.41574]]}},{"type":"Feature","properties":{"kolor":"czerwony","nazwa":"Chochołów - Przełęcz Trzy Kopce"},"geometry":{"type":"LineString","coordinates":[[20.31959,49.41574],[20.31947,49.41564]]}},{"type":"Feature","properties":{"kolor":"czerwony","nazwa":"Chochołów - Przełęcz Trzy Kopce"},"geometry":{"type":"LineString","coordinates":[[20.31947,49.41564],[20.31996,49.41532],[20.32022,49.41489],[20.32039,49.41397],[20.32028,49.4139]]}},{"type":"Feature","properties":{"kolor":"czerwony","nazwa":"Chochołów - Przełęcz Trzy Kopce"},"geometry":{"type":"LineString","coordinates":[[20.32028,49.4139],[20.32029,49.41381]]}},{"type":"Feature","properties":{"kolor":"czerwony","nazwa":"Chochołów - Przełęcz Trzy Kopce"},"geometry":{"type":"LineString","coordinates":[[20.32029,49.41381],[20.32043,49.41377],[20.32047,49.41323]]}},{"type":"Feature","properties":{"kolor":"czerwony","nazwa":"Chochołów - Przełęcz Trzy Kopce"},"geometry":{"type":"LineString","coordinates":[[20.32047,49.41323],[20.32059,49.4126]]}},{"type":"Feature","properties":{"kolor":"czerwony","nazwa":"Chochołów - Przełęcz Trzy Kopce"},"geometry":{"type":"LineString","coordinates":[[20.32059,49.4126],[20.3209,49.41208],[20.3223,49.41068],[20.32259,49.40926],[20.32434,49.40748],[20.32494,49.40713],[20.32596,49.40676],[20.32853,49.40612],[20.33003,49.40547],[20.33061,49.40535],[20.33086,49.40508]]}},{"type":"Feature","properties":{"kolor":"czerwony","nazwa":"Chochołów - Przełęcz Trzy Kopce"},"geometry":{"type":"LineString","coordinates":[[20.33086,49.40508],[20.33107,49.40513]]}},{"type":"Feature","properties":{"kolor":"czerwony","nazwa":"Chochołów - Przełęcz Trzy Kopce"},"geometry":{"type":"LineString","coordinates":[[20.33107,49.40513],[20.33117,49.40539]]}},{"type":"Feature","properties":{"kolor":"czerwony","nazwa":"Chochołów - Przełęcz Trzy Kopce"},"geometry":{"type":"LineString","coordinates":[[20.33117,49.40539],[20.3316,49.40551],[20.33339,49.40646]]}},{"type":"Feature","properties":{"kolor":"czerwony","nazwa":"Chochołów - Przełęcz Trzy Kopce"},"geometry":{"type":"LineString","coordinates":[[20.33339,49.40646],[20.33412,49.40684]]}},{"type":"Feature","properties":{"kolor":"czerwony","nazwa":"Chochołów - Przełęcz Trzy Kopce"},"geometry":{"type":"LineString","coordinates":[[20.33412,49.40684],[20.33441,49.40699]]}},{"type":"Feature","properties":{"kolor":"czerwony","nazwa":"Chochołów - Przełęcz Trzy Kopce"},"geometry":{"type":"LineString","coordinates":[[20.33536,49.40696],[20.33441,49.40699]]}},{"type":"Feature","properties":{"kolor":"czerwony","nazwa":"Chochołów - Przełęcz Trzy Kopce"},"geometry":{"type":"LineString","coordinates":[[20.33572,49.40677],[20.33536,49.40696]]}},{"type":"Feature","properties":{"kolor":"czerwony","nazwa":"Chochołów - Przełęcz Trzy Kopce"},"geometry":{"type":"LineString","coordinates":[[20.33989,49.40468],[20.33885,49.40529],[20.33783,49.4061],[20.33572,49.40677]]}},{"type":"Feature","properties":{"kolor":"czerwony","nazwa":"Chochołów - Przełęcz Trzy Kopce"},"geometry":{"type":"LineString","coordinates":[[20.33989,49.40468],[20.34008,49.40511]]}},{"type":"Feature","properties":{"kolor":"czerwony","nazwa":"Chochołów - Przełęcz Trzy Kopce"},"geometry":{"type":"LineString","coordinates":[[20.34008,49.40511],[20.34134,49.40539],[20.34204,49.40569],[20.343,49.40651],[20.34397,49.40699]]}},{"type":"Feature","properties":{"kolor":"czerwony","nazwa":"Chochołów - Przełęcz Trzy Kopce"},"geometry":{"type":"LineString","coordinates":[[20.34397,49.40699],[20.34461,49.40681],[20.34586,49.40722],[20.34683,49.40726],[20.34847,49.40678],[20.34934,49.40689],[20.34987,49.40709]]}},{"type":"Feature","properties":{"kolor":"czerwony","nazwa":"Chochołów - Przełęcz Trzy Kopce"},"geometry":{"type":"LineString","coordinates":[[20.34987,49.40709],[20.35169,49.4089],[20.35256,49.40938]]}},{"type":"Feature","properties":{"kolor":"czerwony","nazwa":"Chochołów - Przełęcz Trzy Kopce"},"geometry":{"type":"LineString","coordinates":[[20.35256,49.40938],[20.35428,49.40874],[20.35662,49.40843],[20.35768,49.40801],[20.36026,49.40587],[20.36132,49.40434]]}},{"type":"Feature","properties":{"kolor":"czerwony","nazwa":"Chochołów - Przełęcz Trzy Kopce"},"geometry":{"type":"LineString","coordinates":[[20.36132,49.40434],[20.36209,49.40279],[20.36313,49.40235],[20.36395,49.40234],[20.36485,49.40267],[20.36574,49.40393]]}},{"type":"Feature","properties":{"kolor":"czerwony","nazwa":"Chochołów - Przełęcz Trzy Kopce"},"geometry":{"type":"LineString","coordinates":[[20.36574,49.40393],[20.36594,49.40493]]}},{"type":"Feature","properties":{"kolor":"czerwony","nazwa":"Chochołów - Przełęcz Trzy Kopce"},"geometry":{"type":"LineString","coordinates":[[20.36594,49.40493],[20.36634,49.40668]]}},{"type":"Feature","properties":{"kolor":"czerwony","nazwa":"Chochołów - Przełęcz Trzy Kopce"},"geometry":{"type":"LineString","coordinates":[[20.36634,49.40668],[20.36673,49.40775],[20.36721,49.40827],[20.36784,49.40864],[20.36854,49.40886],[20.37018,49.40873]]}},{"type":"Feature","properties":{"kolor":"czerwony","nazwa":"Chochołów - Przełęcz Trzy Kopce"},"geometry":{"type":"LineString","coordinates":[[20.37018,49.40873],[20.36996,49.40903],[20.37072,49.40932],[20.37084,49.41004],[20.37148,49.41104],[20.37319,49.41234],[20.37297,49.41357],[20.37267,49.41386],[20.37253,49.41432],[20.37192,49.41493],[20.37193,49.41524],[20.37276,49.41559],[20.3736,49.41641],[20.37438,49.4163],[20.3757,49.41639],[20.37598,49.41693],[20.37683,49.41736],[20.37899,49.41768],[20.37931,49.41784],[20.37943,49.41856]]}},{"type":"Feature","properties":{"kolor":"czerwony","nazwa":"Chochołów - Przełęcz Trzy Kopce"},"geometry":{"type":"LineString","coordinates":[[20.27166,49.41321],[20.26998,49.4137],[20.26871,49.41372],[20.26747,49.41319],[20.26678,49.4131],[20.2657,49.41335],[20.26454,49.41343],[20.2641,49.41364]]}},{"type":"Feature","properties":{"kolor":"czerwony","nazwa":"Piwniczna-Zdrój - Jaworki"},"geometry":{"type":"LineString","coordinates":[[20.71723,49.44048],[20.71739,49.43969],[20.71669,49.43927],[20.71613,49.43862],[20.71497,49.43782],[20.71253,49.43684]]}},{"type":"Feature","properties":{"kolor":"czerwony","nazwa":"Piwniczna-Zdrój - Jaworki"},"geometry":{"type":"LineString","coordinates":[[20.70645,49.43466],[20.70673,49.43501],[20.70806,49.43575],[20.70884,49.43602],[20.71148,49.43631],[20.71253,49.43684]]}},{"type":"Feature","properties":{"kolor":"czerwony","nazwa":"Piwniczna-Zdrój - Jaworki"},"geometry":{"type":"LineString","coordinates":[[20.70638,49.43447],[20.70645,49.43466]]}},{"type":"Feature","properties":{"kolor":"czerwony","nazwa":"Piwniczna-Zdrój - Jaworki"},"geometry":{"type":"LineString","coordinates":[[20.70637,49.43446],[20.70638,49.43447]]}},{"type":"Feature","properties":{"kolor":"czerwony","nazwa":"Piwniczna-Zdrój - Jaworki"},"geometry":{"type":"LineString","coordinates":[[20.70547,49.43429],[20.70637,49.43446]]}},{"type":"Feature","properties":{"kolor":"czerwony","nazwa":"Piwniczna-Zdrój - Jaworki"},"geometry":{"type":"LineString","coordinates":[[20.69431,49.43636],[20.69702,49.43595],[20.70079,49.43513],[20.70547,49.43429]]}},{"type":"Feature","properties":{"kolor":"czerwony","nazwa":"Piwniczna-Zdrój - Jaworki"},"geometry":{"type":"LineString","coordinates":[[20.69431,49.43636],[20.69251,49.4364]]}},{"type":"Feature","properties":{"kolor":"czerwony","nazwa":"Piwniczna-Zdrój - Jaworki"},"geometry":{"type":"LineString","coordinates":[[20.69251,49.4364],[20.69208,49.43639]]}},{"type":"Feature","properties":{"kolor":"czerwony","nazwa":"Piwniczna-Zdrój - Jaworki"},"geometry":{"type":"LineString","coordinates":[[20.69208,49.43639],[20.69069,49.43634],[20.68964,49.43673],[20.68891,49.43677]]}},{"type":"Feature","properties":{"kolor":"czerwony","nazwa":"Piwniczna-Zdrój - Jaworki"},"geometry":{"type":"LineString","coordinates":[[20.68891,49.43677],[20.68636,49.43609],[20.68314,49.43442],[20.68221,49.43381],[20.68092,49.43322]]}},{"type":"Feature","properties":{"kolor":"czerwony","nazwa":"Piwniczna-Zdrój - Jaworki"},"geometry":{"type":"LineString","coordinates":[[20.68092,49.43322],[20.67957,49.43262],[20.67852,49.43166]]}},{"type":"Feature","properties":{"kolor":"czerwony","nazwa":"Piwniczna-Zdrój - Jaworki"},"geometry":{"type":"LineString","coordinates":[[20.67852,49.43166],[20.67416,49.43102],[20.66921,49.42955],[20.66737,49.42862],[20.66451,49.42657],[20.66174,49.42484],[20.65448,49.42501],[20.65376,49.42488],[20.65153,49.42399],[20.64988,49.42239],[20.64947,49.42179]]}},{"type":"Feature","properties":{"kolor":"czerwony","nazwa":"Piwniczna-Zdrój - Jaworki"},"geometry":{"type":"LineString","coordinates":[[20.64947,49.42179],[20.64924,49.42144]]}},{"type":"Feature","properties":{"kolor":"czerwony","nazwa":"Piwniczna-Zdrój - Jaworki"},"geometry":{"type":"LineString","coordinates":[[20.64924,49.42144],[20.64899,49.4211],[20.64799,49.42049],[20.64739,49.41984],[20.64601,49.41902]]}},{"type":"Feature","properties":{"kolor":"czerwony","nazwa":"Piwniczna-Zdrój - Jaworki"},"geometry":{"type":"LineString","coordinates":[[20.64601,49.41902],[20.64494,49.41754],[20.64443,49.41722],[20.64299,49.41664],[20.64313,49.4159],[20.64275,49.41547],[20.64246,49.41551],[20.64183,49.41656],[20.64139,49.41678],[20.64084,49.41694],[20.63925,49.4169]]}},{"type":"Feature","properties":{"kolor":"czerwony","nazwa":"Piwniczna-Zdrój - Jaworki"},"geometry":{"type":"LineString","coordinates":[[20.63925,49.4169],[20.63755,49.41646],[20.63568,49.41672]]}},{"type":"Feature","properties":{"kolor":"czerwony","nazwa":"Piwniczna-Zdrój - Jaworki"},"geometry":{"type":"LineString","coordinates":[[20.63568,49.41672],[20.63463,49.41708],[20.63346,49.41693],[20.63258,49.41743],[20.63213,49.41753],[20.63172,49.41755],[20.63091,49.41737],[20.62998,49.41742],[20.62994,49.41766],[20.63047,49.41825],[20.63051,49.41891],[20.63004,49.41896],[20.62916,49.41879],[20.62842,49.41933],[20.62755,49.41965]]}},{"type":"Feature","properties":{"kolor":"czerwony","nazwa":"Piwniczna-Zdrój - Jaworki"},"geometry":{"type":"LineString","coordinates":[[20.62755,49.41965],[20.62675,49.4199],[20.6257,49.41997],[20.62581,49.42125],[20.62502,49.4216],[20.62452,49.42149],[20.62392,49.4209]]}},{"type":"Feature","properties":{"kolor":"czerwony","nazwa":"Piwniczna-Zdrój - Jaworki"},"geometry":{"type":"LineString","coordinates":[[20.62392,49.4209],[20.62315,49.41947],[20.62273,49.41903],[20.62242,49.41887],[20.62159,49.41875],[20.621,49.41883]]}},{"type":"Feature","properties":{"kolor":"czerwony","nazwa":"Piwniczna-Zdrój - Jaworki"},"geometry":{"type":"LineString","coordinates":[[20.621,49.41883],[20.62047,49.41917],[20.61909,49.41949]]}},{"type":"Feature","properties":{"kolor":"czerwony","nazwa":"Piwniczna-Zdrój - Jaworki"},"geometry":{"type":"LineString","coordinates":[[20.61909,49.41949],[20.61899,49.41953]]}},{"type":"Feature","properties":{"kolor":"czerwony","nazwa":"Piwniczna-Zdrój - Jaworki"},"geometry":{"type":"LineString","coordinates":[[20.61899,49.41953],[20.61873,49.41972]]}},{"type":"Feature","properties":{"kolor":"czerwony","nazwa":"Piwniczna-Zdrój - Jaworki"},"geometry":{"type":"LineString","coordinates":[[20.61873,49.41972],[20.61786,49.42001]]}},{"type":"Feature","properties":{"kolor":"czerwony","nazwa":"Piwniczna-Zdrój - Jaworki"},"geometry":{"type":"LineString","coordinates":[[20.61786,49.42001],[20.61689,49.42028]]}},{"type":"Feature","properties":{"kolor":"czerwony","nazwa":"Piwniczna-Zdrój - Jaworki"},"geometry":{"type":"LineString","coordinates":[[20.61689,49.42028],[20.6162,49.42058],[20.61587,49.4209],[20.614,49.42207]]}},{"type":"Feature","properties":{"kolor":"czerwony","nazwa":"Piwniczna-Zdrój - Jaworki"},"geometry":{"type":"LineString","coordinates":[[20.614,49.42207],[20.61189,49.42326],[20.61072,49.42442],[20.60929,49.42524]]}},{"type":"Feature","properties":{"kolor":"czerwony","nazwa":"Piwniczna-Zdrój - Jaworki"},"geometry":{"type":"LineString","coordinates":[[20.60641,49.42611],[20.60785,49.42581],[20.60929,49.42524]]}},{"type":"Feature","properties":{"kolor":"czerwony","nazwa":"Piwniczna-Zdrój - Jaworki"},"geometry":{"type":"LineString","coordinates":[[20.60641,49.42611],[20.60542,49.42624],[20.60478,49.42653],[20.60384,49.42715],[20.60303,49.42806],[20.60255,49.42819],[20.60136,49.42837],[20.59885,49.42793],[20.59743,49.428],[20.59632,49.42766],[20.59553,49.42689],[20.59538,49.42625],[20.59564,49.42557],[20.59558,49.42465]]}},{"type":"Feature","properties":{"kolor":"czerwony","nazwa":"Piwniczna-Zdrój - Jaworki"},"geometry":{"type":"LineString","coordinates":[[20.59558,49.42465],[20.5957,49.42409],[20.59642,49.42309],[20.59611,49.42256],[20.59538,49.42186],[20.5951,49.42129],[20.59511,49.42081]]}},{"type":"Feature","properties":{"kolor":"czerwony","nazwa":"Piwniczna-Zdrój - Jaworki"},"geometry":{"type":"LineString","coordinates":[[20.59511,49.42081],[20.5953,49.41969],[20.59511,49.41942],[20.59469,49.41919]]}},{"type":"Feature","properties":{"kolor":"czerwony","nazwa":"Piwniczna-Zdrój - Jaworki"},"geometry":{"type":"LineString","coordinates":[[20.59469,49.41919],[20.59449,49.41894],[20.5948,49.41857],[20.59477,49.41841],[20.59424,49.41759],[20.59348,49.41694]]}},{"type":"Feature","properties":{"kolor":"czerwony","nazwa":"Piwniczna-Zdrój - Jaworki"},"geometry":{"type":"LineString","coordinates":[[20.59348,49.41694],[20.59276,49.41645]]}},{"type":"Feature","properties":{"kolor":"czerwony","nazwa":"Piwniczna-Zdrój - Jaworki"},"geometry":{"type":"LineString","coordinates":[[20.57209,49.4036],[20.57204,49.40392],[20.57262,49.40403],[20.57352,49.40464],[20.57435,49.40498],[20.57422,49.40516],[20.57285,49.40566],[20.5726,49.40591],[20.57269,49.4061],[20.57355,49.40601],[20.57542,49.40606],[20.5771,49.40575],[20.5796,49.40562],[20.58025,49.40576],[20.58096,49.40573],[20.5846,49.4053],[20.58778,49.40567],[20.58842,49.40581],[20.58907,49.40614],[20.5893,49.4067],[20.59083,49.40803],[20.59134,49.40887],[20.59153,49.40984],[20.59214,49.41032],[20.59257,49.41088],[20.59269,49.41125],[20.59245,49.41204],[20.5924,49.41351],[20.59276,49.41645]]}},{"type":"Feature","properties":{"kolor":"czerwony","nazwa":"Piwniczna-Zdrój - Jaworki"},"geometry":{"type":"LineString","coordinates":[[20.57202,49.40347],[20.57209,49.4036]]}},{"type":"Feature","properties":{"kolor":"czerwony","nazwa":"Piwniczna-Zdrój - Jaworki"},"geometry":{"type":"LineString","coordinates":[[20.57202,49.40347],[20.57156,49.40351],[20.57108,49.40336],[20.57005,49.40331],[20.56807,49.40416],[20.56719,49.40493]]}},{"type":"Feature","properties":{"kolor":"czerwony","nazwa":"Piwniczna-Zdrój - Jaworki"},"geometry":{"type":"LineString","coordinates":[[20.56719,49.40493],[20.5666,49.40555],[20.56628,49.4064],[20.5659,49.4066],[20.56515,49.40744],[20.56438,49.40786],[20.5636,49.40854],[20.56279,49.40886],[20.56229,49.40929],[20.56179,49.40933]]}},{"type":"Feature","properties":{"kolor":"czerwony","nazwa":"Piwniczna-Zdrój - Jaworki"},"geometry":{"type":"LineString","coordinates":[[20.56179,49.40933],[20.55897,49.40888]]}},{"type":"Feature","properties":{"kolor":"czerwony","nazwa":"Piwniczna-Zdrój - Jaworki"},"geometry":{"type":"LineString","coordinates":[[20.55897,49.40888],[20.55873,49.40881]]}},{"type":"Feature","properties":{"kolor":"czerwony","nazwa":"Piwniczna-Zdrój - Jaworki"},"geometry":{"type":"LineString","coordinates":[[20.55873,49.40881],[20.55834,49.40878],[20.55717,49.40796],[20.55642,49.40684],[20.55611,49.40672],[20.55563,49.40691],[20.55484,49.407]]}},{"type":"Feature","properties":{"kolor":"czerwony","nazwa":"Piwniczna-Zdrój - Jaworki"},"geometry":{"type":"LineString","coordinates":[[20.55484,49.407],[20.5547,49.40698]]}},{"type":"Feature","properties":{"kolor":"czerwony","nazwa":"Piwniczna-Zdrój - Jaworki"},"geometry":{"type":"LineString","coordinates":[[20.5547,49.40698],[20.55379,49.40679]]}},{"type":"Feature","properties":{"kolor":"zolty","nazwa":"Jaworki – przełęcz Rozdziela"},"geometry":{"type":"LineString","coordinates":[[20.5547,49.40698],[20.55379,49.40679]]}},{"type":"Feature","properties":{"kolor":"zolty","nazwa":"Jaworki – przełęcz Rozdziela"},"geometry":{"type":"LineString","coordinates":[[20.55484,49.407],[20.5547,49.40698]]}},{"type":"Feature","properties":{"kolor":"zolty","nazwa":"Jaworki – przełęcz Rozdziela"},"geometry":{"type":"LineString","coordinates":[[20.55873,49.40881],[20.55834,49.40878],[20.55717,49.40796],[20.55642,49.40684],[20.55611,49.40672],[20.55563,49.40691],[20.55484,49.407]]}},{"type":"Feature","properties":{"kolor":"zolty","nazwa":"Jaworki – przełęcz Rozdziela"},"geometry":{"type":"LineString","coordinates":[[20.55897,49.40888],[20.55873,49.40881]]}},{"type":"Feature","properties":{"kolor":"zolty","nazwa":"Jaworki – przełęcz Rozdziela"},"geometry":{"type":"LineString","coordinates":[[20.56179,49.40933],[20.55897,49.40888]]}},{"type":"Feature","properties":{"kolor":"zolty","nazwa":"Jaworki – przełęcz Rozdziela"},"geometry":{"type":"LineString","coordinates":[[20.56719,49.40493],[20.5666,49.40555],[20.56628,49.4064],[20.5659,49.4066],[20.56515,49.40744],[20.56438,49.40786],[20.5636,49.40854],[20.56279,49.40886],[20.56229,49.40929],[20.56179,49.40933]]}},{"type":"Feature","properties":{"kolor":"zolty","nazwa":"Jaworki – przełęcz Rozdziela"},"geometry":{"type":"LineString","coordinates":[[20.57202,49.40347],[20.57156,49.40351],[20.57108,49.40336],[20.57005,49.40331],[20.56807,49.40416],[20.56719,49.40493]]}},{"type":"Feature","properties":{"kolor":"zolty","nazwa":"Jaworki – przełęcz Rozdziela"},"geometry":{"type":"LineString","coordinates":[[20.57405,49.40385],[20.5729,49.40352],[20.57202,49.40347]]}},{"type":"Feature","properties":{"kolor":"zolty","nazwa":"Jaworki – przełęcz Rozdziela"},"geometry":{"type":"LineString","coordinates":[[20.57476,49.40403],[20.57405,49.40385]]}},{"type":"Feature","properties":{"kolor":"zolty","nazwa":"Jaworki – przełęcz Rozdziela"},"geometry":{"type":"LineString","coordinates":[[20.57476,49.40391],[20.57476,49.40403]]}},{"type":"Feature","properties":{"kolor":"zolty","nazwa":"Jaworki – przełęcz Rozdziela"},"geometry":{"type":"LineString","coordinates":[[20.57487,49.40379],[20.57476,49.40391]]}},{"type":"Feature","properties":{"kolor":"zolty","nazwa":"Jaworki – przełęcz Rozdziela"},"geometry":{"type":"LineString","coordinates":[[20.57619,49.40367],[20.57524,49.40384],[20.57487,49.40379]]}},{"type":"Feature","properties":{"kolor":"zolty","nazwa":"Jaworki – przełęcz Rozdziela"},"geometry":{"type":"LineString","coordinates":[[20.57662,49.40343],[20.57619,49.40367]]}},{"type":"Feature","properties":{"kolor":"zolty","nazwa":"Jaworki – przełęcz Rozdziela"},"geometry":{"type":"LineString","coordinates":[[20.57682,49.40344],[20.57662,49.40343]]}},{"type":"Feature","properties":{"kolor":"zolty","nazwa":"Jaworki – przełęcz Rozdziela"},"geometry":{"type":"LineString","coordinates":[[20.57701,49.40345],[20.57682,49.40344]]}},{"type":"Feature","properties":{"kolor":"zolty","nazwa":"Jaworki – przełęcz Rozdziela"},"geometry":{"type":"LineString","coordinates":[[20.58233,49.3996],[20.58139,49.40084],[20.57894,49.40165],[20.57862,49.402],[20.5786,49.40232],[20.57835,49.40265],[20.57701,49.40345]]}},{"type":"Feature","properties":{"kolor":"zolty","nazwa":"Jaworki – przełęcz Rozdziela"},"geometry":{"type":"LineString","coordinates":[[20.5824,49.39949],[20.58233,49.3996]]}},{"type":"Feature","properties":{"kolor":"zolty","nazwa":"Jaworki – przełęcz Rozdziela"},"geometry":{"type":"LineString","coordinates":[[20.58307,49.39845],[20.58275,49.39873],[20.58273,49.3993],[20.5824,49.39949]]}},{"type":"Feature","properties":{"kolor":"zolty","nazwa":"Jaworki – przełęcz Rozdziela"},"geometry":{"type":"LineString","coordinates":[[20.58327,49.39847],[20.58307,49.39845]]}},{"type":"Feature","properties":{"kolor":"zolty","nazwa":"Jaworki – przełęcz Rozdziela"},"geometry":{"type":"LineString","coordinates":[[20.58618,49.39725],[20.58589,49.39742],[20.58527,49.39746],[20.58415,49.39815],[20.58327,49.39847]]}},{"type":"Feature","properties":{"kolor":"zolty","nazwa":"Jaworki – przełęcz Rozdziela"},"geometry":{"type":"LineString","coordinates":[[20.58663,49.39725],[20.58618,49.39725]]}},{"type":"Feature","properties":{"kolor":"zolty","nazwa":"Jaworki – przełęcz Rozdziela"},"geometry":{"type":"LineString","coordinates":[[20.58662,49.39706],[20.58663,49.39725]]}},{"type":"Feature","properties":{"kolor":"zolty","nazwa":"Jaworki – przełęcz Rozdziela"},"geometry":{"type":"LineString","coordinates":[[20.58666,49.39697],[20.58662,49.39706]]}},{"type":"Feature","properties":{"kolor":"zolty","nazwa":"Jaworki – przełęcz Rozdziela"},"geometry":{"type":"LineString","coordinates":[[20.5877,49.39682],[20.58719,49.39679],[20.58666,49.39697]]}},{"type":"Feature","properties":{"kolor":"zolty","nazwa":"Jaworki – przełęcz Rozdziela"},"geometry":{"type":"LineString","coordinates":[[20.5877,49.39682],[20.58794,49.39682]]}},{"type":"Feature","properties":{"kolor":"zolty","nazwa":"Jaworki – przełęcz Rozdziela"},"geometry":{"type":"LineString","coordinates":[[20.58794,49.39682],[20.58883,49.39694],[20.59117,49.39697],[20.59413,49.39639],[20.59615,49.39621]]}},{"type":"Feature","properties":{"kolor":"zolty","nazwa":"Jaworki – przełęcz Rozdziela"},"geometry":{"type":"LineString","coordinates":[[20.59615,49.39621],[20.59829,49.39513],[20.59964,49.39459]]}},{"type":"Feature","properties":{"kolor":"zolty","nazwa":"Jaworki – przełęcz Rozdziela"},"geometry":{"type":"LineString","coordinates":[[20.59964,49.39459],[20.60004,49.39463]]}},{"type":"Feature","properties":{"kolor":"zolty","nazwa":"Jaworki – przełęcz Rozdziela"},"geometry":{"type":"LineString","coordinates":[[20.60085,49.3944],[20.60004,49.39463]]}},{"type":"Feature","properties":{"kolor":"niebieski","nazwa":"Piwniczna Zdrój - Łabowa"},"geometry":{"type":"LineString","coordinates":[[20.77044,49.45863],[20.76707,49.45915],[20.76609,49.45902],[20.76454,49.45837]]}},{"type":"Feature","properties":{"kolor":"niebieski","nazwa":"Piwniczna Zdrój - Łabowa"},"geometry":{"type":"LineString","coordinates":[[20.76315,49.45602],[20.76372,49.4564],[20.76454,49.45837]]}},{"type":"Feature","properties":{"kolor":"niebieski","nazwa":"Piwniczna Zdrój - Łabowa"},"geometry":{"type":"LineString","coordinates":[[20.76301,49.45596],[20.76315,49.45602]]}},{"type":"Feature","properties":{"kolor":"niebieski","nazwa":"Piwniczna Zdrój - Łabowa"},"geometry":{"type":"LineString","coordinates":[[20.76271,49.45578],[20.76301,49.45596]]}},{"type":"Feature","properties":{"kolor":"niebieski","nazwa":"Piwniczna Zdrój - Łabowa"},"geometry":{"type":"LineString","coordinates":[[20.76258,49.45568],[20.76271,49.45578]]}},{"type":"Feature","properties":{"kolor":"niebieski","nazwa":"Piwniczna Zdrój - Łabowa"},"geometry":{"type":"LineString","coordinates":[[20.76187,49.45493],[20.76258,49.45568]]}},{"type":"Feature","properties":{"kolor":"niebieski","nazwa":"Piwniczna Zdrój - Łabowa"},"geometry":{"type":"LineString","coordinates":[[20.75907,49.4542],[20.76055,49.45489],[20.76187,49.45493]]}},{"type":"Feature","properties":{"kolor":"niebieski","nazwa":"Piwniczna Zdrój - Łabowa"},"geometry":{"type":"LineString","coordinates":[[20.75835,49.45329],[20.7585,49.4539],[20.75907,49.4542]]}},{"type":"Feature","properties":{"kolor":"niebieski","nazwa":"Piwniczna Zdrój - Łabowa"},"geometry":{"type":"LineString","coordinates":[[20.75764,49.45201],[20.75772,49.45236],[20.75835,49.45329]]}},{"type":"Feature","properties":{"kolor":"niebieski","nazwa":"Piwniczna Zdrój - Łabowa"},"geometry":{"type":"LineString","coordinates":[[20.75761,49.45187],[20.75764,49.45201]]}},{"type":"Feature","properties":{"kolor":"niebieski","nazwa":"Piwniczna Zdrój - Łabowa"},"geometry":{"type":"LineString","coordinates":[[20.75129,49.44759],[20.7544,49.44917],[20.75761,49.45187]]}},{"type":"Feature","properties":{"kolor":"niebieski","nazwa":"Piwniczna Zdrój - Łabowa"},"geometry":{"type":"LineString","coordinates":[[20.74904,49.4457],[20.75044,49.44717],[20.75129,49.44759]]}},{"type":"Feature","properties":{"kolor":"niebieski","nazwa":"Piwniczna Zdrój - Łabowa"},"geometry":{"type":"LineString","coordinates":[[20.7489,49.44557],[20.74904,49.4457]]}},{"type":"Feature","properties":{"kolor":"niebieski","nazwa":"Piwniczna Zdrój - Łabowa"},"geometry":{"type":"LineString","coordinates":[[20.74881,49.44549],[20.7489,49.44557]]}},{"type":"Feature","properties":{"kolor":"niebieski","nazwa":"Piwniczna Zdrój - Łabowa"},"geometry":{"type":"LineString","coordinates":[[20.74881,49.44549],[20.74813,49.44543],[20.74765,49.4456],[20.74759,49.44585],[20.74809,49.4464],[20.74811,49.44676],[20.7475,49.44734],[20.747,49.44755],[20.74665,49.44716],[20.74585,49.44695],[20.74529,49.44702],[20.74441,49.44692],[20.7433,49.44629],[20.74205,49.44605],[20.74113,49.44564],[20.73955,49.44552],[20.73848,49.44492],[20.7374,49.44462]]}},{"type":"Feature","properties":{"kolor":"niebieski","nazwa":"Piwniczna Zdrój - Łabowa"},"geometry":{"type":"LineString","coordinates":[[20.7374,49.44462],[20.73702,49.44346],[20.73722,49.44267],[20.73714,49.44198],[20.73662,49.44076],[20.73579,49.43975],[20.73542,49.43938],[20.73471,49.43978],[20.73318,49.44011]]}},{"type":"Feature","properties":{"kolor":"niebieski","nazwa":"Piwniczna Zdrój - Łabowa"},"geometry":{"type":"LineString","coordinates":[[20.73318,49.44011],[20.73191,49.44013]]}},{"type":"Feature","properties":{"kolor":"niebieski","nazwa":"Piwniczna Zdrój - Łabowa"},"geometry":{"type":"LineString","coordinates":[[20.73191,49.44013],[20.73071,49.44013]]}},{"type":"Feature","properties":{"kolor":"niebieski","nazwa":"Piwniczna Zdrój - Łabowa"},"geometry":{"type":"LineString","coordinates":[[20.73071,49.44013],[20.72963,49.43992],[20.72921,49.43997],[20.72774,49.44065],[20.72753,49.44087],[20.7283,49.44116],[20.72717,49.44186]]}},{"type":"Feature","properties":{"kolor":"niebieski","nazwa":"Piwniczna Zdrój - Łabowa"},"geometry":{"type":"LineString","coordinates":[[20.72717,49.44186],[20.72554,49.44222],[20.72484,49.44204],[20.72445,49.44213],[20.72406,49.44197],[20.72442,49.44261],[20.7238,49.4425],[20.72381,49.44303],[20.72288,49.44257],[20.7226,49.44255]]}},{"type":"Feature","properties":{"kolor":"niebieski","nazwa":"Piwniczna Zdrój - Łabowa"},"geometry":{"type":"LineString","coordinates":[[20.71901,49.44086],[20.71918,49.44116],[20.71963,49.44133],[20.72139,49.44111],[20.72226,49.44139],[20.72244,49.44157],[20.7226,49.44255]]}},{"type":"Feature","properties":{"kolor":"niebieski","nazwa":"Piwniczna Zdrój - Łabowa"},"geometry":{"type":"LineString","coordinates":[[20.71901,49.44086],[20.71879,49.44085]]}},{"type":"Feature","properties":{"kolor":"zielony","nazwa":"Tylmanowa - Jaworzynka"},"geometry":{"type":"LineString","coordinates":[[20.3988,49.516],[20.39887,49.51594]]}},{"type":"Feature","properties":{"kolor":"zielony","nazwa":"Tylmanowa - Jaworzynka"},"geometry":{"type":"LineString","coordinates":[[20.39887,49.51594],[20.39952,49.51546]]}},{"type":"Feature","properties":{"kolor":"zielony","nazwa":"Tylmanowa - Jaworzynka"},"geometry":{"type":"LineString","coordinates":[[20.39952,49.51546],[20.39965,49.51537]]}},{"type":"Feature","properties":{"kolor":"zielony","nazwa":"Tylmanowa - Jaworzynka"},"geometry":{"type":"LineString","coordinates":[[20.39965,49.51537],[20.40032,49.5153],[20.40214,49.51453]]}},{"type":"Feature","properties":{"kolor":"zielony","nazwa":"Tylmanowa - Jaworzynka"},"geometry":{"type":"LineString","coordinates":[[20.40163,49.51409],[20.40214,49.51453]]}},{"type":"Feature","properties":{"kolor":"zielony","nazwa":"Tylmanowa - Jaworzynka"},"geometry":{"type":"LineString","coordinates":[[20.4014,49.51382],[20.40163,49.51409]]}},{"type":"Feature","properties":{"kolor":"zielony","nazwa":"Tylmanowa - Jaworzynka"},"geometry":{"type":"LineString","coordinates":[[20.4014,49.51382],[20.40313,49.51291],[20.40531,49.51116]]}},{"type":"Feature","properties":{"kolor":"zielony","nazwa":"Tylmanowa - Jaworzynka"},"geometry":{"type":"LineString","coordinates":[[20.40531,49.51116],[20.40556,49.51091]]}},{"type":"Feature","properties":{"kolor":"zielony","nazwa":"Tylmanowa - Jaworzynka"},"geometry":{"type":"LineString","coordinates":[[20.40556,49.51091],[20.40618,49.51046]]}},{"type":"Feature","properties":{"kolor":"zielony","nazwa":"Tylmanowa - Jaworzynka"},"geometry":{"type":"LineString","coordinates":[[20.40618,49.51046],[20.4079,49.51015],[20.40889,49.50958],[20.40993,49.50924],[20.41006,49.50901]]}},{"type":"Feature","properties":{"kolor":"zielony","nazwa":"Tylmanowa - Jaworzynka"},"geometry":{"type":"LineString","coordinates":[[20.41006,49.50901],[20.41029,49.50883]]}},{"type":"Feature","properties":{"kolor":"zielony","nazwa":"Tylmanowa - Jaworzynka"},"geometry":{"type":"LineString","coordinates":[[20.41051,49.50871],[20.41029,49.50883]]}},{"type":"Feature","properties":{"kolor":"zielony","nazwa":"Tylmanowa - Jaworzynka"},"geometry":{"type":"LineString","coordinates":[[20.41208,49.50838],[20.4115,49.50859],[20.41051,49.50871]]}},{"type":"Feature","properties":{"kolor":"zielony","nazwa":"Tylmanowa - Jaworzynka"},"geometry":{"type":"LineString","coordinates":[[20.41208,49.50838],[20.41269,49.50826],[20.41275,49.50815],[20.41186,49.50788],[20.40977,49.5069],[20.40961,49.50663],[20.41139,49.50602],[20.41259,49.50594],[20.41483,49.50558],[20.4164,49.50473],[20.41773,49.50369],[20.4184,49.50338],[20.41872,49.5034],[20.41928,49.50368],[20.42156,49.50311],[20.42192,49.50247],[20.4216,49.50175],[20.42182,49.50156],[20.42318,49.50131],[20.42385,49.501],[20.42741,49.50039],[20.42809,49.50014],[20.42846,49.49974],[20.42847,49.49912],[20.42869,49.49871],[20.42956,49.49812],[20.43007,49.49746],[20.43071,49.4971],[20.43207,49.49672],[20.43971,49.49657],[20.44361,49.49521]]}},{"type":"Feature","properties":{"kolor":"zolty","nazwa":"Falsztyn - Przełęcz nad Łapszanką"},"geometry":{"type":"LineString","coordinates":[[20.26643,49.42912],[20.26771,49.4283],[20.26769,49.42807]]}},{"type":"Feature","properties":{"kolor":"zolty","nazwa":"Falsztyn - Przełęcz nad Łapszanką"},"geometry":{"type":"LineString","coordinates":[[20.26769,49.42807],[20.26773,49.42781],[20.26818,49.42754],[20.26824,49.42713]]}},{"type":"Feature","properties":{"kolor":"zolty","nazwa":"Falsztyn - Przełęcz nad Łapszanką"},"geometry":{"type":"LineString","coordinates":[[20.26824,49.42713],[20.26747,49.42546],[20.26772,49.42421],[20.26744,49.4233]]}},{"type":"Feature","properties":{"kolor":"zolty","nazwa":"Falsztyn - Przełęcz nad Łapszanką"},"geometry":{"type":"LineString","coordinates":[[20.26744,49.4233],[20.26624,49.42203]]}},{"type":"Feature","properties":{"kolor":"zolty","nazwa":"Falsztyn - Przełęcz nad Łapszanką"},"geometry":{"type":"LineString","coordinates":[[20.26404,49.42014],[20.26624,49.42203]]}},{"type":"Feature","properties":{"kolor":"zolty","nazwa":"Falsztyn - Przełęcz nad Łapszanką"},"geometry":{"type":"LineString","coordinates":[[20.26404,49.42014],[20.26288,49.41909],[20.26027,49.41785],[20.25912,49.41767],[20.25654,49.41636],[20.25562,49.41567],[20.25526,49.41521],[20.25472,49.41499],[20.2543,49.4144],[20.25348,49.41374],[20.25255,49.41339],[20.25219,49.41303],[20.25112,49.41243],[20.24958,49.41193],[20.24958,49.41174],[20.25061,49.41137],[20.25066,49.4112],[20.2505,49.41095],[20.24999,49.41073],[20.24942,49.41008]]}},{"type":"Feature","properties":{"kolor":"zolty","nazwa":"Falsztyn - Przełęcz nad Łapszanką"},"geometry":{"type":"LineString","coordinates":[[20.24942,49.41008],[20.24652,49.40852],[20.24566,49.40786],[20.24512,49.40773],[20.24201,49.40777],[20.2405,49.40741],[20.23952,49.40788]]}},{"type":"Feature","properties":{"kolor":"zolty","nazwa":"Falsztyn - Przełęcz nad Łapszanką"},"geometry":{"type":"LineString","coordinates":[[20.23952,49.40788],[20.23904,49.4074],[20.23841,49.40725],[20.23826,49.40707],[20.23965,49.40465]]}},{"type":"Feature","properties":{"kolor":"zolty","nazwa":"Falsztyn - Przełęcz nad Łapszanką"},"geometry":{"type":"LineString","coordinates":[[20.23965,49.40465],[20.23951,49.40385]]}},{"type":"Feature","properties":{"kolor":"zolty","nazwa":"Falsztyn - Przełęcz nad Łapszanką"},"geometry":{"type":"LineString","coordinates":[[20.23951,49.40385],[20.2399,49.40287],[20.24005,49.40031],[20.23981,49.39983],[20.23899,49.39915]]}},{"type":"Feature","properties":{"kolor":"zolty","nazwa":"Falsztyn - Przełęcz nad Łapszanką"},"geometry":{"type":"LineString","coordinates":[[20.23913,49.3976],[20.23933,49.39809],[20.23899,49.39915]]}},{"type":"Feature","properties":{"kolor":"zolty","nazwa":"Falsztyn - Przełęcz nad Łapszanką"},"geometry":{"type":"LineString","coordinates":[[20.23645,49.39953],[20.23656,49.3991],[20.23801,49.39802],[20.23913,49.3976]]}},{"type":"Feature","properties":{"kolor":"zolty","nazwa":"Falsztyn - Przełęcz nad Łapszanką"},"geometry":{"type":"LineString","coordinates":[[20.23645,49.39953],[20.23635,49.39952]]}},{"type":"Feature","properties":{"kolor":"zolty","nazwa":"Falsztyn - Przełęcz nad Łapszanką"},"geometry":{"type":"LineString","coordinates":[[20.23635,49.39952],[20.23618,49.39951]]}},{"type":"Feature","properties":{"kolor":"zolty","nazwa":"Falsztyn - Przełęcz nad Łapszanką"},"geometry":{"type":"LineString","coordinates":[[20.23618,49.39951],[20.23606,49.39952]]}},{"type":"Feature","properties":{"kolor":"zolty","nazwa":"Falsztyn - Przełęcz nad Łapszanką"},"geometry":{"type":"LineString","coordinates":[[20.23606,49.39952],[20.2353,49.40009],[20.23464,49.4]]}},{"type":"Feature","properties":{"kolor":"zolty","nazwa":"Falsztyn - Przełęcz nad Łapszanką"},"geometry":{"type":"LineString","coordinates":[[20.23464,49.4],[20.23414,49.3997],[20.23214,49.39908]]}},{"type":"Feature","properties":{"kolor":"zolty","nazwa":"Falsztyn - Przełęcz nad Łapszanką"},"geometry":{"type":"LineString","coordinates":[[20.23214,49.39908],[20.23083,49.39844],[20.23003,49.39734],[20.23025,49.39684],[20.23097,49.39636]]}},{"type":"Feature","properties":{"kolor":"zolty","nazwa":"Falsztyn - Przełęcz nad Łapszanką"},"geometry":{"type":"LineString","coordinates":[[20.23097,49.39636],[20.23116,49.39624]]}},{"type":"Feature","properties":{"kolor":"zolty","nazwa":"Falsztyn - Przełęcz nad Łapszanką"},"geometry":{"type":"LineString","coordinates":[[20.23116,49.39624],[20.2323,49.39525],[20.2326,49.39468],[20.23191,49.39226],[20.23028,49.39019],[20.22797,49.38818],[20.22745,49.38673]]}},{"type":"Feature","properties":{"kolor":"zolty","nazwa":"Rytro Przeł. Żłobki"},"geometry":{"type":"LineString","coordinates":[[20.64828,49.48612],[20.64718,49.48499]]}},{"type":"Feature","properties":{"kolor":"zolty","nazwa":"Rytro Przeł. Żłobki"},"geometry":{"type":"LineString","coordinates":[[20.64718,49.48499],[20.64703,49.48493]]}},{"type":"Feature","properties":{"kolor":"zolty","nazwa":"Rytro Przeł. Żłobki"},"geometry":{"type":"LineString","coordinates":[[20.64703,49.48493],[20.64672,49.48487],[20.6463,49.48511],[20.64592,49.48501],[20.64536,49.48436],[20.64441,49.48378],[20.64343,49.48346],[20.64186,49.48258],[20.64024,49.48223],[20.63894,49.48138]]}},{"type":"Feature","properties":{"kolor":"zolty","nazwa":"Rytro Przeł. Żłobki"},"geometry":{"type":"LineString","coordinates":[[20.63894,49.48138],[20.63777,49.4804]]}},{"type":"Feature","properties":{"kolor":"zolty","nazwa":"Rytro Przeł. Żłobki"},"geometry":{"type":"LineString","coordinates":[[20.63777,49.4804],[20.63758,49.47928],[20.63687,49.47844]]}},{"type":"Feature","properties":{"kolor":"zolty","nazwa":"Rytro Przeł. Żłobki"},"geometry":{"type":"LineString","coordinates":[[20.61934,49.46438],[20.61972,49.46487],[20.62131,49.46569],[20.62208,49.46636],[20.62383,49.46745],[20.62432,49.46745],[20.62548,49.46705],[20.62774,49.46694],[20.62894,49.4671],[20.62933,49.46728],[20.62966,49.46755],[20.63018,49.4686],[20.63041,49.46877],[20.63101,49.46873],[20.63335,49.46903],[20.63564,49.46831],[20.63676,49.46828],[20.63713,49.46852],[20.6372,49.46917],[20.6364,49.47026],[20.6359,49.47167],[20.63553,49.47193],[20.6345,49.47333],[20.63331,49.47433],[20.63358,49.47507],[20.635,49.47579],[20.63459,49.47654],[20.63598,49.47726],[20.63687,49.47844]]}},{"type":"Feature","properties":{"kolor":"zolty","nazwa":"Rytro Przeł. Żłobki"},"geometry":{"type":"LineString","coordinates":[[20.61868,49.4533],[20.61917,49.45401],[20.62014,49.45466],[20.62039,49.45519],[20.62137,49.45568],[20.62205,49.45586],[20.62254,49.4563],[20.6226,49.45664],[20.62254,49.45694],[20.6215,49.45756],[20.62064,49.45829],[20.61948,49.45887],[20.6191,49.45932],[20.61891,49.46023],[20.61947,49.46167],[20.61922,49.46303],[20.61934,49.46438]]}},{"type":"Feature","properties":{"kolor":"zolty","nazwa":"Rytro Przeł. Żłobki"},"geometry":{"type":"LineString","coordinates":[[20.61909,49.45245],[20.619,49.4529],[20.61868,49.4533]]}},{"type":"Feature","properties":{"kolor":"zolty","nazwa":"Rytro Przeł. Żłobki"},"geometry":{"type":"LineString","coordinates":[[20.62022,49.44653],[20.61898,49.44754],[20.61818,49.44864],[20.61933,49.45033],[20.61928,49.45184],[20.61909,49.45245]]}},{"type":"Feature","properties":{"kolor":"zolty","nazwa":"Rytro Przeł. Żłobki"},"geometry":{"type":"LineString","coordinates":[[20.62022,49.44653],[20.62001,49.44576],[20.61931,49.4455],[20.6174,49.4455],[20.6167,49.44561],[20.61421,49.44534],[20.61306,49.44556],[20.61178,49.44473],[20.61035,49.44466],[20.60967,49.44429],[20.60885,49.44448],[20.60722,49.44444],[20.6066,49.44406],[20.60634,49.44374],[20.60629,49.44319],[20.60652,49.44276],[20.60639,49.44267]]}},{"type":"Feature","properties":{"kolor":"czerwony","nazwa":"Międzynarodowy Górski Szlak Przyjaźni Eisenach–Budapeszt (Polska wschód)"},"geometry":{"type":"LineString","coordinates":[[20.24164,49.41986],[20.2423,49.41951],[20.244,49.41908],[20.24449,49.41882],[20.2438,49.41838],[20.24326,49.41821],[20.24246,49.41818],[20.24238,49.41705]]}},{"type":"Feature","properties":{"kolor":"czerwony","nazwa":"Międzynarodowy Górski Szlak Przyjaźni Eisenach–Budapeszt (Polska wschód)"},"geometry":{"type":"LineString","coordinates":[[20.24994,49.42042],[20.24884,49.4203],[20.24654,49.4204],[20.24403,49.42009],[20.24285,49.42015],[20.24164,49.41986]]}},{"type":"Feature","properties":{"kolor":"czerwony","nazwa":"Międzynarodowy Górski Szlak Przyjaźni Eisenach–Budapeszt (Polska wschód)"},"geometry":{"type":"LineString","coordinates":[[20.25064,49.41913],[20.25126,49.42046],[20.25117,49.42057],[20.25067,49.42043],[20.24994,49.42042]]}},{"type":"Feature","properties":{"kolor":"czerwony","nazwa":"Międzynarodowy Górski Szlak Przyjaźni Eisenach–Budapeszt (Polska wschód)"},"geometry":{"type":"LineString","coordinates":[[20.31786,49.42159],[20.31786,49.42155]]}},{"type":"Feature","properties":{"kolor":"czerwony","nazwa":"Międzynarodowy Górski Szlak Przyjaźni Eisenach–Budapeszt (Polska wschód)"},"geometry":{"type":"LineString","coordinates":[[20.31933,49.42145],[20.31786,49.42159]]}},{"type":"Feature","properties":{"kolor":"czerwony","nazwa":"Międzynarodowy Górski Szlak Przyjaźni Eisenach–Budapeszt (Polska wschód)"},"geometry":{"type":"LineString","coordinates":[[20.32033,49.42003],[20.31987,49.42101],[20.31933,49.42145]]}},{"type":"Feature","properties":{"kolor":"czerwony","nazwa":"Międzynarodowy Górski Szlak Przyjaźni Eisenach–Budapeszt (Polska wschód)"},"geometry":{"type":"LineString","coordinates":[[20.32033,49.42003],[20.32068,49.41989]]}},{"type":"Feature","properties":{"kolor":"czerwony","nazwa":"Międzynarodowy Górski Szlak Przyjaźni Eisenach–Budapeszt (Polska wschód)"},"geometry":{"type":"LineString","coordinates":[[20.32068,49.41989],[20.32087,49.41987]]}},{"type":"Feature","properties":{"kolor":"czerwony","nazwa":"Międzynarodowy Górski Szlak Przyjaźni Eisenach–Budapeszt (Polska wschód)"},"geometry":{"type":"LineString","coordinates":[[20.32087,49.41984],[20.32087,49.41987]]}},{"type":"Feature","properties":{"kolor":"czerwony","nazwa":"Międzynarodowy Górski Szlak Przyjaźni Eisenach–Budapeszt (Polska wschód)"},"geometry":{"type":"LineString","coordinates":[[20.3218,49.41815],[20.32087,49.41984]]}},{"type":"Feature","properties":{"kolor":"czerwony","nazwa":"Międzynarodowy Górski Szlak Przyjaźni Eisenach–Budapeszt (Polska wschód)"},"geometry":{"type":"LineString","coordinates":[[20.32165,49.41796],[20.3218,49.41815]]}},{"type":"Feature","properties":{"kolor":"czerwony","nazwa":"Międzynarodowy Górski Szlak Przyjaźni Eisenach–Budapeszt (Polska wschód)"},"geometry":{"type":"LineString","coordinates":[[20.32162,49.4179],[20.32165,49.41796]]}},{"type":"Feature","properties":{"kolor":"czerwony","nazwa":"Międzynarodowy Górski Szlak Przyjaźni Eisenach–Budapeszt (Polska wschód)"},"geometry":{"type":"LineString","coordinates":[[20.32166,49.41789],[20.32162,49.4179]]}},{"type":"Feature","properties":{"kolor":"czerwony","nazwa":"Międzynarodowy Górski Szlak Przyjaźni Eisenach–Budapeszt (Polska wschód)"},"geometry":{"type":"LineString","coordinates":[[20.32172,49.41787],[20.32166,49.41789]]}},{"type":"Feature","properties":{"kolor":"czerwony","nazwa":"Międzynarodowy Górski Szlak Przyjaźni Eisenach–Budapeszt (Polska wschód)"},"geometry":{"type":"LineString","coordinates":[[20.32176,49.41786],[20.32172,49.41787]]}},{"type":"Feature","properties":{"kolor":"czerwony","nazwa":"Międzynarodowy Górski Szlak Przyjaźni Eisenach–Budapeszt (Polska wschód)"},"geometry":{"type":"LineString","coordinates":[[20.32182,49.41785],[20.32176,49.41786]]}},{"type":"Feature","properties":{"kolor":"czerwony","nazwa":"Międzynarodowy Górski Szlak Przyjaźni Eisenach–Budapeszt (Polska wschód)"},"geometry":{"type":"LineString","coordinates":[[20.32011,49.41586],[20.32016,49.41603],[20.32101,49.41662],[20.32215,49.41713],[20.32202,49.41778],[20.32182,49.41785]]}},{"type":"Feature","properties":{"kolor":"czerwony","nazwa":"Międzynarodowy Górski Szlak Przyjaźni Eisenach–Budapeszt (Polska wschód)"},"geometry":{"type":"LineString","coordinates":[[20.31979,49.4158],[20.32011,49.41586]]}},{"type":"Feature","properties":{"kolor":"czerwony","nazwa":"Międzynarodowy Górski Szlak Przyjaźni Eisenach–Budapeszt (Polska wschód)"},"geometry":{"type":"LineString","coordinates":[[20.40807,49.419],[20.40799,49.41921],[20.40754,49.4194],[20.40651,49.41908],[20.40505,49.41895],[20.40366,49.41853],[20.40219,49.4183],[20.40114,49.41824],[20.39993,49.41847],[20.39921,49.41836],[20.39852,49.4184],[20.39783,49.41824],[20.39693,49.41769],[20.39641,49.41756],[20.39599,49.41764],[20.39535,49.41757],[20.39476,49.41788],[20.39432,49.41786],[20.39347,49.41805],[20.39107,49.41791],[20.38947,49.4176],[20.38838,49.41854],[20.38726,49.41865],[20.38605,49.41855],[20.38465,49.41825],[20.38329,49.41778],[20.38196,49.41772],[20.37943,49.41856]]}},{"type":"Feature","properties":{"kolor":"czerwony","nazwa":"Międzynarodowy Górski Szlak Przyjaźni Eisenach–Budapeszt (Polska wschód)"},"geometry":{"type":"LineString","coordinates":[[20.40807,49.419],[20.40929,49.41868]]}},{"type":"Feature","properties":{"kolor":"czerwony","nazwa":"Międzynarodowy Górski Szlak Przyjaźni Eisenach–Budapeszt (Polska wschód)"},"geometry":{"type":"LineString","coordinates":[[20.40929,49.41868],[20.40944,49.41866]]}},{"type":"Feature","properties":{"kolor":"czerwony","nazwa":"Międzynarodowy Górski Szlak Przyjaźni Eisenach–Budapeszt (Polska wschód)"},"geometry":{"type":"LineString","coordinates":[[20.40944,49.41866],[20.4099,49.41861],[20.41052,49.4182],[20.41258,49.41752],[20.4129,49.41716],[20.41382,49.41678],[20.41375,49.41638],[20.41321,49.41615],[20.4134,49.41551],[20.41404,49.41531],[20.4145,49.41497],[20.4146,49.41466],[20.4152,49.41446]]}},{"type":"Feature","properties":{"kolor":"czerwony","nazwa":"Międzynarodowy Górski Szlak Przyjaźni Eisenach–Budapeszt (Polska wschód)"},"geometry":{"type":"LineString","coordinates":[[20.41795,49.41508],[20.41772,49.41464],[20.41744,49.41487],[20.41709,49.41488],[20.41611,49.41464],[20.41575,49.41444],[20.4152,49.41446]]}},{"type":"Feature","properties":{"kolor":"czerwony","nazwa":"Międzynarodowy Górski Szlak Przyjaźni Eisenach–Budapeszt (Polska wschód)"},"geometry":{"type":"LineString","coordinates":[[20.42021,49.41707],[20.41879,49.41596],[20.41795,49.41508]]}},{"type":"Feature","properties":{"kolor":"czerwony","nazwa":"Międzynarodowy Górski Szlak Przyjaźni Eisenach–Budapeszt (Polska wschód)"},"geometry":{"type":"LineString","coordinates":[[20.42006,49.41957],[20.42024,49.41951],[20.4203,49.41929],[20.42005,49.41892],[20.42035,49.41871],[20.42004,49.41803],[20.42025,49.41757],[20.42021,49.41707]]}},{"type":"Feature","properties":{"kolor":"czerwony","nazwa":"Międzynarodowy Górski Szlak Przyjaźni Eisenach–Budapeszt (Polska wschód)"},"geometry":{"type":"LineString","coordinates":[[20.41999,49.41968],[20.42006,49.41957]]}},{"type":"Feature","properties":{"kolor":"czerwony","nazwa":"Międzynarodowy Górski Szlak Przyjaźni Eisenach–Budapeszt (Polska wschód)"},"geometry":{"type":"LineString","coordinates":[[20.41991,49.41982],[20.41999,49.41968]]}},{"type":"Feature","properties":{"kolor":"czerwony","nazwa":"Międzynarodowy Górski Szlak Przyjaźni Eisenach–Budapeszt (Polska wschód)"},"geometry":{"type":"LineString","coordinates":[[20.41969,49.41967],[20.41991,49.41982]]}},{"type":"Feature","properties":{"kolor":"czerwony","nazwa":"Międzynarodowy Górski Szlak Przyjaźni Eisenach–Budapeszt (Polska wschód)"},"geometry":{"type":"LineString","coordinates":[[20.41831,49.41822],[20.41919,49.41933],[20.41969,49.41967]]}},{"type":"Feature","properties":{"kolor":"czerwony","nazwa":"Międzynarodowy Górski Szlak Przyjaźni Eisenach–Budapeszt (Polska wschód)"},"geometry":{"type":"LineString","coordinates":[[20.41043,49.42264],[20.41081,49.42175],[20.41149,49.42138],[20.41191,49.42094],[20.41274,49.42075],[20.41362,49.42084],[20.41466,49.42056],[20.41515,49.42025],[20.4155,49.41982],[20.41554,49.41923],[20.416,49.41918],[20.41628,49.41882],[20.41673,49.41859],[20.41778,49.41852],[20.41831,49.41822]]}},{"type":"Feature","properties":{"kolor":"czerwony","nazwa":"Międzynarodowy Górski Szlak Przyjaźni Eisenach–Budapeszt (Polska wschód)"},"geometry":{"type":"LineString","coordinates":[[20.41038,49.42285],[20.41043,49.42264]]}},{"type":"Feature","properties":{"kolor":"czerwony","nazwa":"Międzynarodowy Górski Szlak Przyjaźni Eisenach–Budapeszt (Polska wschód)"},"geometry":{"type":"LineString","coordinates":[[20.41038,49.42285],[20.41116,49.42335],[20.41154,49.42394],[20.41136,49.42417],[20.41053,49.42452]]}},{"type":"Feature","properties":{"kolor":"czerwony","nazwa":"Międzynarodowy Górski Szlak Przyjaźni Eisenach–Budapeszt (Polska wschód)"},"geometry":{"type":"LineString","coordinates":[[20.41053,49.42452],[20.41053,49.42454]]}},{"type":"Feature","properties":{"kolor":"czerwony","nazwa":"Międzynarodowy Górski Szlak Przyjaźni Eisenach–Budapeszt (Polska wschód)"},"geometry":{"type":"LineString","coordinates":[[20.41053,49.42454],[20.41102,49.42501],[20.41248,49.42553],[20.41262,49.42607],[20.41333,49.42647]]}},{"type":"Feature","properties":{"kolor":"czerwony","nazwa":"Międzynarodowy Górski Szlak Przyjaźni Eisenach–Budapeszt (Polska wschód)"},"geometry":{"type":"LineString","coordinates":[[20.41645,49.42785],[20.41413,49.42673],[20.41333,49.42647]]}},{"type":"Feature","properties":{"kolor":"czerwony","nazwa":"Międzynarodowy Górski Szlak Przyjaźni Eisenach–Budapeszt (Polska wschód)"},"geometry":{"type":"LineString","coordinates":[[20.41645,49.42785],[20.42096,49.4298],[20.42176,49.43071]]}},{"type":"Feature","properties":{"kolor":"czerwony","nazwa":"Międzynarodowy Górski Szlak Przyjaźni Eisenach–Budapeszt (Polska wschód)"},"geometry":{"type":"LineString","coordinates":[[20.42176,49.43071],[20.42182,49.43092]]}},{"type":"Feature","properties":{"kolor":"czerwony","nazwa":"Międzynarodowy Górski Szlak Przyjaźni Eisenach–Budapeszt (Polska wschód)"},"geometry":{"type":"LineString","coordinates":[[20.42182,49.43092],[20.42279,49.43223]]}},{"type":"Feature","properties":{"kolor":"czerwony","nazwa":"Międzynarodowy Górski Szlak Przyjaźni Eisenach–Budapeszt (Polska wschód)"},"geometry":{"type":"LineString","coordinates":[[20.42279,49.43223],[20.42344,49.4332],[20.42376,49.434],[20.42348,49.43489],[20.42264,49.43616]]}},{"type":"Feature","properties":{"kolor":"czerwony","nazwa":"Międzynarodowy Górski Szlak Przyjaźni Eisenach–Budapeszt (Polska wschód)"},"geometry":{"type":"LineString","coordinates":[[20.42264,49.43616],[20.42261,49.43628]]}},{"type":"Feature","properties":{"kolor":"czerwony","nazwa":"Międzynarodowy Górski Szlak Przyjaźni Eisenach–Budapeszt (Polska wschód)"},"geometry":{"type":"LineString","coordinates":[[20.42261,49.43628],[20.42265,49.43671],[20.42232,49.43739],[20.42232,49.43782],[20.42201,49.43822]]}},{"type":"Feature","properties":{"kolor":"czerwony","nazwa":"Międzynarodowy Górski Szlak Przyjaźni Eisenach–Budapeszt (Polska wschód)"},"geometry":{"type":"LineString","coordinates":[[20.42201,49.43822],[20.42187,49.43838],[20.42181,49.4393],[20.42234,49.44009],[20.42278,49.44041]]}},{"type":"Feature","properties":{"kolor":"czerwony","nazwa":"Międzynarodowy Górski Szlak Przyjaźni Eisenach–Budapeszt (Polska wschód)"},"geometry":{"type":"LineString","coordinates":[[20.42584,49.44074],[20.42396,49.4404],[20.42278,49.44041]]}},{"type":"Feature","properties":{"kolor":"czerwony","nazwa":"Międzynarodowy Górski Szlak Przyjaźni Eisenach–Budapeszt (Polska wschód)"},"geometry":{"type":"LineString","coordinates":[[20.42584,49.44074],[20.42636,49.44065]]}},{"type":"Feature","properties":{"kolor":"czerwony","nazwa":"Międzynarodowy Górski Szlak Przyjaźni Eisenach–Budapeszt (Polska wschód)"},"geometry":{"type":"LineString","coordinates":[[20.42636,49.44065],[20.42792,49.44058]]}},{"type":"Feature","properties":{"kolor":"czerwony","nazwa":"Międzynarodowy Górski Szlak Przyjaźni Eisenach–Budapeszt (Polska wschód)"},"geometry":{"type":"LineString","coordinates":[[20.4279,49.44046],[20.42792,49.44058]]}},{"type":"Feature","properties":{"kolor":"czerwony","nazwa":"Międzynarodowy Górski Szlak Przyjaźni Eisenach–Budapeszt (Polska wschód)"},"geometry":{"type":"LineString","coordinates":[[20.4279,49.44046],[20.42795,49.44033]]}},{"type":"Feature","properties":{"kolor":"czerwony","nazwa":"Międzynarodowy Górski Szlak Przyjaźni Eisenach–Budapeszt (Polska wschód)"},"geometry":{"type":"LineString","coordinates":[[20.42795,49.44033],[20.42794,49.44012]]}},{"type":"Feature","properties":{"kolor":"czerwony","nazwa":"Międzynarodowy Górski Szlak Przyjaźni Eisenach–Budapeszt (Polska wschód)"},"geometry":{"type":"LineString","coordinates":[[20.42794,49.44012],[20.42795,49.44005]]}},{"type":"Feature","properties":{"kolor":"czerwony","nazwa":"Międzynarodowy Górski Szlak Przyjaźni Eisenach–Budapeszt (Polska wschód)"},"geometry":{"type":"LineString","coordinates":[[20.42795,49.44005],[20.42839,49.43913]]}},{"type":"Feature","properties":{"kolor":"czerwony","nazwa":"Międzynarodowy Górski Szlak Przyjaźni Eisenach–Budapeszt (Polska wschód)"},"geometry":{"type":"LineString","coordinates":[[20.42839,49.43913],[20.42853,49.43902]]}},{"type":"Feature","properties":{"kolor":"czerwony","nazwa":"Międzynarodowy Górski Szlak Przyjaźni Eisenach–Budapeszt (Polska wschód)"},"geometry":{"type":"LineString","coordinates":[[20.42853,49.43902],[20.42945,49.43824],[20.43282,49.43606],[20.43584,49.43451],[20.43736,49.43282]]}},{"type":"Feature","properties":{"kolor":"czerwony","nazwa":"Międzynarodowy Górski Szlak Przyjaźni Eisenach–Budapeszt (Polska wschód)"},"geometry":{"type":"LineString","coordinates":[[20.43736,49.43282],[20.43805,49.43217],[20.43841,49.43156],[20.43857,49.43035],[20.43911,49.42906],[20.43938,49.42851],[20.44054,49.42736],[20.44086,49.42606],[20.44183,49.42505],[20.44267,49.42466]]}},{"type":"Feature","properties":{"kolor":"czerwony","nazwa":"Międzynarodowy Górski Szlak Przyjaźni Eisenach–Budapeszt (Polska wschód)"},"geometry":{"type":"LineString","coordinates":[[20.44267,49.42466],[20.44339,49.42325],[20.44346,49.4217],[20.44394,49.42131],[20.44391,49.42106],[20.44346,49.42093],[20.44346,49.4204],[20.4432,49.4202],[20.44286,49.42013],[20.44206,49.42031],[20.44144,49.41994],[20.44049,49.41997],[20.43914,49.41948]]}},{"type":"Feature","properties":{"kolor":"czerwony","nazwa":"Międzynarodowy Górski Szlak Przyjaźni Eisenach–Budapeszt (Polska wschód)"},"geometry":{"type":"LineString","coordinates":[[20.43914,49.41948],[20.43989,49.41892],[20.44002,49.41854],[20.44058,49.41815]]}},{"type":"Feature","properties":{"kolor":"czerwony","nazwa":"Międzynarodowy Górski Szlak Przyjaźni Eisenach–Budapeszt (Polska wschód)"},"geometry":{"type":"LineString","coordinates":[[20.44058,49.41815],[20.44162,49.41782],[20.44191,49.41799]]}},{"type":"Feature","properties":{"kolor":"czerwony","nazwa":"Międzynarodowy Górski Szlak Przyjaźni Eisenach–Budapeszt (Polska wschód)"},"geometry":{"type":"LineString","coordinates":[[20.44191,49.41799],[20.44233,49.41788]]}},{"type":"Feature","properties":{"kolor":"czerwony","nazwa":"Międzynarodowy Górski Szlak Przyjaźni Eisenach–Budapeszt (Polska wschód)"},"geometry":{"type":"LineString","coordinates":[[20.44233,49.41788],[20.44252,49.41807],[20.44297,49.4182],[20.44383,49.41888],[20.44439,49.41888]]}},{"type":"Feature","properties":{"kolor":"czerwony","nazwa":"Międzynarodowy Górski Szlak Przyjaźni Eisenach–Budapeszt (Polska wschód)"},"geometry":{"type":"LineString","coordinates":[[20.44439,49.41888],[20.44612,49.41909]]}},{"type":"Feature","properties":{"kolor":"czerwony","nazwa":"Międzynarodowy Górski Szlak Przyjaźni Eisenach–Budapeszt (Polska wschód)"},"geometry":{"type":"LineString","coordinates":[[20.44612,49.41909],[20.44635,49.41906]]}},{"type":"Feature","properties":{"kolor":"czerwony","nazwa":"Międzynarodowy Górski Szlak Przyjaźni Eisenach–Budapeszt (Polska wschód)"},"geometry":{"type":"LineString","coordinates":[[20.44635,49.41906],[20.4473,49.41902]]}},{"type":"Feature","properties":{"kolor":"czerwony","nazwa":"Międzynarodowy Górski Szlak Przyjaźni Eisenach–Budapeszt (Polska wschód)"},"geometry":{"type":"LineString","coordinates":[[20.4473,49.41902],[20.44779,49.41893]]}},{"type":"Feature","properties":{"kolor":"czerwony","nazwa":"Międzynarodowy Górski Szlak Przyjaźni Eisenach–Budapeszt (Polska wschód)"},"geometry":{"type":"LineString","coordinates":[[20.44779,49.41893],[20.44895,49.41857],[20.44918,49.41794],[20.44943,49.41776],[20.45092,49.41755],[20.45138,49.41757],[20.45207,49.41784],[20.45222,49.41775]]}},{"type":"Feature","properties":{"kolor":"czerwony","nazwa":"Międzynarodowy Górski Szlak Przyjaźni Eisenach–Budapeszt (Polska wschód)"},"geometry":{"type":"LineString","coordinates":[[20.45222,49.41775],[20.45286,49.41745]]}},{"type":"Feature","properties":{"kolor":"czerwony","nazwa":"Międzynarodowy Górski Szlak Przyjaźni Eisenach–Budapeszt (Polska wschód)"},"geometry":{"type":"LineString","coordinates":[[20.45286,49.41745],[20.45293,49.41734]]}},{"type":"Feature","properties":{"kolor":"czerwony","nazwa":"Międzynarodowy Górski Szlak Przyjaźni Eisenach–Budapeszt (Polska wschód)"},"geometry":{"type":"LineString","coordinates":[[20.45793,49.41986],[20.45724,49.41891],[20.45736,49.41879],[20.4576,49.41879]]}},{"type":"Feature","properties":{"kolor":"czerwony","nazwa":"Międzynarodowy Górski Szlak Przyjaźni Eisenach–Budapeszt (Polska wschód)"},"geometry":{"type":"LineString","coordinates":[[20.4576,49.41879],[20.45755,49.41851],[20.45776,49.41822]]}},{"type":"Feature","properties":{"kolor":"czerwony","nazwa":"Międzynarodowy Górski Szlak Przyjaźni Eisenach–Budapeszt (Polska wschód)"},"geometry":{"type":"LineString","coordinates":[[20.45776,49.41822],[20.45769,49.41813]]}},{"type":"Feature","properties":{"kolor":"czerwony","nazwa":"Międzynarodowy Górski Szlak Przyjaźni Eisenach–Budapeszt (Polska wschód)"},"geometry":{"type":"LineString","coordinates":[[20.45769,49.41813],[20.4588,49.41778],[20.45959,49.41736]]}},{"type":"Feature","properties":{"kolor":"czerwony","nazwa":"Międzynarodowy Górski Szlak Przyjaźni Eisenach–Budapeszt (Polska wschód)"},"geometry":{"type":"LineString","coordinates":[[20.45959,49.41736],[20.45988,49.41729]]}},{"type":"Feature","properties":{"kolor":"czerwony","nazwa":"Międzynarodowy Górski Szlak Przyjaźni Eisenach–Budapeszt (Polska wschód)"},"geometry":{"type":"LineString","coordinates":[[20.45988,49.41729],[20.46073,49.41671],[20.46143,49.41662],[20.4615,49.4163],[20.46248,49.41594],[20.46278,49.41572],[20.46328,49.4157],[20.46382,49.41595],[20.46425,49.416]]}},{"type":"Feature","properties":{"kolor":"czerwony","nazwa":"Międzynarodowy Górski Szlak Przyjaźni Eisenach–Budapeszt (Polska wschód)"},"geometry":{"type":"LineString","coordinates":[[20.46425,49.416],[20.46441,49.41603]]}},{"type":"Feature","properties":{"kolor":"czerwony","nazwa":"Międzynarodowy Górski Szlak Przyjaźni Eisenach–Budapeszt (Polska wschód)"},"geometry":{"type":"LineString","coordinates":[[20.46441,49.41603],[20.46674,49.41605],[20.46972,49.41547],[20.47076,49.41577],[20.47237,49.41531]]}},{"type":"Feature","properties":{"kolor":"czerwony","nazwa":"Międzynarodowy Górski Szlak Przyjaźni Eisenach–Budapeszt (Polska wschód)"},"geometry":{"type":"LineString","coordinates":[[20.47237,49.41531],[20.47623,49.41408],[20.47674,49.41359]]}},{"type":"Feature","properties":{"kolor":"czerwony","nazwa":"Międzynarodowy Górski Szlak Przyjaźni Eisenach–Budapeszt (Polska wschód)"},"geometry":{"type":"LineString","coordinates":[[20.47674,49.41359],[20.47682,49.41393],[20.47668,49.41409],[20.47688,49.41427],[20.47668,49.41561],[20.4769,49.41638]]}},{"type":"Feature","properties":{"kolor":"czerwony","nazwa":"Międzynarodowy Górski Szlak Przyjaźni Eisenach–Budapeszt (Polska wschód)"},"geometry":{"type":"LineString","coordinates":[[20.4769,49.41638],[20.47689,49.41648]]}},{"type":"Feature","properties":{"kolor":"czerwony","nazwa":"Międzynarodowy Górski Szlak Przyjaźni Eisenach–Budapeszt (Polska wschód)"},"geometry":{"type":"LineString","coordinates":[[20.47689,49.41648],[20.47679,49.41675],[20.47586,49.41768],[20.4759,49.41789],[20.47658,49.41821]]}},{"type":"Feature","properties":{"kolor":"czerwony","nazwa":"Międzynarodowy Górski Szlak Przyjaźni Eisenach–Budapeszt (Polska wschód)"},"geometry":{"type":"LineString","coordinates":[[20.47658,49.41821],[20.47645,49.41871]]}},{"type":"Feature","properties":{"kolor":"czerwony","nazwa":"Międzynarodowy Górski Szlak Przyjaźni Eisenach–Budapeszt (Polska wschód)"},"geometry":{"type":"LineString","coordinates":[[20.47631,49.41886],[20.47645,49.41871]]}},{"type":"Feature","properties":{"kolor":"czerwony","nazwa":"Międzynarodowy Górski Szlak Przyjaźni Eisenach–Budapeszt (Polska wschód)"},"geometry":{"type":"LineString","coordinates":[[20.48149,49.42361],[20.48225,49.42257],[20.48218,49.42222],[20.48103,49.42238],[20.48073,49.42232],[20.48038,49.42206],[20.47994,49.42127],[20.47889,49.42132],[20.47701,49.4207],[20.47675,49.42047],[20.47666,49.41988],[20.47708,49.41937],[20.47681,49.41916],[20.47684,49.41903],[20.47652,49.41904],[20.47631,49.41886]]}},{"type":"Feature","properties":{"kolor":"czerwony","nazwa":"Międzynarodowy Górski Szlak Przyjaźni Eisenach–Budapeszt (Polska wschód)"},"geometry":{"type":"LineString","coordinates":[[20.48249,49.42385],[20.48217,49.42354],[20.48149,49.42361]]}},{"type":"Feature","properties":{"kolor":"czerwony","nazwa":"Międzynarodowy Górski Szlak Przyjaźni Eisenach–Budapeszt (Polska wschód)"},"geometry":{"type":"LineString","coordinates":[[20.48249,49.42385],[20.48021,49.42433]]}},{"type":"Feature","properties":{"kolor":"czerwony","nazwa":"Międzynarodowy Górski Szlak Przyjaźni Eisenach–Budapeszt (Polska wschód)"},"geometry":{"type":"LineString","coordinates":[[20.48021,49.42433],[20.48023,49.42436]]}},{"type":"Feature","properties":{"kolor":"czerwony","nazwa":"Międzynarodowy Górski Szlak Przyjaźni Eisenach–Budapeszt (Polska wschód)"},"geometry":{"type":"LineString","coordinates":[[20.48023,49.42436],[20.48038,49.42469]]}},{"type":"Feature","properties":{"kolor":"czerwony","nazwa":"Międzynarodowy Górski Szlak Przyjaźni Eisenach–Budapeszt (Polska wschód)"},"geometry":{"type":"LineString","coordinates":[[20.48038,49.42469],[20.48059,49.42503],[20.48031,49.4252]]}},{"type":"Feature","properties":{"kolor":"czerwony","nazwa":"Międzynarodowy Górski Szlak Przyjaźni Eisenach–Budapeszt (Polska wschód)"},"geometry":{"type":"LineString","coordinates":[[20.48031,49.4252],[20.48034,49.4255]]}},{"type":"Feature","properties":{"kolor":"czerwony","nazwa":"Międzynarodowy Górski Szlak Przyjaźni Eisenach–Budapeszt (Polska wschód)"},"geometry":{"type":"LineString","coordinates":[[20.48064,49.42542],[20.48034,49.4255]]}},{"type":"Feature","properties":{"kolor":"czerwony","nazwa":"Międzynarodowy Górski Szlak Przyjaźni Eisenach–Budapeszt (Polska wschód)"},"geometry":{"type":"LineString","coordinates":[[20.48074,49.42557],[20.48064,49.42542]]}},{"type":"Feature","properties":{"kolor":"czerwony","nazwa":"Międzynarodowy Górski Szlak Przyjaźni Eisenach–Budapeszt (Polska wschód)"},"geometry":{"type":"LineString","coordinates":[[20.48103,49.42574],[20.48104,49.42555],[20.48074,49.42557]]}},{"type":"Feature","properties":{"kolor":"czerwony","nazwa":"Międzynarodowy Górski Szlak Przyjaźni Eisenach–Budapeszt (Polska wschód)"},"geometry":{"type":"LineString","coordinates":[[20.48103,49.42574],[20.48107,49.42578]]}},{"type":"Feature","properties":{"kolor":"czerwony","nazwa":"Międzynarodowy Górski Szlak Przyjaźni Eisenach–Budapeszt (Polska wschód)"},"geometry":{"type":"LineString","coordinates":[[20.4826,49.42514],[20.48107,49.42578]]}},{"type":"Feature","properties":{"kolor":"czerwony","nazwa":"Międzynarodowy Górski Szlak Przyjaźni Eisenach–Budapeszt (Polska wschód)"},"geometry":{"type":"LineString","coordinates":[[20.4826,49.42514],[20.48303,49.42538]]}},{"type":"Feature","properties":{"kolor":"czerwony","nazwa":"Międzynarodowy Górski Szlak Przyjaźni Eisenach–Budapeszt (Polska wschód)"},"geometry":{"type":"LineString","coordinates":[[20.48303,49.42538],[20.48461,49.42611],[20.48624,49.42764],[20.48699,49.42872],[20.48737,49.42884]]}},{"type":"Feature","properties":{"kolor":"czerwony","nazwa":"Międzynarodowy Górski Szlak Przyjaźni Eisenach–Budapeszt (Polska wschód)"},"geometry":{"type":"LineString","coordinates":[[20.48763,49.42895],[20.48737,49.42884]]}},{"type":"Feature","properties":{"kolor":"czerwony","nazwa":"Międzynarodowy Górski Szlak Przyjaźni Eisenach–Budapeszt (Polska wschód)"},"geometry":{"type":"LineString","coordinates":[[20.4882,49.42944],[20.48808,49.42918],[20.48763,49.42895]]}},{"type":"Feature","properties":{"kolor":"czerwony","nazwa":"Międzynarodowy Górski Szlak Przyjaźni Eisenach–Budapeszt (Polska wschód)"},"geometry":{"type":"LineString","coordinates":[[20.488,49.42954],[20.4882,49.42944]]}},{"type":"Feature","properties":{"kolor":"czerwony","nazwa":"Międzynarodowy Górski Szlak Przyjaźni Eisenach–Budapeszt (Polska wschód)"},"geometry":{"type":"LineString","coordinates":[[20.48513,49.43225],[20.48566,49.43212],[20.48702,49.43114],[20.488,49.42954]]}},{"type":"Feature","properties":{"kolor":"czerwony","nazwa":"Międzynarodowy Górski Szlak Przyjaźni Eisenach–Budapeszt (Polska wschód)"},"geometry":{"type":"LineString","coordinates":[[20.47962,49.43157],[20.47966,49.43139],[20.48143,49.43077],[20.48267,49.43038],[20.48324,49.43042],[20.48446,49.43083],[20.48481,49.43202],[20.48513,49.43225]]}},{"type":"Feature","properties":{"kolor":"czerwony","nazwa":"Międzynarodowy Górski Szlak Przyjaźni Eisenach–Budapeszt (Polska wschód)"},"geometry":{"type":"LineString","coordinates":[[20.47962,49.43157],[20.4791,49.43397],[20.47883,49.43452],[20.47914,49.43484],[20.47877,49.43534],[20.47927,49.43574],[20.48001,49.43606]]}},{"type":"Feature","properties":{"kolor":"czerwony","nazwa":"Międzynarodowy Górski Szlak Przyjaźni Eisenach–Budapeszt (Polska wschód)"},"geometry":{"type":"LineString","coordinates":[[20.48001,49.43606],[20.48012,49.43615]]}},{"type":"Feature","properties":{"kolor":"czerwony","nazwa":"Międzynarodowy Górski Szlak Przyjaźni Eisenach–Budapeszt (Polska wschód)"},"geometry":{"type":"LineString","coordinates":[[20.48012,49.43615],[20.48104,49.43749],[20.48265,49.43859]]}},{"type":"Feature","properties":{"kolor":"czerwony","nazwa":"Międzynarodowy Górski Szlak Przyjaźni Eisenach–Budapeszt (Polska wschód)"},"geometry":{"type":"LineString","coordinates":[[20.48265,49.43859],[20.4839,49.43871],[20.48541,49.43909]]}},{"type":"Feature","properties":{"kolor":"czerwony","nazwa":"Międzynarodowy Górski Szlak Przyjaźni Eisenach–Budapeszt (Polska wschód)"},"geometry":{"type":"LineString","coordinates":[[20.48541,49.43909],[20.48626,49.43913]]}},{"type":"Feature","properties":{"kolor":"czerwony","nazwa":"Międzynarodowy Górski Szlak Przyjaźni Eisenach–Budapeszt (Polska wschód)"},"geometry":{"type":"LineString","coordinates":[[20.48626,49.43913],[20.48626,49.43934],[20.48572,49.43966],[20.48574,49.44017]]}},{"type":"Feature","properties":{"kolor":"czerwony","nazwa":"Międzynarodowy Górski Szlak Przyjaźni Eisenach–Budapeszt (Polska wschód)"},"geometry":{"type":"LineString","coordinates":[[20.48574,49.44017],[20.48689,49.44052],[20.48738,49.44118],[20.48815,49.44168],[20.49004,49.44234]]}},{"type":"Feature","properties":{"kolor":"czerwony","nazwa":"Międzynarodowy Górski Szlak Przyjaźni Eisenach–Budapeszt (Polska wschód)"},"geometry":{"type":"LineString","coordinates":[[20.49004,49.44234],[20.49019,49.44248]]}},{"type":"Feature","properties":{"kolor":"czerwony","nazwa":"Międzynarodowy Górski Szlak Przyjaźni Eisenach–Budapeszt (Polska wschód)"},"geometry":{"type":"LineString","coordinates":[[20.49019,49.44248],[20.4906,49.44291],[20.49061,49.44333]]}},{"type":"Feature","properties":{"kolor":"czerwony","nazwa":"Międzynarodowy Górski Szlak Przyjaźni Eisenach–Budapeszt (Polska wschód)"},"geometry":{"type":"LineString","coordinates":[[20.49061,49.44333],[20.49047,49.44374],[20.49096,49.44441],[20.49092,49.44482]]}},{"type":"Feature","properties":{"kolor":"czerwony","nazwa":"Międzynarodowy Górski Szlak Przyjaźni Eisenach–Budapeszt (Polska wschód)"},"geometry":{"type":"LineString","coordinates":[[20.49092,49.44482],[20.49121,49.4454],[20.49127,49.44655],[20.49105,49.44687],[20.49102,49.44755],[20.49037,49.44857],[20.49036,49.45025],[20.4906,49.45122],[20.4912,49.45167],[20.49171,49.45424],[20.49069,49.45487],[20.4898,49.45518],[20.48933,49.4559],[20.48861,49.4562],[20.48801,49.4563],[20.48555,49.45782],[20.48539,49.45813],[20.48553,49.45865],[20.48404,49.45986]]}},{"type":"Feature","properties":{"kolor":"czerwony","nazwa":"Międzynarodowy Górski Szlak Przyjaźni Eisenach–Budapeszt (Polska wschód)"},"geometry":{"type":"LineString","coordinates":[[20.48404,49.45986],[20.48328,49.46085]]}},{"type":"Feature","properties":{"kolor":"czerwony","nazwa":"Międzynarodowy Górski Szlak Przyjaźni Eisenach–Budapeszt (Polska wschód)"},"geometry":{"type":"LineString","coordinates":[[20.48328,49.46085],[20.4831,49.46208],[20.48163,49.46463]]}},{"type":"Feature","properties":{"kolor":"zolty","nazwa":"Łomnica - Hala Łabowska"},"geometry":{"type":"LineString","coordinates":[[20.77031,49.4469],[20.76932,49.44626]]}},{"type":"Feature","properties":{"kolor":"zolty","nazwa":"Łomnica - Hala Łabowska"},"geometry":{"type":"LineString","coordinates":[[20.76932,49.44626],[20.76837,49.44566],[20.76688,49.44394],[20.76635,49.44366],[20.76546,49.44342]]}},{"type":"Feature","properties":{"kolor":"zolty","nazwa":"Łomnica - Hala Łabowska"},"geometry":{"type":"LineString","coordinates":[[20.76366,49.44202],[20.76402,49.4423],[20.76454,49.44304],[20.76546,49.44342]]}},{"type":"Feature","properties":{"kolor":"zolty","nazwa":"Łomnica - Hala Łabowska"},"geometry":{"type":"LineString","coordinates":[[20.76211,49.44059],[20.76366,49.44202]]}},{"type":"Feature","properties":{"kolor":"zolty","nazwa":"Łomnica - Hala Łabowska"},"geometry":{"type":"LineString","coordinates":[[20.75305,49.4341],[20.75376,49.43457],[20.75537,49.43522],[20.75664,49.43532],[20.75696,49.43578],[20.7576,49.43622],[20.75798,49.43666],[20.76001,49.43782],[20.76069,49.4384],[20.76134,49.43917],[20.76211,49.44059]]}},{"type":"Feature","properties":{"kolor":"zolty","nazwa":"Łomnica - Hala Łabowska"},"geometry":{"type":"LineString","coordinates":[[20.74506,49.43015],[20.7465,49.43017],[20.74918,49.42985],[20.75013,49.42984],[20.75147,49.43188],[20.7523,49.43256],[20.75305,49.4341]]}},{"type":"Feature","properties":{"kolor":"zolty","nazwa":"Łomnica - Hala Łabowska"},"geometry":{"type":"LineString","coordinates":[[20.74383,49.42994],[20.74443,49.42992],[20.74506,49.43015]]}},{"type":"Feature","properties":{"kolor":"zolty","nazwa":"Łomnica - Hala Łabowska"},"geometry":{"type":"LineString","coordinates":[[20.74383,49.42994],[20.74358,49.42745],[20.74333,49.42718],[20.74287,49.42704]]}},{"type":"Feature","properties":{"kolor":"zolty","nazwa":"Łomnica - Hala Łabowska"},"geometry":{"type":"LineString","coordinates":[[20.74287,49.42704],[20.74261,49.427]]}},{"type":"Feature","properties":{"kolor":"zolty","nazwa":"Łomnica - Hala Łabowska"},"geometry":{"type":"LineString","coordinates":[[20.74261,49.427],[20.74205,49.42685],[20.74167,49.42658],[20.73979,49.42424],[20.73715,49.42265],[20.73467,49.42195],[20.73387,49.42191],[20.73113,49.42214],[20.73105,49.42198]]}},{"type":"Feature","properties":{"kolor":"zolty","nazwa":"Łomnica - Hala Łabowska"},"geometry":{"type":"LineString","coordinates":[[20.73105,49.42198],[20.73101,49.4219]]}},{"type":"Feature","properties":{"kolor":"zolty","nazwa":"Łomnica - Hala Łabowska"},"geometry":{"type":"LineString","coordinates":[[20.73101,49.4219],[20.72963,49.4221]]}},{"type":"Feature","properties":{"kolor":"zolty","nazwa":"Łomnica - Hala Łabowska"},"geometry":{"type":"LineString","coordinates":[[20.72963,49.4221],[20.72822,49.4215],[20.72702,49.42058],[20.72623,49.42027],[20.72609,49.42011]]}},{"type":"Feature","properties":{"kolor":"zolty","nazwa":"Łomnica - Hala Łabowska"},"geometry":{"type":"LineString","coordinates":[[20.72604,49.41964],[20.7262,49.41975],[20.72609,49.42011]]}},{"type":"Feature","properties":{"kolor":"zolty","nazwa":"Łomnica - Hala Łabowska"},"geometry":{"type":"LineString","coordinates":[[20.72586,49.41845],[20.72604,49.41964]]}},{"type":"Feature","properties":{"kolor":"zolty","nazwa":"Łomnica - Hala Łabowska"},"geometry":{"type":"LineString","coordinates":[[20.72586,49.41845],[20.72559,49.41809],[20.72494,49.41768],[20.72253,49.41697]]}},{"type":"Feature","properties":{"kolor":"zolty","nazwa":"Łomnica - Hala Łabowska"},"geometry":{"type":"LineString","coordinates":[[20.72253,49.41697],[20.72104,49.41654]]}},{"type":"Feature","properties":{"kolor":"zolty","nazwa":"Łomnica - Hala Łabowska"},"geometry":{"type":"LineString","coordinates":[[20.72104,49.41654],[20.72107,49.41649]]}},{"type":"Feature","properties":{"kolor":"zolty","nazwa":"Łomnica - Hala Łabowska"},"geometry":{"type":"LineString","coordinates":[[20.72107,49.41649],[20.72198,49.41675],[20.72281,49.41675]]}},{"type":"Feature","properties":{"kolor":"zolty","nazwa":"Łomnica - Hala Łabowska"},"geometry":{"type":"LineString","coordinates":[[20.72281,49.41675],[20.72307,49.41661]]}},{"type":"Feature","properties":{"kolor":"zolty","nazwa":"Łomnica - Hala Łabowska"},"geometry":{"type":"LineString","coordinates":[[20.72307,49.41661],[20.72592,49.41536],[20.7269,49.41478]]}},{"type":"Feature","properties":{"kolor":"niebieski","nazwa":"European long distance path E3 - part Poland (east)"},"geometry":{"type":"LineString","coordinates":[[20.24029,49.4177],[20.2384,49.41774],[20.23789,49.41788],[20.23566,49.4177],[20.23407,49.41795],[20.22842,49.41821],[20.2268,49.41843],[20.22573,49.41827],[20.22335,49.41816],[20.22098,49.41829],[20.22046,49.41713],[20.22039,49.41639],[20.21968,49.41559],[20.21947,49.415],[20.21912,49.4147],[20.21566,49.41448],[20.2141,49.41464],[20.21138,49.41444],[20.21119,49.41412],[20.21083,49.41395],[20.20893,49.41381],[20.20859,49.41344],[20.20859,49.41272],[20.20816,49.41249],[20.20791,49.41265],[20.20765,49.41317],[20.20733,49.41338],[20.2042,49.41314],[20.20153,49.41332],[20.19513,49.41337]]}},{"type":"Feature","properties":{"kolor":"niebieski","nazwa":"European long distance path E3 - part Poland (east)"},"geometry":{"type":"LineString","coordinates":[[20.24029,49.4177],[20.24033,49.41752],[20.23998,49.41712],[20.24065,49.4167]]}},{"type":"Feature","properties":{"kolor":"niebieski","nazwa":"European long distance path E3 - part Poland (east)"},"geometry":{"type":"LineString","coordinates":[[20.24177,49.41673],[20.24065,49.4167]]}},{"type":"Feature","properties":{"kolor":"niebieski","nazwa":"European long distance path E3 - part Poland (east)"},"geometry":{"type":"LineString","coordinates":[[20.24238,49.41705],[20.24177,49.41673]]}},{"type":"Feature","properties":{"kolor":"niebieski","nazwa":"European long distance path E3 - part Poland (east)"},"geometry":{"type":"LineString","coordinates":[[20.25064,49.41913],[20.24994,49.41872],[20.24901,49.41861],[20.24907,49.4177],[20.24845,49.41741],[20.24821,49.417],[20.24663,49.41709],[20.24575,49.41697],[20.24494,49.41716],[20.24348,49.41719],[20.24238,49.41705]]}},{"type":"Feature","properties":{"kolor":"niebieski","nazwa":"European long distance path E3 - part Poland (east)"},"geometry":{"type":"LineString","coordinates":[[20.25759,49.41626],[20.25677,49.4163],[20.25633,49.41618],[20.25476,49.41738],[20.25263,49.4181],[20.25174,49.41898],[20.25064,49.41913]]}},{"type":"Feature","properties":{"kolor":"niebieski","nazwa":"European long distance path E3 - part Poland (east)"},"geometry":{"type":"LineString","coordinates":[[20.2588,49.41579],[20.25772,49.41611],[20.25759,49.41626]]}},{"type":"Feature","properties":{"kolor":"niebieski","nazwa":"European long distance path E3 - part Poland (east)"},"geometry":{"type":"LineString","coordinates":[[20.2641,49.41364],[20.26175,49.41462],[20.26075,49.41495],[20.25948,49.41517],[20.25882,49.41561],[20.2588,49.41579]]}},{"type":"Feature","properties":{"kolor":"niebieski","nazwa":"European long distance path E3 - part Poland (east)"},"geometry":{"type":"LineString","coordinates":[[20.27166,49.41321],[20.26998,49.4137],[20.26871,49.41372],[20.26747,49.41319],[20.26678,49.4131],[20.2657,49.41335],[20.26454,49.41343],[20.2641,49.41364]]}},{"type":"Feature","properties":{"kolor":"niebieski","nazwa":"European long distance path E3 - part Poland (east)"},"geometry":{"type":"LineString","coordinates":[[20.27455,49.41591],[20.27343,49.41503],[20.27327,49.4147],[20.27337,49.4141],[20.27166,49.41321]]}},{"type":"Feature","properties":{"kolor":"niebieski","nazwa":"European long distance path E3 - part Poland (east)"},"geometry":{"type":"LineString","coordinates":[[20.28733,49.4168],[20.28461,49.41678],[20.28234,49.41652],[20.28156,49.41656],[20.28017,49.41625],[20.27888,49.41628],[20.27767,49.41646],[20.27626,49.41645],[20.27455,49.41591]]}},{"type":"Feature","properties":{"kolor":"niebieski","nazwa":"European long distance path E3 - part Poland (east)"},"geometry":{"type":"LineString","coordinates":[[20.29158,49.41723],[20.28967,49.4172],[20.28856,49.417],[20.28828,49.41681],[20.28733,49.4168]]}},{"type":"Feature","properties":{"kolor":"niebieski","nazwa":"European long distance path E3 - part Poland (east)"},"geometry":{"type":"LineString","coordinates":[[20.31023,49.42075],[20.30842,49.42085],[20.30207,49.41967],[20.29992,49.41887],[20.29877,49.41823],[20.29727,49.41717],[20.2967,49.41701],[20.29499,49.4168],[20.29158,49.41723]]}},{"type":"Feature","properties":{"kolor":"niebieski","nazwa":"European long distance path E3 - part Poland (east)"},"geometry":{"type":"LineString","coordinates":[[20.31509,49.41939],[20.31023,49.42075]]}},{"type":"Feature","properties":{"kolor":"niebieski","nazwa":"European long distance path E3 - part Poland (east)"},"geometry":{"type":"LineString","coordinates":[[20.3183,49.4195],[20.31785,49.41943],[20.31725,49.4196],[20.3164,49.41934],[20.31509,49.41939]]}},{"type":"Feature","properties":{"kolor":"niebieski","nazwa":"European long distance path E3 - part Poland (east)"},"geometry":{"type":"LineString","coordinates":[[20.31786,49.42155],[20.31821,49.42084],[20.3183,49.4195]]}},{"type":"Feature","properties":{"kolor":"niebieski","nazwa":"European long distance path E3 - part Poland (east)"},"geometry":{"type":"LineString","coordinates":[[20.31786,49.42159],[20.31786,49.42155]]}},{"type":"Feature","properties":{"kolor":"niebieski","nazwa":"European long distance path E3 - part Poland (east)"},"geometry":{"type":"LineString","coordinates":[[20.31933,49.42145],[20.31786,49.42159]]}},{"type":"Feature","properties":{"kolor":"niebieski","nazwa":"European long distance path E3 - part Poland (east)"},"geometry":{"type":"LineString","coordinates":[[20.32033,49.42003],[20.31987,49.42101],[20.31933,49.42145]]}},{"type":"Feature","properties":{"kolor":"niebieski","nazwa":"European long distance path E3 - part Poland (east)"},"geometry":{"type":"LineString","coordinates":[[20.32033,49.42003],[20.32068,49.41989]]}},{"type":"Feature","properties":{"kolor":"niebieski","nazwa":"European long distance path E3 - part Poland (east)"},"geometry":{"type":"LineString","coordinates":[[20.32068,49.41989],[20.32087,49.41987]]}},{"type":"Feature","properties":{"kolor":"niebieski","nazwa":"European long distance path E3 - part Poland (east)"},"geometry":{"type":"LineString","coordinates":[[20.32087,49.41984],[20.32087,49.41987]]}},{"type":"Feature","properties":{"kolor":"niebieski","nazwa":"European long distance path E3 - part Poland (east)"},"geometry":{"type":"LineString","coordinates":[[20.3218,49.41815],[20.32087,49.41984]]}},{"type":"Feature","properties":{"kolor":"niebieski","nazwa":"European long distance path E3 - part Poland (east)"},"geometry":{"type":"LineString","coordinates":[[20.32165,49.41796],[20.3218,49.41815]]}},{"type":"Feature","properties":{"kolor":"niebieski","nazwa":"European long distance path E3 - part Poland (east)"},"geometry":{"type":"LineString","coordinates":[[20.32162,49.4179],[20.32165,49.41796]]}},{"type":"Feature","properties":{"kolor":"niebieski","nazwa":"European long distance path E3 - part Poland (east)"},"geometry":{"type":"LineString","coordinates":[[20.32166,49.41789],[20.32162,49.4179]]}},{"type":"Feature","properties":{"kolor":"niebieski","nazwa":"European long distance path E3 - part Poland (east)"},"geometry":{"type":"LineString","coordinates":[[20.32172,49.41787],[20.32166,49.41789]]}},{"type":"Feature","properties":{"kolor":"niebieski","nazwa":"European long distance path E3 - part Poland (east)"},"geometry":{"type":"LineString","coordinates":[[20.32176,49.41786],[20.32172,49.41787]]}},{"type":"Feature","properties":{"kolor":"niebieski","nazwa":"European long distance path E3 - part Poland (east)"},"geometry":{"type":"LineString","coordinates":[[20.32182,49.41785],[20.32176,49.41786]]}},{"type":"Feature","properties":{"kolor":"niebieski","nazwa":"European long distance path E3 - part Poland (east)"},"geometry":{"type":"LineString","coordinates":[[20.32011,49.41586],[20.32016,49.41603],[20.32101,49.41662],[20.32215,49.41713],[20.32202,49.41778],[20.32182,49.41785]]}},{"type":"Feature","properties":{"kolor":"niebieski","nazwa":"European long distance path E3 - part Poland (east)"},"geometry":{"type":"LineString","coordinates":[[20.31979,49.4158],[20.32011,49.41586]]}},{"type":"Feature","properties":{"kolor":"niebieski","nazwa":"European long distance path E3 - part Poland (east)"},"geometry":{"type":"LineString","coordinates":[[20.31979,49.4158],[20.31959,49.41574]]}},{"type":"Feature","properties":{"kolor":"niebieski","nazwa":"European long distance path E3 - part Poland (east)"},"geometry":{"type":"LineString","coordinates":[[20.31959,49.41574],[20.31947,49.41564]]}},{"type":"Feature","properties":{"kolor":"niebieski","nazwa":"European long distance path E3 - part Poland (east)"},"geometry":{"type":"LineString","coordinates":[[20.31947,49.41564],[20.31996,49.41532],[20.32022,49.41489],[20.32039,49.41397],[20.32028,49.4139]]}},{"type":"Feature","properties":{"kolor":"niebieski","nazwa":"European long distance path E3 - part Poland (east)"},"geometry":{"type":"LineString","coordinates":[[20.32028,49.4139],[20.32029,49.41381]]}},{"type":"Feature","properties":{"kolor":"niebieski","nazwa":"European long distance path E3 - part Poland (east)"},"geometry":{"type":"LineString","coordinates":[[20.32029,49.41381],[20.32043,49.41377],[20.32047,49.41323]]}},{"type":"Feature","properties":{"kolor":"niebieski","nazwa":"European long distance path E3 - part Poland (east)"},"geometry":{"type":"LineString","coordinates":[[20.32047,49.41323],[20.32059,49.4126]]}},{"type":"Feature","properties":{"kolor":"niebieski","nazwa":"European long distance path E3 - part Poland (east)"},"geometry":{"type":"LineString","coordinates":[[20.32059,49.4126],[20.3209,49.41208],[20.3223,49.41068],[20.32259,49.40926],[20.32434,49.40748],[20.32494,49.40713],[20.32596,49.40676],[20.32853,49.40612],[20.33003,49.40547],[20.33061,49.40535],[20.33086,49.40508]]}},{"type":"Feature","properties":{"kolor":"niebieski","nazwa":"European long distance path E3 - part Poland (east)"},"geometry":{"type":"LineString","coordinates":[[20.33086,49.40508],[20.33107,49.40513]]}},{"type":"Feature","properties":{"kolor":"niebieski","nazwa":"European long distance path E3 - part Poland (east)"},"geometry":{"type":"LineString","coordinates":[[20.33107,49.40513],[20.33117,49.40539]]}},{"type":"Feature","properties":{"kolor":"niebieski","nazwa":"European long distance path E3 - part Poland (east)"},"geometry":{"type":"LineString","coordinates":[[20.33117,49.40539],[20.3316,49.40551],[20.33339,49.40646]]}},{"type":"Feature","properties":{"kolor":"niebieski","nazwa":"European long distance path E3 - part Poland (east)"},"geometry":{"type":"LineString","coordinates":[[20.33339,49.40646],[20.33412,49.40684]]}},{"type":"Feature","properties":{"kolor":"niebieski","nazwa":"European long distance path E3 - part Poland (east)"},"geometry":{"type":"LineString","coordinates":[[20.33412,49.40684],[20.33441,49.40699]]}},{"type":"Feature","properties":{"kolor":"niebieski","nazwa":"European long distance path E3 - part Poland (east)"},"geometry":{"type":"LineString","coordinates":[[20.33536,49.40696],[20.33441,49.40699]]}},{"type":"Feature","properties":{"kolor":"niebieski","nazwa":"European long distance path E3 - part Poland (east)"},"geometry":{"type":"LineString","coordinates":[[20.33572,49.40677],[20.33536,49.40696]]}},{"type":"Feature","properties":{"kolor":"niebieski","nazwa":"European long distance path E3 - part Poland (east)"},"geometry":{"type":"LineString","coordinates":[[20.33989,49.40468],[20.33885,49.40529],[20.33783,49.4061],[20.33572,49.40677]]}},{"type":"Feature","properties":{"kolor":"niebieski","nazwa":"European long distance path E3 - part Poland (east)"},"geometry":{"type":"LineString","coordinates":[[20.33989,49.40468],[20.34008,49.40511]]}},{"type":"Feature","properties":{"kolor":"niebieski","nazwa":"European long distance path E3 - part Poland (east)"},"geometry":{"type":"LineString","coordinates":[[20.34008,49.40511],[20.34134,49.40539],[20.34204,49.40569],[20.343,49.40651],[20.34397,49.40699]]}},{"type":"Feature","properties":{"kolor":"niebieski","nazwa":"European long distance path E3 - part Poland (east)"},"geometry":{"type":"LineString","coordinates":[[20.34397,49.40699],[20.34461,49.40681],[20.34586,49.40722],[20.34683,49.40726],[20.34847,49.40678],[20.34934,49.40689],[20.34987,49.40709]]}},{"type":"Feature","properties":{"kolor":"niebieski","nazwa":"European long distance path E3 - part Poland (east)"},"geometry":{"type":"LineString","coordinates":[[20.34987,49.40709],[20.35169,49.4089],[20.35256,49.40938]]}},{"type":"Feature","properties":{"kolor":"niebieski","nazwa":"European long distance path E3 - part Poland (east)"},"geometry":{"type":"LineString","coordinates":[[20.35256,49.40938],[20.35428,49.40874],[20.35662,49.40843],[20.35768,49.40801],[20.36026,49.40587],[20.36132,49.40434]]}},{"type":"Feature","properties":{"kolor":"niebieski","nazwa":"European long distance path E3 - part Poland (east)"},"geometry":{"type":"LineString","coordinates":[[20.36132,49.40434],[20.36209,49.40279],[20.36313,49.40235],[20.36395,49.40234],[20.36485,49.40267],[20.36574,49.40393]]}},{"type":"Feature","properties":{"kolor":"niebieski","nazwa":"European long distance path E3 - part Poland (east)"},"geometry":{"type":"LineString","coordinates":[[20.36574,49.40393],[20.36594,49.40493]]}},{"type":"Feature","properties":{"kolor":"niebieski","nazwa":"European long distance path E3 - part Poland (east)"},"geometry":{"type":"LineString","coordinates":[[20.36594,49.40493],[20.36634,49.40668]]}},{"type":"Feature","properties":{"kolor":"niebieski","nazwa":"European long distance path E3 - part Poland (east)"},"geometry":{"type":"LineString","coordinates":[[20.36634,49.40668],[20.36673,49.40775],[20.36721,49.40827],[20.36784,49.40864],[20.36854,49.40886],[20.37018,49.40873]]}},{"type":"Feature","properties":{"kolor":"niebieski","nazwa":"European long distance path E3 - part Poland (east)"},"geometry":{"type":"LineString","coordinates":[[20.37018,49.40873],[20.36996,49.40903],[20.37072,49.40932],[20.37084,49.41004],[20.37148,49.41104],[20.37319,49.41234],[20.37297,49.41357],[20.37267,49.41386],[20.37253,49.41432],[20.37192,49.41493],[20.37193,49.41524],[20.37276,49.41559],[20.3736,49.41641],[20.37438,49.4163],[20.3757,49.41639],[20.37598,49.41693],[20.37683,49.41736],[20.37899,49.41768],[20.37931,49.41784],[20.37943,49.41856]]}},{"type":"Feature","properties":{"kolor":"niebieski","nazwa":"European long distance path E3 - part Poland (east)"},"geometry":{"type":"LineString","coordinates":[[20.41645,49.42785],[20.41413,49.42673],[20.41333,49.42647]]}},{"type":"Feature","properties":{"kolor":"niebieski","nazwa":"European long distance path E3 - part Poland (east)"},"geometry":{"type":"LineString","coordinates":[[20.41645,49.42785],[20.42096,49.4298],[20.42176,49.43071]]}},{"type":"Feature","properties":{"kolor":"niebieski","nazwa":"European long distance path E3 - part Poland (east)"},"geometry":{"type":"LineString","coordinates":[[20.42176,49.43071],[20.42182,49.43092]]}},{"type":"Feature","properties":{"kolor":"niebieski","nazwa":"European long distance path E3 - part Poland (east)"},"geometry":{"type":"LineString","coordinates":[[20.42182,49.43092],[20.42279,49.43223]]}},{"type":"Feature","properties":{"kolor":"niebieski","nazwa":"European long distance path E3 - part Poland (east)"},"geometry":{"type":"LineString","coordinates":[[20.42279,49.43223],[20.42344,49.4332],[20.42376,49.434],[20.42348,49.43489],[20.42264,49.43616]]}},{"type":"Feature","properties":{"kolor":"niebieski","nazwa":"European long distance path E3 - part Poland (east)"},"geometry":{"type":"LineString","coordinates":[[20.42264,49.43616],[20.42261,49.43628]]}},{"type":"Feature","properties":{"kolor":"niebieski","nazwa":"European long distance path E3 - part Poland (east)"},"geometry":{"type":"LineString","coordinates":[[20.42261,49.43628],[20.42265,49.43671],[20.42232,49.43739],[20.42232,49.43782],[20.42201,49.43822]]}},{"type":"Feature","properties":{"kolor":"niebieski","nazwa":"European long distance path E3 - part Poland (east)"},"geometry":{"type":"LineString","coordinates":[[20.42201,49.43822],[20.42187,49.43838],[20.42181,49.4393],[20.42234,49.44009],[20.42278,49.44041]]}},{"type":"Feature","properties":{"kolor":"niebieski","nazwa":"European long distance path E3 - part Poland (east)"},"geometry":{"type":"LineString","coordinates":[[20.42584,49.44074],[20.42396,49.4404],[20.42278,49.44041]]}},{"type":"Feature","properties":{"kolor":"niebieski","nazwa":"European long distance path E3 - part Poland (east)"},"geometry":{"type":"LineString","coordinates":[[20.42584,49.44074],[20.42636,49.44065]]}},{"type":"Feature","properties":{"kolor":"niebieski","nazwa":"European long distance path E3 - part Poland (east)"},"geometry":{"type":"LineString","coordinates":[[20.42636,49.44065],[20.42792,49.44058]]}},{"type":"Feature","properties":{"kolor":"niebieski","nazwa":"European long distance path E3 - part Poland (east)"},"geometry":{"type":"LineString","coordinates":[[20.4279,49.44046],[20.42792,49.44058]]}},{"type":"Feature","properties":{"kolor":"niebieski","nazwa":"European long distance path E3 - part Poland (east)"},"geometry":{"type":"LineString","coordinates":[[20.4279,49.44046],[20.42795,49.44033]]}},{"type":"Feature","properties":{"kolor":"niebieski","nazwa":"European long distance path E3 - part Poland (east)"},"geometry":{"type":"LineString","coordinates":[[20.42795,49.44033],[20.42794,49.44012]]}},{"type":"Feature","properties":{"kolor":"niebieski","nazwa":"European long distance path E3 - part Poland (east)"},"geometry":{"type":"LineString","coordinates":[[20.42794,49.44012],[20.42795,49.44005]]}},{"type":"Feature","properties":{"kolor":"niebieski","nazwa":"European long distance path E3 - part Poland (east)"},"geometry":{"type":"LineString","coordinates":[[20.42795,49.44005],[20.42839,49.43913]]}},{"type":"Feature","properties":{"kolor":"niebieski","nazwa":"European long distance path E3 - part Poland (east)"},"geometry":{"type":"LineString","coordinates":[[20.42839,49.43913],[20.42853,49.43902]]}},{"type":"Feature","properties":{"kolor":"niebieski","nazwa":"European long distance path E3 - part Poland (east)"},"geometry":{"type":"LineString","coordinates":[[20.42853,49.43902],[20.42945,49.43824],[20.43282,49.43606],[20.43584,49.43451],[20.43736,49.43282]]}},{"type":"Feature","properties":{"kolor":"niebieski","nazwa":"European long distance path E3 - part Poland (east)"},"geometry":{"type":"LineString","coordinates":[[20.43736,49.43282],[20.43805,49.43217],[20.43841,49.43156],[20.43857,49.43035],[20.43911,49.42906],[20.43938,49.42851],[20.44054,49.42736],[20.44086,49.42606],[20.44183,49.42505],[20.44267,49.42466]]}},{"type":"Feature","properties":{"kolor":"niebieski","nazwa":"European long distance path E3 - part Poland (east)"},"geometry":{"type":"LineString","coordinates":[[20.44267,49.42466],[20.44339,49.42325],[20.44346,49.4217],[20.44394,49.42131],[20.44391,49.42106],[20.44346,49.42093],[20.44346,49.4204],[20.4432,49.4202],[20.44286,49.42013],[20.44206,49.42031],[20.44144,49.41994],[20.44049,49.41997],[20.43914,49.41948]]}},{"type":"Feature","properties":{"kolor":"niebieski","nazwa":"European long distance path E3 - part Poland (east)"},"geometry":{"type":"LineString","coordinates":[[20.47674,49.41359],[20.47682,49.41393],[20.47668,49.41409],[20.47688,49.41427],[20.47668,49.41561],[20.4769,49.41638]]}},{"type":"Feature","properties":{"kolor":"niebieski","nazwa":"European long distance path E3 - part Poland (east)"},"geometry":{"type":"LineString","coordinates":[[20.4769,49.41638],[20.47689,49.41648]]}},{"type":"Feature","properties":{"kolor":"niebieski","nazwa":"European long distance path E3 - part Poland (east)"},"geometry":{"type":"LineString","coordinates":[[20.47689,49.41648],[20.47679,49.41675],[20.47586,49.41768],[20.4759,49.41789],[20.47658,49.41821]]}},{"type":"Feature","properties":{"kolor":"niebieski","nazwa":"European long distance path E3 - part Poland (east)"},"geometry":{"type":"LineString","coordinates":[[20.47658,49.41821],[20.47645,49.41871]]}},{"type":"Feature","properties":{"kolor":"niebieski","nazwa":"European long distance path E3 - part Poland (east)"},"geometry":{"type":"LineString","coordinates":[[20.47631,49.41886],[20.47645,49.41871]]}},{"type":"Feature","properties":{"kolor":"niebieski","nazwa":"European long distance path E3 - part Poland (east)"},"geometry":{"type":"LineString","coordinates":[[20.48149,49.42361],[20.48225,49.42257],[20.48218,49.42222],[20.48103,49.42238],[20.48073,49.42232],[20.48038,49.42206],[20.47994,49.42127],[20.47889,49.42132],[20.47701,49.4207],[20.47675,49.42047],[20.47666,49.41988],[20.47708,49.41937],[20.47681,49.41916],[20.47684,49.41903],[20.47652,49.41904],[20.47631,49.41886]]}},{"type":"Feature","properties":{"kolor":"niebieski","nazwa":"European long distance path E3 - part Poland (east)"},"geometry":{"type":"LineString","coordinates":[[20.48249,49.42385],[20.48217,49.42354],[20.48149,49.42361]]}},{"type":"Feature","properties":{"kolor":"niebieski","nazwa":"European long distance path E3 - part Poland (east)"},"geometry":{"type":"LineString","coordinates":[[20.48249,49.42385],[20.48021,49.42433]]}},{"type":"Feature","properties":{"kolor":"niebieski","nazwa":"European long distance path E3 - part Poland (east)"},"geometry":{"type":"LineString","coordinates":[[20.48021,49.42433],[20.48023,49.42436]]}},{"type":"Feature","properties":{"kolor":"niebieski","nazwa":"European long distance path E3 - part Poland (east)"},"geometry":{"type":"LineString","coordinates":[[20.48023,49.42436],[20.48038,49.42469]]}},{"type":"Feature","properties":{"kolor":"niebieski","nazwa":"European long distance path E3 - part Poland (east)"},"geometry":{"type":"LineString","coordinates":[[20.48038,49.42469],[20.48059,49.42503],[20.48031,49.4252]]}},{"type":"Feature","properties":{"kolor":"niebieski","nazwa":"European long distance path E3 - part Poland (east)"},"geometry":{"type":"LineString","coordinates":[[20.48031,49.4252],[20.48034,49.4255]]}},{"type":"Feature","properties":{"kolor":"niebieski","nazwa":"European long distance path E3 - part Poland (east)"},"geometry":{"type":"LineString","coordinates":[[20.48064,49.42542],[20.48034,49.4255]]}},{"type":"Feature","properties":{"kolor":"niebieski","nazwa":"European long distance path E3 - part Poland (east)"},"geometry":{"type":"LineString","coordinates":[[20.48074,49.42557],[20.48064,49.42542]]}},{"type":"Feature","properties":{"kolor":"niebieski","nazwa":"European long distance path E3 - part Poland (east)"},"geometry":{"type":"LineString","coordinates":[[20.48103,49.42574],[20.48104,49.42555],[20.48074,49.42557]]}},{"type":"Feature","properties":{"kolor":"niebieski","nazwa":"European long distance path E3 - part Poland (east)"},"geometry":{"type":"LineString","coordinates":[[20.48103,49.42574],[20.48107,49.42578]]}},{"type":"Feature","properties":{"kolor":"niebieski","nazwa":"European long distance path E3 - part Poland (east)"},"geometry":{"type":"LineString","coordinates":[[20.48763,49.42895],[20.48737,49.42884]]}},{"type":"Feature","properties":{"kolor":"niebieski","nazwa":"European long distance path E3 - part Poland (east)"},"geometry":{"type":"LineString","coordinates":[[20.4882,49.42944],[20.48808,49.42918],[20.48763,49.42895]]}},{"type":"Feature","properties":{"kolor":"niebieski","nazwa":"European long distance path E3 - part Poland (east)"},"geometry":{"type":"LineString","coordinates":[[20.488,49.42954],[20.4882,49.42944]]}},{"type":"Feature","properties":{"kolor":"niebieski","nazwa":"European long distance path E3 - part Poland (east)"},"geometry":{"type":"LineString","coordinates":[[20.48513,49.43225],[20.48566,49.43212],[20.48702,49.43114],[20.488,49.42954]]}},{"type":"Feature","properties":{"kolor":"niebieski","nazwa":"European long distance path E3 - part Poland (east)"},"geometry":{"type":"LineString","coordinates":[[20.47962,49.43157],[20.47966,49.43139],[20.48143,49.43077],[20.48267,49.43038],[20.48324,49.43042],[20.48446,49.43083],[20.48481,49.43202],[20.48513,49.43225]]}},{"type":"Feature","properties":{"kolor":"niebieski","nazwa":"European long distance path E3 - part Poland (east)"},"geometry":{"type":"LineString","coordinates":[[20.47962,49.43157],[20.4791,49.43397],[20.47883,49.43452],[20.47914,49.43484],[20.47877,49.43534],[20.47927,49.43574],[20.48001,49.43606]]}},{"type":"Feature","properties":{"kolor":"niebieski","nazwa":"European long distance path E3 - part Poland (east)"},"geometry":{"type":"LineString","coordinates":[[20.48001,49.43606],[20.48012,49.43615]]}},{"type":"Feature","properties":{"kolor":"niebieski","nazwa":"European long distance path E3 - part Poland (east)"},"geometry":{"type":"LineString","coordinates":[[20.48012,49.43615],[20.48104,49.43749],[20.48265,49.43859]]}},{"type":"Feature","properties":{"kolor":"niebieski","nazwa":"European long distance path E3 - part Poland (east)"},"geometry":{"type":"LineString","coordinates":[[20.48265,49.43859],[20.4839,49.43871],[20.48541,49.43909]]}},{"type":"Feature","properties":{"kolor":"niebieski","nazwa":"European long distance path E3 - part Poland (east)"},"geometry":{"type":"LineString","coordinates":[[20.48541,49.43909],[20.48626,49.43913]]}},{"type":"Feature","properties":{"kolor":"niebieski","nazwa":"European long distance path E3 - part Poland (east)"},"geometry":{"type":"LineString","coordinates":[[20.48626,49.43913],[20.48626,49.43934],[20.48572,49.43966],[20.48574,49.44017]]}},{"type":"Feature","properties":{"kolor":"niebieski","nazwa":"European long distance path E3 - part Poland (east)"},"geometry":{"type":"LineString","coordinates":[[20.48574,49.44017],[20.48689,49.44052],[20.48738,49.44118],[20.48815,49.44168],[20.49004,49.44234]]}},{"type":"Feature","properties":{"kolor":"niebieski","nazwa":"European long distance path E3 - part Poland (east)"},"geometry":{"type":"LineString","coordinates":[[20.49004,49.44234],[20.49019,49.44248]]}},{"type":"Feature","properties":{"kolor":"niebieski","nazwa":"European long distance path E3 - part Poland (east)"},"geometry":{"type":"LineString","coordinates":[[20.49019,49.44248],[20.4906,49.44291],[20.49061,49.44333]]}},{"type":"Feature","properties":{"kolor":"niebieski","nazwa":"European long distance path E3 - part Poland (east)"},"geometry":{"type":"LineString","coordinates":[[20.49061,49.44333],[20.49047,49.44374],[20.49096,49.44441],[20.49092,49.44482]]}},{"type":"Feature","properties":{"kolor":"niebieski","nazwa":"European long distance path E3 - part Poland (east)"},"geometry":{"type":"LineString","coordinates":[[20.49092,49.44482],[20.49121,49.4454],[20.49127,49.44655],[20.49105,49.44687],[20.49102,49.44755],[20.49037,49.44857],[20.49036,49.45025],[20.4906,49.45122],[20.4912,49.45167],[20.49171,49.45424],[20.49069,49.45487],[20.4898,49.45518],[20.48933,49.4559],[20.48861,49.4562],[20.48801,49.4563],[20.48555,49.45782],[20.48539,49.45813],[20.48553,49.45865],[20.48404,49.45986]]}},{"type":"Feature","properties":{"kolor":"niebieski","nazwa":"European long distance path E3 - part Poland (east)"},"geometry":{"type":"LineString","coordinates":[[20.48404,49.45986],[20.48328,49.46085]]}},{"type":"Feature","properties":{"kolor":"niebieski","nazwa":"European long distance path E3 - part Poland (east)"},"geometry":{"type":"LineString","coordinates":[[20.48328,49.46085],[20.4831,49.46208],[20.48163,49.46463]]}},{"type":"Feature","properties":{"kolor":"niebieski","nazwa":"European long distance path E3 - part Poland (east)"},"geometry":{"type":"LineString","coordinates":[[20.48242,49.46531],[20.48163,49.46463]]}},{"type":"Feature","properties":{"kolor":"niebieski","nazwa":"European long distance path E3 - part Poland (east)"},"geometry":{"type":"LineString","coordinates":[[20.48348,49.46577],[20.48242,49.46531]]}},{"type":"Feature","properties":{"kolor":"niebieski","nazwa":"European long distance path E3 - part Poland (east)"},"geometry":{"type":"LineString","coordinates":[[20.48569,49.46586],[20.48507,49.46599],[20.48348,49.46577]]}},{"type":"Feature","properties":{"kolor":"niebieski","nazwa":"European long distance path E3 - part Poland (east)"},"geometry":{"type":"LineString","coordinates":[[20.48569,49.46586],[20.48682,49.46549],[20.48744,49.46616],[20.48769,49.46676]]}},{"type":"Feature","properties":{"kolor":"niebieski","nazwa":"European long distance path E3 - part Poland (east)"},"geometry":{"type":"LineString","coordinates":[[20.49259,49.46725],[20.49061,49.4671],[20.48946,49.46686],[20.48769,49.46676]]}},{"type":"Feature","properties":{"kolor":"niebieski","nazwa":"European long distance path E3 - part Poland (east)"},"geometry":{"type":"LineString","coordinates":[[20.49805,49.47002],[20.49742,49.46933],[20.4956,49.46854],[20.49515,49.46769],[20.49487,49.46748],[20.49435,49.46732],[20.49259,49.46725]]}},{"type":"Feature","properties":{"kolor":"niebieski","nazwa":"European long distance path E3 - part Poland (east)"},"geometry":{"type":"LineString","coordinates":[[20.50083,49.47277],[20.49994,49.47239],[20.49923,49.47134],[20.49855,49.47082],[20.4983,49.4702],[20.49805,49.47002]]}},{"type":"Feature","properties":{"kolor":"niebieski","nazwa":"European long distance path E3 - part Poland (east)"},"geometry":{"type":"LineString","coordinates":[[20.50623,49.47187],[20.50573,49.47195],[20.50463,49.47186],[20.50083,49.47277]]}},{"type":"Feature","properties":{"kolor":"niebieski","nazwa":"European long distance path E3 - part Poland (east)"},"geometry":{"type":"LineString","coordinates":[[20.55175,49.46844],[20.5493,49.4696],[20.54767,49.46989],[20.54667,49.46994],[20.54517,49.46929],[20.54487,49.46934],[20.54431,49.47027],[20.5424,49.47205],[20.541,49.47249],[20.5402,49.47262],[20.53548,49.47291],[20.53389,49.47275],[20.53254,49.47236],[20.53014,49.47258],[20.52886,49.4725],[20.52781,49.47237],[20.52624,49.4719],[20.52417,49.47205],[20.52038,49.47303],[20.51877,49.47277],[20.51827,49.47279],[20.51616,49.47293],[20.51507,49.47325],[20.51292,49.47346],[20.51249,49.47322],[20.51074,49.47267],[20.50858,49.47224],[20.50724,49.47178],[20.50679,49.47174],[20.50623,49.47187]]}},{"type":"Feature","properties":{"kolor":"niebieski","nazwa":"European long distance path E3 - part Poland (east)"},"geometry":{"type":"LineString","coordinates":[[20.55368,49.4668],[20.55175,49.46844]]}},{"type":"Feature","properties":{"kolor":"niebieski","nazwa":"European long distance path E3 - part Poland (east)"},"geometry":{"type":"LineString","coordinates":[[20.57614,49.4657],[20.57452,49.46601],[20.57209,49.46551],[20.57167,49.46565],[20.57133,49.46593],[20.57034,49.46617],[20.56914,49.46669],[20.56833,49.46683],[20.56694,49.46686]]}},{"type":"Feature","properties":{"kolor":"niebieski","nazwa":"European long distance path E3 - part Poland (east)"},"geometry":{"type":"LineString","coordinates":[[20.57734,49.46496],[20.57675,49.46544],[20.57614,49.4657]]}},{"type":"Feature","properties":{"kolor":"niebieski","nazwa":"European long distance path E3 - part Poland (east)"},"geometry":{"type":"LineString","coordinates":[[20.57759,49.46339],[20.57734,49.46496]]}},{"type":"Feature","properties":{"kolor":"niebieski","nazwa":"European long distance path E3 - part Poland (east)"},"geometry":{"type":"LineString","coordinates":[[20.58966,49.45314],[20.58719,49.45296],[20.58581,49.4533],[20.58488,49.45326],[20.58366,49.45342],[20.58179,49.45398],[20.58101,49.45491],[20.58091,49.45578],[20.57963,49.45701],[20.57903,49.45794],[20.5776,49.45928],[20.57826,49.4614],[20.57764,49.46231],[20.57759,49.46339]]}},{"type":"Feature","properties":{"kolor":"niebieski","nazwa":"European long distance path E3 - part Poland (east)"},"geometry":{"type":"LineString","coordinates":[[20.59526,49.45231],[20.59438,49.45286],[20.593,49.45319],[20.59169,49.45305],[20.58966,49.45314]]}},{"type":"Feature","properties":{"kolor":"niebieski","nazwa":"European long distance path E3 - part Poland (east)"},"geometry":{"type":"LineString","coordinates":[[20.60413,49.44928],[20.60328,49.4497],[20.60132,49.45035],[20.59922,49.45091],[20.59875,49.45092],[20.59757,49.45161],[20.59643,49.45205],[20.59526,49.45231]]}},{"type":"Feature","properties":{"kolor":"niebieski","nazwa":"European long distance path E3 - part Poland (east)"},"geometry":{"type":"LineString","coordinates":[[20.6056,49.4434],[20.60541,49.445],[20.60619,49.44694],[20.60686,49.44803],[20.60649,49.44847],[20.60413,49.44928]]}},{"type":"Feature","properties":{"kolor":"niebieski","nazwa":"European long distance path E3 - part Poland (east)"},"geometry":{"type":"LineString","coordinates":[[20.60558,49.44332],[20.6056,49.4434]]}},{"type":"Feature","properties":{"kolor":"niebieski","nazwa":"European long distance path E3 - part Poland (east)"},"geometry":{"type":"LineString","coordinates":[[20.60639,49.44267],[20.60585,49.44297],[20.60558,49.44332]]}},{"type":"Feature","properties":{"kolor":"niebieski","nazwa":"European long distance path E3 - part Poland (east)"},"geometry":{"type":"LineString","coordinates":[[20.61058,49.43813],[20.60983,49.43908],[20.60822,49.44024],[20.60795,49.44155],[20.60759,49.44189],[20.60703,49.44211],[20.60639,49.44267]]}},{"type":"Feature","properties":{"kolor":"niebieski","nazwa":"European long distance path E3 - part Poland (east)"},"geometry":{"type":"LineString","coordinates":[[20.61674,49.43908],[20.61522,49.43926],[20.61408,49.4392],[20.61301,49.43901],[20.61098,49.43817],[20.61058,49.43813]]}},{"type":"Feature","properties":{"kolor":"niebieski","nazwa":"European long distance path E3 - part Poland (east)"},"geometry":{"type":"LineString","coordinates":[[20.62897,49.44082],[20.62739,49.44104],[20.62644,49.44081],[20.62407,49.43996],[20.62287,49.43992],[20.62203,49.43972],[20.61972,49.4395],[20.61877,49.43924],[20.61674,49.43908]]}},{"type":"Feature","properties":{"kolor":"niebieski","nazwa":"European long distance path E3 - part Poland (east)"},"geometry":{"type":"LineString","coordinates":[[20.63617,49.44341],[20.63511,49.44256],[20.63491,49.44225],[20.63401,49.44173],[20.6329,49.44128],[20.63147,49.44095],[20.62897,49.44082]]}},{"type":"Feature","properties":{"kolor":"niebieski","nazwa":"European long distance path E3 - part Poland (east)"},"geometry":{"type":"LineString","coordinates":[[20.64511,49.44541],[20.64407,49.44576],[20.64284,49.44597],[20.64126,49.44598],[20.64021,49.44581],[20.63857,49.44521],[20.63687,49.44381],[20.63617,49.44341]]}},{"type":"Feature","properties":{"kolor":"niebieski","nazwa":"European long distance path E3 - part Poland (east)"},"geometry":{"type":"LineString","coordinates":[[20.64643,49.44531],[20.64511,49.44541]]}},{"type":"Feature","properties":{"kolor":"niebieski","nazwa":"European long distance path E3 - part Poland (east)"},"geometry":{"type":"LineString","coordinates":[[20.64709,49.44571],[20.64643,49.44531]]}},{"type":"Feature","properties":{"kolor":"niebieski","nazwa":"European long distance path E3 - part Poland (east)"},"geometry":{"type":"LineString","coordinates":[[20.65776,49.44986],[20.65609,49.4495],[20.65424,49.4493],[20.65275,49.44891],[20.65229,49.44867],[20.65138,49.44868],[20.65078,49.44837],[20.64993,49.44744],[20.64709,49.44571]]}},{"type":"Feature","properties":{"kolor":"niebieski","nazwa":"European long distance path E3 - part Poland (east)"},"geometry":{"type":"LineString","coordinates":[[20.66068,49.45232],[20.65982,49.45148],[20.65921,49.45118],[20.65859,49.4511],[20.6582,49.45081],[20.65776,49.44986]]}},{"type":"Feature","properties":{"kolor":"niebieski","nazwa":"European long distance path E3 - part Poland (east)"},"geometry":{"type":"LineString","coordinates":[[20.66311,49.4748],[20.66307,49.47353],[20.66231,49.47277],[20.66195,49.47154],[20.66235,49.47018],[20.66187,49.46896],[20.66225,49.46793],[20.66186,49.46751],[20.66133,49.46648],[20.66191,49.46541],[20.66241,49.4649],[20.66245,49.4638],[20.66305,49.46322],[20.6646,49.46231],[20.66655,49.46085],[20.66704,49.46065],[20.6671,49.46029],[20.66662,49.45942],[20.66589,49.45879],[20.66499,49.45738],[20.66478,49.45681],[20.66519,49.45533],[20.66404,49.45359],[20.66144,49.45297],[20.66068,49.45232]]}},{"type":"Feature","properties":{"kolor":"niebieski","nazwa":"European long distance path E3 - part Poland (east)"},"geometry":{"type":"LineString","coordinates":[[20.66321,49.47655],[20.66295,49.47632],[20.66282,49.47562],[20.66311,49.4748]]}},{"type":"Feature","properties":{"kolor":"niebieski","nazwa":"European long distance path E3 - part Poland (east)"},"geometry":{"type":"LineString","coordinates":[[20.66454,49.47888],[20.66465,49.47796],[20.66375,49.47694],[20.66321,49.47655]]}},{"type":"Feature","properties":{"kolor":"niebieski","nazwa":"European long distance path E3 - part Poland (east)"},"geometry":{"type":"LineString","coordinates":[[20.66545,49.48148],[20.66526,49.48042],[20.66571,49.47902],[20.66454,49.47888]]}},{"type":"Feature","properties":{"kolor":"niebieski","nazwa":"European long distance path E3 - part Poland (east)"},"geometry":{"type":"LineString","coordinates":[[20.66929,49.48391],[20.66737,49.48332],[20.66545,49.48148]]}},{"type":"Feature","properties":{"kolor":"niebieski","nazwa":"European long distance path E3 - part Poland (east)"},"geometry":{"type":"LineString","coordinates":[[20.67255,49.48495],[20.67087,49.48456],[20.66929,49.48391]]}},{"type":"Feature","properties":{"kolor":"niebieski","nazwa":"European long distance path E3 - part Poland (east)"},"geometry":{"type":"LineString","coordinates":[[20.67404,49.48498],[20.67255,49.48495]]}},{"type":"Feature","properties":{"kolor":"niebieski","nazwa":"European long distance path E3 - part Poland (east)"},"geometry":{"type":"LineString","coordinates":[[20.67521,49.48491],[20.67404,49.48498]]}},{"type":"Feature","properties":{"kolor":"niebieski","nazwa":"European long distance path E3 - part Poland (east)"},"geometry":{"type":"LineString","coordinates":[[20.67826,49.4878],[20.67769,49.48683],[20.67558,49.48495],[20.67521,49.48491]]}},{"type":"Feature","properties":{"kolor":"niebieski","nazwa":"European long distance path E3 - part Poland (east)"},"geometry":{"type":"LineString","coordinates":[[20.67958,49.48856],[20.67864,49.48813],[20.67826,49.4878]]}},{"type":"Feature","properties":{"kolor":"niebieski","nazwa":"European long distance path E3 - part Poland (east)"},"geometry":{"type":"LineString","coordinates":[[20.68142,49.48858],[20.67958,49.48856]]}},{"type":"Feature","properties":{"kolor":"niebieski","nazwa":"European long distance path E3 - part Poland (east)"},"geometry":{"type":"LineString","coordinates":[[20.68032,49.48475],[20.68088,49.48459]]}},{"type":"Feature","properties":{"kolor":"niebieski","nazwa":"European long distance path E3 - part Poland (east)"},"geometry":{"type":"LineString","coordinates":[[20.68088,49.48459],[20.68232,49.48396]]}},{"type":"Feature","properties":{"kolor":"niebieski","nazwa":"European long distance path E3 - part Poland (east)"},"geometry":{"type":"LineString","coordinates":[[20.68232,49.48396],[20.683,49.48366]]}},{"type":"Feature","properties":{"kolor":"niebieski","nazwa":"European long distance path E3 - part Poland (east)"},"geometry":{"type":"LineString","coordinates":[[20.68794,49.48768],[20.68754,49.4875],[20.68605,49.48731],[20.68553,49.48653],[20.68526,49.48636],[20.68519,49.486],[20.6847,49.48597],[20.6838,49.48567]]}},{"type":"Feature","properties":{"kolor":"niebieski","nazwa":"European long distance path E3 - part Poland (east)"},"geometry":{"type":"LineString","coordinates":[[20.68859,49.4879],[20.68794,49.48768]]}},{"type":"Feature","properties":{"kolor":"niebieski","nazwa":"European long distance path E3 - part Poland (east)"},"geometry":{"type":"LineString","coordinates":[[20.68963,49.48708],[20.68891,49.48657],[20.68862,49.48662],[20.68836,49.48695],[20.68832,49.4875],[20.68859,49.4879]]}},{"type":"Feature","properties":{"kolor":"niebieski","nazwa":"European long distance path E3 - part Poland (east)"},"geometry":{"type":"LineString","coordinates":[[20.69312,49.48661],[20.69113,49.48716],[20.68963,49.48708]]}},{"type":"Feature","properties":{"kolor":"niebieski","nazwa":"European long distance path E3 - part Poland (east)"},"geometry":{"type":"LineString","coordinates":[[20.69634,49.48613],[20.69555,49.48629],[20.69461,49.4863],[20.69312,49.48661]]}},{"type":"Feature","properties":{"kolor":"niebieski","nazwa":"European long distance path E3 - part Poland (east)"},"geometry":{"type":"LineString","coordinates":[[20.69797,49.4858],[20.69634,49.48613]]}},{"type":"Feature","properties":{"kolor":"niebieski","nazwa":"European long distance path E3 - part Poland (east)"},"geometry":{"type":"LineString","coordinates":[[20.70331,49.48398],[20.70202,49.4837],[20.70151,49.48385],[20.70121,49.4841],[20.69981,49.48475],[20.69873,49.48561],[20.69797,49.4858]]}},{"type":"Feature","properties":{"kolor":"niebieski","nazwa":"European long distance path E3 - part Poland (east)"},"geometry":{"type":"LineString","coordinates":[[20.71002,49.49095],[20.70947,49.49023],[20.70839,49.4894],[20.70824,49.48894],[20.7078,49.48852],[20.70746,49.48777],[20.70753,49.48748],[20.70722,49.4872],[20.70705,49.48674],[20.70618,49.48617],[20.70492,49.48575],[20.70438,49.48485],[20.70375,49.48451],[20.70331,49.48398]]}},{"type":"Feature","properties":{"kolor":"niebieski","nazwa":"European long distance path E3 - part Poland (east)"},"geometry":{"type":"LineString","coordinates":[[20.71577,49.49251],[20.71467,49.4923],[20.71376,49.49187],[20.71002,49.49095]]}},{"type":"Feature","properties":{"kolor":"niebieski","nazwa":"European long distance path E3 - part Poland (east)"},"geometry":{"type":"LineString","coordinates":[[20.72567,49.49276],[20.72457,49.4926],[20.72362,49.49276],[20.72302,49.49236],[20.7225,49.49229],[20.72,49.49282],[20.71807,49.49306],[20.71636,49.49274],[20.71577,49.49251]]}},{"type":"Feature","properties":{"kolor":"niebieski","nazwa":"European long distance path E3 - part Poland (east)"},"geometry":{"type":"LineString","coordinates":[[20.72622,49.49402],[20.72596,49.494],[20.72563,49.49372],[20.72567,49.49276]]}},{"type":"Feature","properties":{"kolor":"niebieski","nazwa":"European long distance path E3 - part Poland (east)"},"geometry":{"type":"LineString","coordinates":[[20.73407,49.48986],[20.73323,49.49026],[20.73205,49.4906],[20.72815,49.49255],[20.72787,49.49294],[20.72721,49.49332],[20.72661,49.49389],[20.72622,49.49402]]}},{"type":"Feature","properties":{"kolor":"niebieski","nazwa":"European long distance path E3 - part Poland (east)"},"geometry":{"type":"LineString","coordinates":[[20.73407,49.48986],[20.73546,49.48965],[20.73714,49.48996],[20.73912,49.48998],[20.74107,49.4894],[20.74146,49.48917]]}},{"type":"Feature","properties":{"kolor":"niebieski","nazwa":"European long distance path E3 - part Poland (east)"},"geometry":{"type":"LineString","coordinates":[[20.74146,49.48917],[20.74268,49.48816],[20.74262,49.48751],[20.74289,49.487],[20.74416,49.48638],[20.74754,49.48613],[20.74828,49.4857]]}},{"type":"Feature","properties":{"kolor":"niebieski","nazwa":"European long distance path E3 - part Poland (east)"},"geometry":{"type":"LineString","coordinates":[[20.74828,49.4857],[20.74867,49.4853],[20.7496,49.4852],[20.75021,49.48491],[20.75185,49.48329],[20.75241,49.48302],[20.75336,49.48205]]}},{"type":"Feature","properties":{"kolor":"niebieski","nazwa":"European long distance path E3 - part Poland (east)"},"geometry":{"type":"LineString","coordinates":[[20.75336,49.48205],[20.75445,49.48075],[20.75513,49.48064],[20.75628,49.48081]]}},{"type":"Feature","properties":{"kolor":"niebieski","nazwa":"European long distance path E3 - part Poland (east)"},"geometry":{"type":"LineString","coordinates":[[20.75628,49.48081],[20.75724,49.48075]]}},{"type":"Feature","properties":{"kolor":"niebieski","nazwa":"European long distance path E3 - part Poland (east)"},"geometry":{"type":"LineString","coordinates":[[20.75724,49.48075],[20.75848,49.48089],[20.75974,49.48048],[20.76006,49.48021],[20.76152,49.47987],[20.76315,49.4805],[20.76479,49.48082]]}},{"type":"Feature","properties":{"kolor":"niebieski","nazwa":"European long distance path E3 - part Poland (east)"},"geometry":{"type":"LineString","coordinates":[[20.76479,49.48082],[20.76699,49.48143],[20.76894,49.48155],[20.76945,49.48172],[20.77033,49.48225]]}},{"type":"Feature","properties":{"kolor":"zolty","nazwa":"Piwniczna-Zdrój - Frycowa"},"geometry":{"type":"LineString","coordinates":[[20.71723,49.44048],[20.71738,49.44052]]}},{"type":"Feature","properties":{"kolor":"zolty","nazwa":"Piwniczna-Zdrój - Frycowa"},"geometry":{"type":"LineString","coordinates":[[20.71738,49.44052],[20.71755,49.44057]]}},{"type":"Feature","properties":{"kolor":"zolty","nazwa":"Piwniczna-Zdrój - Frycowa"},"geometry":{"type":"LineString","coordinates":[[20.71755,49.44057],[20.71879,49.44085]]}},{"type":"Feature","properties":{"kolor":"zolty","nazwa":"Piwniczna-Zdrój - Frycowa"},"geometry":{"type":"LineString","coordinates":[[20.71881,49.44121],[20.71879,49.44085]]}},{"type":"Feature","properties":{"kolor":"zolty","nazwa":"Piwniczna-Zdrój - Frycowa"},"geometry":{"type":"LineString","coordinates":[[20.71904,49.44261],[20.71881,49.44121]]}},{"type":"Feature","properties":{"kolor":"zolty","nazwa":"Piwniczna-Zdrój - Frycowa"},"geometry":{"type":"LineString","coordinates":[[20.71874,49.44547],[20.719,49.44498],[20.71927,49.44368],[20.71904,49.44261]]}},{"type":"Feature","properties":{"kolor":"zolty","nazwa":"Piwniczna-Zdrój - Frycowa"},"geometry":{"type":"LineString","coordinates":[[20.71515,49.44736],[20.71677,49.44725],[20.71874,49.44547]]}},{"type":"Feature","properties":{"kolor":"zolty","nazwa":"Piwniczna-Zdrój - Frycowa"},"geometry":{"type":"LineString","coordinates":[[20.71515,49.44736],[20.71466,49.44788],[20.71468,49.4481],[20.7152,49.4486],[20.71606,49.44915]]}},{"type":"Feature","properties":{"kolor":"zolty","nazwa":"Piwniczna-Zdrój - Frycowa"},"geometry":{"type":"LineString","coordinates":[[20.71606,49.44915],[20.71944,49.45085]]}},{"type":"Feature","properties":{"kolor":"zolty","nazwa":"Piwniczna-Zdrój - Frycowa"},"geometry":{"type":"LineString","coordinates":[[20.71944,49.45085],[20.72112,49.45162],[20.72147,49.45219],[20.72251,49.45284]]}},{"type":"Feature","properties":{"kolor":"zolty","nazwa":"Piwniczna-Zdrój - Frycowa"},"geometry":{"type":"LineString","coordinates":[[20.72251,49.45284],[20.72405,49.45325],[20.72386,49.45265],[20.72357,49.4523],[20.72375,49.4521],[20.7247,49.4519],[20.72548,49.45154],[20.72731,49.45131],[20.73021,49.45026],[20.73203,49.45017],[20.73296,49.4503]]}},{"type":"Feature","properties":{"kolor":"zolty","nazwa":"Piwniczna-Zdrój - Frycowa"},"geometry":{"type":"LineString","coordinates":[[20.73296,49.4503],[20.73481,49.45102],[20.73602,49.45163],[20.73642,49.45246],[20.73639,49.45314]]}},{"type":"Feature","properties":{"kolor":"zolty","nazwa":"Piwniczna-Zdrój - Frycowa"},"geometry":{"type":"LineString","coordinates":[[20.73639,49.45314],[20.73644,49.4552],[20.73657,49.45543],[20.73694,49.45566],[20.73826,49.4559],[20.73917,49.45653]]}},{"type":"Feature","properties":{"kolor":"zolty","nazwa":"Piwniczna-Zdrój - Frycowa"},"geometry":{"type":"LineString","coordinates":[[20.73917,49.45653],[20.73878,49.45855],[20.73943,49.46013],[20.73952,49.46277],[20.74028,49.4642]]}},{"type":"Feature","properties":{"kolor":"zolty","nazwa":"Piwniczna-Zdrój - Frycowa"},"geometry":{"type":"LineString","coordinates":[[20.74183,49.4706],[20.7416,49.46963],[20.74228,49.46765],[20.74196,49.46721],[20.74061,49.46635],[20.74087,49.46576],[20.74081,49.46539],[20.74029,49.46459],[20.74028,49.4642]]}},{"type":"Feature","properties":{"kolor":"zolty","nazwa":"Piwniczna-Zdrój - Frycowa"},"geometry":{"type":"LineString","coordinates":[[20.74236,49.47312],[20.74183,49.47177],[20.74199,49.47126],[20.74183,49.4706]]}},{"type":"Feature","properties":{"kolor":"zolty","nazwa":"Piwniczna-Zdrój - Frycowa"},"geometry":{"type":"LineString","coordinates":[[20.74425,49.47581],[20.74377,49.47581],[20.74355,49.4757],[20.74229,49.47471],[20.7421,49.47396],[20.74236,49.47312]]}},{"type":"Feature","properties":{"kolor":"zolty","nazwa":"Piwniczna-Zdrój - Frycowa"},"geometry":{"type":"LineString","coordinates":[[20.75102,49.47849],[20.7472,49.47778],[20.74596,49.47728],[20.74543,49.47685],[20.74498,49.47618],[20.74425,49.47581]]}},{"type":"Feature","properties":{"kolor":"zolty","nazwa":"Piwniczna-Zdrój - Frycowa"},"geometry":{"type":"LineString","coordinates":[[20.75437,49.47906],[20.75303,49.47861],[20.75201,49.47863],[20.75102,49.47849]]}},{"type":"Feature","properties":{"kolor":"zolty","nazwa":"Piwniczna-Zdrój - Frycowa"},"geometry":{"type":"LineString","coordinates":[[20.75724,49.48075],[20.75517,49.47924],[20.75437,49.47906]]}},{"type":"Feature","properties":{"kolor":"zolty","nazwa":"Piwniczna-Zdrój - Frycowa"},"geometry":{"type":"LineString","coordinates":[[20.75724,49.48075],[20.75848,49.48089],[20.75974,49.48048],[20.76006,49.48021],[20.76152,49.47987],[20.76315,49.4805],[20.76479,49.48082]]}},{"type":"Feature","properties":{"kolor":"zolty","nazwa":"Piwniczna-Zdrój - Frycowa"},"geometry":{"type":"LineString","coordinates":[[20.76479,49.48082],[20.76699,49.48143],[20.76894,49.48155],[20.76945,49.48172],[20.77033,49.48225]]}},{"type":"Feature","properties":{"kolor":"zolty","nazwa":"Piwniczna-Zdrój - Frycowa"},"geometry":{"type":"LineString","coordinates":[[20.7693,49.49356],[20.76856,49.49338],[20.7665,49.49396],[20.76518,49.49414],[20.76449,49.49441],[20.76395,49.49407],[20.76382,49.49363],[20.76398,49.49299],[20.76428,49.4927],[20.7652,49.49239],[20.76586,49.49195],[20.76672,49.49165],[20.76917,49.49006],[20.76936,49.48922],[20.76863,49.48638],[20.76904,49.48618],[20.77012,49.48418],[20.77071,49.4836],[20.7707,49.48267],[20.77033,49.48225]]}},{"type":"Feature","properties":{"kolor":"zolty","nazwa":"Piwniczna-Zdrój - Frycowa"},"geometry":{"type":"LineString","coordinates":[[20.77361,49.49794],[20.77295,49.49713],[20.77186,49.49673],[20.77196,49.49605],[20.77098,49.49485],[20.77005,49.49424],[20.7693,49.49356]]}},{"type":"Feature","properties":{"kolor":"zielony","nazwa":"Maniowy - polana Kudów"},"geometry":{"type":"LineString","coordinates":[[20.29269,49.47512],[20.2925,49.47544],[20.29203,49.47566],[20.2913,49.47635],[20.29108,49.47693],[20.29061,49.4773],[20.29062,49.47856],[20.29143,49.47973],[20.2917,49.48291],[20.2936,49.48415],[20.29448,49.48525],[20.29513,49.48576],[20.29529,49.48598],[20.29529,49.48653],[20.29586,49.48721],[20.29714,49.48781],[20.29765,49.48839],[20.2975,49.48868],[20.29757,49.48932],[20.29777,49.48962],[20.29776,49.49044],[20.29864,49.49124]]}},{"type":"Feature","properties":{"kolor":"zielony","nazwa":"Maniowy - polana Kudów"},"geometry":{"type":"LineString","coordinates":[[20.28965,49.46336],[20.28974,49.46361],[20.28942,49.46437],[20.28929,49.46594],[20.28958,49.46622],[20.28962,49.46679],[20.29015,49.46711],[20.2904,49.46794],[20.29127,49.46902],[20.2911,49.46951],[20.29046,49.47021],[20.2901,49.47161],[20.29054,49.47213],[20.29185,49.47246],[20.29228,49.4727],[20.29279,49.47377],[20.29285,49.4745],[20.29269,49.47512]]}},{"type":"Feature","properties":{"kolor":"zielony","nazwa":"Maniowy - polana Kudów"},"geometry":{"type":"LineString","coordinates":[[20.28965,49.46336],[20.28665,49.46474],[20.28647,49.46533]]}},{"type":"Feature","properties":{"kolor":"zielony","nazwa":"Maniowy - polana Kudów"},"geometry":{"type":"LineString","coordinates":[[20.28647,49.46533],[20.28629,49.46533]]}},{"type":"Feature","properties":{"kolor":"zielony","nazwa":"Maniowy - polana Kudów"},"geometry":{"type":"LineString","coordinates":[[20.28629,49.46533],[20.28513,49.46484],[20.28394,49.46469],[20.28297,49.46438]]}},{"type":"Feature","properties":{"kolor":"zielony","nazwa":"Maniowy - polana Kudów"},"geometry":{"type":"LineString","coordinates":[[20.28326,49.45992],[20.28198,49.46088],[20.28185,49.46156],[20.28223,49.46216],[20.28222,49.46257],[20.28271,49.4633],[20.28297,49.46438]]}},{"type":"Feature","properties":{"kolor":"zielony","nazwa":"Maniowy - polana Kudów"},"geometry":{"type":"LineString","coordinates":[[20.2792,49.46072],[20.28071,49.46053],[20.28284,49.4601],[20.28326,49.45992]]}},{"type":"Feature","properties":{"kolor":"zielony","nazwa":"Maniowy - polana Kudów"},"geometry":{"type":"LineString","coordinates":[[20.2792,49.46072],[20.2784,49.46119],[20.27192,49.46321],[20.27148,49.4632],[20.26889,49.46242]]}},{"type":"Feature","properties":{"kolor":"zielony","nazwa":"Maniowy - polana Kudów"},"geometry":{"type":"LineString","coordinates":[[20.26889,49.46242],[20.26667,49.46237]]}},{"type":"Feature","properties":{"kolor":"zielony","nazwa":"Maniowy - polana Kudów"},"geometry":{"type":"LineString","coordinates":[[20.26667,49.46237],[20.26604,49.46239]]}},{"type":"Feature","properties":{"kolor":"zielony","nazwa":"Maniowy - polana Kudów"},"geometry":{"type":"LineString","coordinates":[[20.26604,49.46239],[20.2648,49.45938]]}},{"type":"Feature","properties":{"kolor":"zielony","nazwa":"Maniowy - polana Kudów"},"geometry":{"type":"LineString","coordinates":[[20.2648,49.45938],[20.26548,49.45925]]}},{"type":"Feature","properties":{"kolor":"zielony","nazwa":"Maniowy - polana Kudów"},"geometry":{"type":"LineString","coordinates":[[20.26548,49.45925],[20.26482,49.45785],[20.26391,49.45649]]}},{"type":"Feature","properties":{"kolor":"zolty","nazwa":"Osada turystyczna Czorsztyn - Lubań"},"geometry":{"type":"LineString","coordinates":[[20.29159,49.44201],[20.29134,49.44285],[20.29138,49.44341],[20.29168,49.44397],[20.29253,49.44463]]}},{"type":"Feature","properties":{"kolor":"zolty","nazwa":"Osada turystyczna Czorsztyn - Lubań"},"geometry":{"type":"LineString","coordinates":[[20.29147,49.45048],[20.29122,49.44972],[20.29159,49.44825],[20.29097,49.44743],[20.29013,49.44666],[20.28999,49.44616],[20.29032,49.44568],[20.29253,49.44463]]}},{"type":"Feature","properties":{"kolor":"zolty","nazwa":"Osada turystyczna Czorsztyn - Lubań"},"geometry":{"type":"LineString","coordinates":[[20.29181,49.45062],[20.29147,49.45048]]}},{"type":"Feature","properties":{"kolor":"zolty","nazwa":"Osada turystyczna Czorsztyn - Lubań"},"geometry":{"type":"LineString","coordinates":[[20.29356,49.45149],[20.29238,49.45099],[20.29181,49.45062]]}},{"type":"Feature","properties":{"kolor":"zolty","nazwa":"Osada turystyczna Czorsztyn - Lubań"},"geometry":{"type":"LineString","coordinates":[[20.29422,49.45139],[20.29356,49.45149]]}},{"type":"Feature","properties":{"kolor":"zolty","nazwa":"Osada turystyczna Czorsztyn - Lubań"},"geometry":{"type":"LineString","coordinates":[[20.29422,49.45139],[20.296,49.45184]]}},{"type":"Feature","properties":{"kolor":"zolty","nazwa":"Osada turystyczna Czorsztyn - Lubań"},"geometry":{"type":"LineString","coordinates":[[20.296,49.45184],[20.29622,49.45241],[20.29672,49.45281],[20.29783,49.45311],[20.29827,49.45341],[20.29852,49.45381],[20.29845,49.4542]]}},{"type":"Feature","properties":{"kolor":"zolty","nazwa":"Osada turystyczna Czorsztyn - Lubań"},"geometry":{"type":"LineString","coordinates":[[20.29845,49.4542],[20.29717,49.45566],[20.2967,49.4565],[20.29667,49.45718],[20.29717,49.459]]}},{"type":"Feature","properties":{"kolor":"zolty","nazwa":"Osada turystyczna Czorsztyn - Lubań"},"geometry":{"type":"LineString","coordinates":[[20.29717,49.459],[20.29731,49.45899]]}},{"type":"Feature","properties":{"kolor":"zolty","nazwa":"Osada turystyczna Czorsztyn - Lubań"},"geometry":{"type":"LineString","coordinates":[[20.29731,49.45899],[20.29741,49.45957]]}},{"type":"Feature","properties":{"kolor":"zolty","nazwa":"Osada turystyczna Czorsztyn - Lubań"},"geometry":{"type":"LineString","coordinates":[[20.29741,49.45957],[20.29775,49.45965],[20.30023,49.46121]]}},{"type":"Feature","properties":{"kolor":"zolty","nazwa":"Osada turystyczna Czorsztyn - Lubań"},"geometry":{"type":"LineString","coordinates":[[20.30051,49.46141],[20.30023,49.46121]]}},{"type":"Feature","properties":{"kolor":"zolty","nazwa":"Osada turystyczna Czorsztyn - Lubań"},"geometry":{"type":"LineString","coordinates":[[20.30051,49.46141],[20.30124,49.46223],[20.3016,49.46297],[20.30204,49.46328],[20.30278,49.46413],[20.30444,49.46527],[20.30549,49.46634]]}},{"type":"Feature","properties":{"kolor":"zolty","nazwa":"Osada turystyczna Czorsztyn - Lubań"},"geometry":{"type":"LineString","coordinates":[[20.30549,49.46634],[20.30675,49.46719],[20.30726,49.46774],[20.30807,49.46905],[20.30838,49.46999],[20.30865,49.47036],[20.30961,49.47104],[20.30989,49.47144],[20.3106,49.47371],[20.31065,49.4754],[20.31087,49.47603],[20.31181,49.47678],[20.31283,49.47703]]}},{"type":"Feature","properties":{"kolor":"zolty","nazwa":"Osada turystyczna Czorsztyn - Lubań"},"geometry":{"type":"LineString","coordinates":[[20.31362,49.48688],[20.31409,49.48637],[20.31425,49.48588],[20.31381,49.48532],[20.31382,49.48474],[20.31365,49.48444],[20.31266,49.48372],[20.31234,49.48334],[20.31266,49.48276],[20.31277,49.48212],[20.31247,49.4808],[20.31317,49.47907],[20.31364,49.47859],[20.31376,49.47807],[20.31359,49.47765],[20.31283,49.47703]]}},{"type":"Feature","properties":{"kolor":"zolty","nazwa":"Osada turystyczna Czorsztyn - Lubań"},"geometry":{"type":"LineString","coordinates":[[20.31778,49.491],[20.31626,49.4905],[20.31572,49.49005],[20.3146,49.48975],[20.31339,49.48893],[20.31351,49.48829],[20.3134,49.48767],[20.31362,49.48688]]}},{"type":"Feature","properties":{"kolor":"zolty","nazwa":"Osada turystyczna Czorsztyn - Lubań"},"geometry":{"type":"LineString","coordinates":[[20.31778,49.491],[20.32094,49.49098],[20.32269,49.49123],[20.32506,49.49124],[20.32606,49.49102],[20.32765,49.49041],[20.32843,49.49058],[20.32997,49.4906]]}},{"type":"Feature","properties":{"kolor":"zolty","nazwa":"Osada turystyczna Czorsztyn - Lubań"},"geometry":{"type":"LineString","coordinates":[[20.32997,49.4906],[20.33276,49.49051]]}},{"type":"Feature","properties":{"kolor":"zolty","nazwa":"Osada turystyczna Czorsztyn - Lubań"},"geometry":{"type":"LineString","coordinates":[[20.33276,49.49051],[20.33434,49.49002],[20.3349,49.48953],[20.33522,49.48863],[20.3348,49.48742]]}},{"type":"Feature","properties":{"kolor":"zolty","nazwa":"Osada turystyczna Czorsztyn - Lubań"},"geometry":{"type":"LineString","coordinates":[[20.33553,49.48736],[20.3348,49.48742]]}},{"type":"Feature","properties":{"kolor":"zolty","nazwa":"Osada turystyczna Czorsztyn - Lubań"},"geometry":{"type":"LineString","coordinates":[[20.33553,49.48736],[20.33591,49.48741]]}},{"type":"Feature","properties":{"kolor":"zolty","nazwa":"Osada turystyczna Czorsztyn - Lubań"},"geometry":{"type":"LineString","coordinates":[[20.33986,49.48734],[20.33745,49.48778],[20.33692,49.48777],[20.33591,49.48741]]}},{"type":"Feature","properties":{"kolor":"zolty","nazwa":"Osada turystyczna Czorsztyn - Lubań"},"geometry":{"type":"LineString","coordinates":[[20.33986,49.48734],[20.3405,49.4873]]}},{"type":"Feature","properties":{"kolor":"zolty","nazwa":"Osada turystyczna Czorsztyn - Lubań"},"geometry":{"type":"LineString","coordinates":[[20.3405,49.4873],[20.34088,49.4878]]}},{"type":"Feature","properties":{"kolor":"zielony","nazwa":"Jazowsko-Prehyba"},"geometry":{"type":"LineString","coordinates":[[20.5177,49.5296],[20.5168,49.52922]]}},{"type":"Feature","properties":{"kolor":"zielony","nazwa":"Jazowsko-Prehyba"},"geometry":{"type":"LineString","coordinates":[[20.5168,49.52922],[20.51625,49.52877],[20.51478,49.52822]]}},{"type":"Feature","properties":{"kolor":"zielony","nazwa":"Jazowsko-Prehyba"},"geometry":{"type":"LineString","coordinates":[[20.51478,49.52822],[20.51253,49.52646]]}},{"type":"Feature","properties":{"kolor":"zielony","nazwa":"Jazowsko-Prehyba"},"geometry":{"type":"LineString","coordinates":[[20.51253,49.52646],[20.51246,49.52612]]}},{"type":"Feature","properties":{"kolor":"zielony","nazwa":"Jazowsko-Prehyba"},"geometry":{"type":"LineString","coordinates":[[20.51246,49.52612],[20.51282,49.52483]]}},{"type":"Feature","properties":{"kolor":"zielony","nazwa":"Jazowsko-Prehyba"},"geometry":{"type":"LineString","coordinates":[[20.51282,49.52483],[20.51272,49.52463]]}},{"type":"Feature","properties":{"kolor":"zielony","nazwa":"Jazowsko-Prehyba"},"geometry":{"type":"LineString","coordinates":[[20.524,49.52692],[20.52314,49.52672],[20.52221,49.52694],[20.52172,49.52687],[20.5211,49.52712],[20.52038,49.52707],[20.51628,49.52568],[20.51362,49.52449],[20.5131,49.52445],[20.51272,49.52463]]}},{"type":"Feature","properties":{"kolor":"zielony","nazwa":"Jazowsko-Prehyba"},"geometry":{"type":"LineString","coordinates":[[20.524,49.52692],[20.52415,49.52661]]}},{"type":"Feature","properties":{"kolor":"zielony","nazwa":"Jazowsko-Prehyba"},"geometry":{"type":"LineString","coordinates":[[20.52415,49.52661],[20.52398,49.52618],[20.52333,49.52561],[20.52272,49.52447],[20.52297,49.52268],[20.52239,49.52024],[20.52241,49.5195],[20.52286,49.51876],[20.52261,49.51774],[20.52285,49.51731],[20.52368,49.51675],[20.52424,49.51608],[20.52467,49.5158],[20.52684,49.51563]]}},{"type":"Feature","properties":{"kolor":"zielony","nazwa":"Jazowsko-Prehyba"},"geometry":{"type":"LineString","coordinates":[[20.52684,49.51563],[20.52695,49.51513],[20.5266,49.51295]]}},{"type":"Feature","properties":{"kolor":"zielony","nazwa":"Jazowsko-Prehyba"},"geometry":{"type":"LineString","coordinates":[[20.5266,49.51295],[20.52674,49.51253],[20.5273,49.51195],[20.52853,49.51135],[20.52883,49.51104]]}},{"type":"Feature","properties":{"kolor":"zielony","nazwa":"Jazowsko-Prehyba"},"geometry":{"type":"LineString","coordinates":[[20.52883,49.51104],[20.52912,49.51073],[20.52913,49.51051],[20.52884,49.50877],[20.52849,49.50819],[20.52869,49.5077],[20.52899,49.50745]]}},{"type":"Feature","properties":{"kolor":"zielony","nazwa":"Jazowsko-Prehyba"},"geometry":{"type":"LineString","coordinates":[[20.52899,49.50745],[20.52995,49.50724],[20.53117,49.50658],[20.5323,49.50555],[20.53333,49.50411],[20.53419,49.50348]]}},{"type":"Feature","properties":{"kolor":"zielony","nazwa":"Jazowsko-Prehyba"},"geometry":{"type":"LineString","coordinates":[[20.53419,49.50348],[20.53456,49.50327]]}},{"type":"Feature","properties":{"kolor":"zielony","nazwa":"Jazowsko-Prehyba"},"geometry":{"type":"LineString","coordinates":[[20.53456,49.50327],[20.53475,49.5031]]}},{"type":"Feature","properties":{"kolor":"zielony","nazwa":"Jazowsko-Prehyba"},"geometry":{"type":"LineString","coordinates":[[20.53573,49.50218],[20.53505,49.50256],[20.53475,49.5031]]}},{"type":"Feature","properties":{"kolor":"zielony","nazwa":"Jazowsko-Prehyba"},"geometry":{"type":"LineString","coordinates":[[20.53573,49.50218],[20.53646,49.50187]]}},{"type":"Feature","properties":{"kolor":"zielony","nazwa":"Jazowsko-Prehyba"},"geometry":{"type":"LineString","coordinates":[[20.53646,49.50187],[20.53682,49.50158],[20.5373,49.50017],[20.5369,49.49749],[20.53754,49.49591],[20.53743,49.4955],[20.5361,49.49446],[20.53587,49.49401],[20.53612,49.49335],[20.5371,49.49231],[20.53734,49.49185],[20.53668,49.49132],[20.53164,49.49114],[20.53233,49.49059],[20.53532,49.48959],[20.53715,49.48939],[20.53766,49.48906],[20.53781,49.48849],[20.53882,49.48786]]}},{"type":"Feature","properties":{"kolor":"zielony","nazwa":"Jazowsko-Prehyba"},"geometry":{"type":"LineString","coordinates":[[20.53882,49.48786],[20.53984,49.48732],[20.53998,49.48635],[20.54099,49.486],[20.54186,49.48545]]}},{"type":"Feature","properties":{"kolor":"zielony","nazwa":"Jazowsko-Prehyba"},"geometry":{"type":"LineString","coordinates":[[20.54186,49.48545],[20.5423,49.48531],[20.54289,49.48482],[20.54325,49.4839]]}},{"type":"Feature","properties":{"kolor":"zielony","nazwa":"Jazowsko-Prehyba"},"geometry":{"type":"LineString","coordinates":[[20.54345,49.4832],[20.54351,49.48344],[20.54325,49.4839]]}},{"type":"Feature","properties":{"kolor":"zielony","nazwa":"Jazowsko-Prehyba"},"geometry":{"type":"LineString","coordinates":[[20.54345,49.4832],[20.54236,49.48185]]}},{"type":"Feature","properties":{"kolor":"zielony","nazwa":"Jazowsko-Prehyba"},"geometry":{"type":"LineString","coordinates":[[20.54236,49.48185],[20.54334,49.48026],[20.543,49.47913]]}},{"type":"Feature","properties":{"kolor":"zielony","nazwa":"Jazowsko-Prehyba"},"geometry":{"type":"LineString","coordinates":[[20.543,49.47913],[20.54296,49.47857],[20.54345,49.47757],[20.54343,49.47603],[20.54326,49.4754]]}},{"type":"Feature","properties":{"kolor":"zielony","nazwa":"Jazowsko-Prehyba"},"geometry":{"type":"LineString","coordinates":[[20.54326,49.4754],[20.54303,49.47541],[20.54293,49.47524],[20.54351,49.47437],[20.54352,49.47402]]}},{"type":"Feature","properties":{"kolor":"zielony","nazwa":"Jazowsko-Prehyba"},"geometry":{"type":"LineString","coordinates":[[20.54352,49.47402],[20.54351,49.47366],[20.54373,49.47334],[20.54529,49.47261],[20.5477,49.47096],[20.54865,49.47083],[20.54988,49.47088],[20.55047,49.47066],[20.55175,49.46844]]}},{"type":"Feature","properties":{"kolor":"zielony","nazwa":"Jazowsko-Prehyba"},"geometry":{"type":"LineString","coordinates":[[20.55368,49.4668],[20.55175,49.46844]]}},{"type":"Feature","properties":{"kolor":"niebieski","nazwa":"Obidza - Przeł.Przysłop"},"geometry":{"type":"LineString","coordinates":[[20.49828,49.47334],[20.4998,49.47273],[20.50083,49.47277]]}},{"type":"Feature","properties":{"kolor":"niebieski","nazwa":"Obidza - Przeł.Przysłop"},"geometry":{"type":"LineString","coordinates":[[20.49828,49.47334],[20.49818,49.47402],[20.49969,49.47607],[20.49932,49.47721]]}},{"type":"Feature","properties":{"kolor":"niebieski","nazwa":"Obidza - Przeł.Przysłop"},"geometry":{"type":"LineString","coordinates":[[20.49932,49.47721],[20.49906,49.47802],[20.49827,49.47827],[20.49796,49.47887],[20.49786,49.47954],[20.49811,49.48006],[20.49809,49.48049],[20.49678,49.48244],[20.49674,49.48349],[20.49656,49.48372],[20.49693,49.48472],[20.49698,49.48553],[20.49645,49.48637]]}},{"type":"Feature","properties":{"kolor":"niebieski","nazwa":"Obidza - Przeł.Przysłop"},"geometry":{"type":"LineString","coordinates":[[20.49645,49.48637],[20.49594,49.48643]]}},{"type":"Feature","properties":{"kolor":"niebieski","nazwa":"Obidza - Przeł.Przysłop"},"geometry":{"type":"LineString","coordinates":[[20.49594,49.48643],[20.49584,49.48613],[20.49496,49.48654],[20.49438,49.48712]]}},{"type":"Feature","properties":{"kolor":"niebieski","nazwa":"Obidza - Przeł.Przysłop"},"geometry":{"type":"LineString","coordinates":[[20.49438,49.48712],[20.49428,49.48752],[20.49446,49.48786],[20.49471,49.48804],[20.49566,49.48833],[20.49612,49.48946],[20.49562,49.49035],[20.49441,49.49087]]}},{"type":"Feature","properties":{"kolor":"niebieski","nazwa":"Obidza - Przeł.Przysłop"},"geometry":{"type":"LineString","coordinates":[[20.49441,49.49087],[20.49428,49.49147],[20.495,49.49229],[20.49537,49.49252],[20.49658,49.4927],[20.49759,49.49335],[20.49776,49.49397],[20.49735,49.49465]]}},{"type":"Feature","properties":{"kolor":"niebieski","nazwa":"Obidza - Przeł.Przysłop"},"geometry":{"type":"LineString","coordinates":[[20.49735,49.49465],[20.4973,49.49493]]}},{"type":"Feature","properties":{"kolor":"niebieski","nazwa":"Obidza - Przeł.Przysłop"},"geometry":{"type":"LineString","coordinates":[[20.49467,49.49554],[20.49502,49.49551],[20.49625,49.49574],[20.49685,49.49543],[20.4973,49.49493]]}},{"type":"Feature","properties":{"kolor":"niebieski","nazwa":"Obidza - Przeł.Przysłop"},"geometry":{"type":"LineString","coordinates":[[20.49467,49.49554],[20.49417,49.49632],[20.49355,49.49657],[20.4933,49.49723],[20.49262,49.49806]]}},{"type":"Feature","properties":{"kolor":"niebieski","nazwa":"Obidza - Przeł.Przysłop"},"geometry":{"type":"LineString","coordinates":[[20.49262,49.49806],[20.49191,49.49967]]}},{"type":"Feature","properties":{"kolor":"niebieski","nazwa":"Obidza - Przeł.Przysłop"},"geometry":{"type":"LineString","coordinates":[[20.49191,49.49967],[20.49107,49.50204]]}},{"type":"Feature","properties":{"kolor":"niebieski","nazwa":""},"geometry":{"type":"LineString","coordinates":[[20.6671,49.46029],[20.66764,49.46074],[20.66866,49.46119],[20.6687,49.4616],[20.6699,49.46258],[20.67087,49.46263],[20.67145,49.46299]]}},{"type":"Feature","properties":{"kolor":"niebieski","nazwa":""},"geometry":{"type":"LineString","coordinates":[[20.67145,49.46299],[20.67253,49.46321]]}},{"type":"Feature","properties":{"kolor":"niebieski","nazwa":""},"geometry":{"type":"LineString","coordinates":[[20.67253,49.46321],[20.67373,49.46379],[20.67458,49.4639]]}},{"type":"Feature","properties":{"kolor":"niebieski","nazwa":""},"geometry":{"type":"LineString","coordinates":[[20.67458,49.4639],[20.67514,49.46413],[20.67645,49.46417],[20.67769,49.46437],[20.67781,49.46453]]}},{"type":"Feature","properties":{"kolor":"niebieski","nazwa":""},"geometry":{"type":"LineString","coordinates":[[20.67781,49.46453],[20.67719,49.46515],[20.67716,49.46552]]}},{"type":"Feature","properties":{"kolor":"niebieski","nazwa":""},"geometry":{"type":"LineString","coordinates":[[20.67716,49.46552],[20.67804,49.46588],[20.68018,49.4664],[20.68114,49.46647],[20.68271,49.46691],[20.68366,49.46694]]}},{"type":"Feature","properties":{"kolor":"niebieski","nazwa":""},"geometry":{"type":"LineString","coordinates":[[20.68366,49.46694],[20.68514,49.46696],[20.6873,49.46726],[20.68883,49.46659],[20.69135,49.46673],[20.69209,49.46663],[20.69292,49.46699],[20.69369,49.46709],[20.69423,49.46759],[20.69422,49.46798]]}},{"type":"Feature","properties":{"kolor":"niebieski","nazwa":""},"geometry":{"type":"LineString","coordinates":[[20.69516,49.46902],[20.69412,49.46821],[20.69422,49.46798]]}},{"type":"Feature","properties":{"kolor":"niebieski","nazwa":""},"geometry":{"type":"LineString","coordinates":[[20.69586,49.4685],[20.69516,49.46902]]}},{"type":"Feature","properties":{"kolor":"niebieski","nazwa":""},"geometry":{"type":"LineString","coordinates":[[20.69697,49.46753],[20.69586,49.4685]]}},{"type":"Feature","properties":{"kolor":"niebieski","nazwa":""},"geometry":{"type":"LineString","coordinates":[[20.69717,49.46533],[20.69743,49.46605],[20.69743,49.46692],[20.69697,49.46753]]}},{"type":"Feature","properties":{"kolor":"niebieski","nazwa":""},"geometry":{"type":"LineString","coordinates":[[20.69717,49.46533],[20.69773,49.46522]]}},{"type":"Feature","properties":{"kolor":"niebieski","nazwa":""},"geometry":{"type":"LineString","coordinates":[[20.69773,49.46522],[20.69925,49.46488]]}},{"type":"Feature","properties":{"kolor":"niebieski","nazwa":""},"geometry":{"type":"LineString","coordinates":[[20.69935,49.46486],[20.69925,49.46488]]}},{"type":"Feature","properties":{"kolor":"niebieski","nazwa":""},"geometry":{"type":"LineString","coordinates":[[20.6999,49.47062],[20.69976,49.47113],[20.69913,49.47163],[20.69856,49.47183],[20.69784,49.47229],[20.69771,49.47272],[20.69907,49.47259],[20.70118,49.47263],[20.70194,49.47253],[20.70218,49.47262],[20.70198,49.47323],[20.70219,49.47396],[20.70151,49.47461],[20.70138,49.47539],[20.70159,49.47716],[20.70147,49.47751],[20.70162,49.4779],[20.70209,49.478],[20.70248,49.47824],[20.70272,49.47883],[20.70276,49.479],[20.70239,49.4796],[20.70286,49.48109],[20.7029,49.48239],[20.70261,49.48315],[20.70278,49.48351],[20.70331,49.48398]]}},{"type":"Feature","properties":{"kolor":"niebieski","nazwa":""},"geometry":{"type":"LineString","coordinates":[[20.66716,49.40678],[20.66756,49.409],[20.66712,49.40989],[20.66689,49.41006],[20.66639,49.4101],[20.6662,49.41029],[20.66623,49.4105],[20.66681,49.41115],[20.66682,49.41145],[20.66668,49.41173],[20.66617,49.41202]]}},{"type":"Feature","properties":{"kolor":"niebieski","nazwa":""},"geometry":{"type":"LineString","coordinates":[[20.66617,49.41202],[20.66682,49.4128],[20.66694,49.41317]]}},{"type":"Feature","properties":{"kolor":"niebieski","nazwa":""},"geometry":{"type":"LineString","coordinates":[[20.66694,49.41317],[20.66779,49.41431],[20.66841,49.4147],[20.66894,49.41533],[20.67014,49.41576],[20.67068,49.41577],[20.67205,49.41611]]}},{"type":"Feature","properties":{"kolor":"niebieski","nazwa":""},"geometry":{"type":"LineString","coordinates":[[20.67205,49.41611],[20.67275,49.41632],[20.67314,49.41658]]}},{"type":"Feature","properties":{"kolor":"niebieski","nazwa":""},"geometry":{"type":"LineString","coordinates":[[20.67314,49.41658],[20.67367,49.41694],[20.6743,49.41709]]}},{"type":"Feature","properties":{"kolor":"niebieski","nazwa":""},"geometry":{"type":"LineString","coordinates":[[20.6743,49.41709],[20.67459,49.41815],[20.67388,49.41934],[20.67324,49.41988],[20.67311,49.42066],[20.67282,49.42098],[20.67446,49.42268],[20.67468,49.42437],[20.67519,49.42474]]}},{"type":"Feature","properties":{"kolor":"niebieski","nazwa":""},"geometry":{"type":"LineString","coordinates":[[20.67519,49.42474],[20.67441,49.42499],[20.6733,49.42575],[20.67201,49.42712],[20.67195,49.42747]]}},{"type":"Feature","properties":{"kolor":"niebieski","nazwa":""},"geometry":{"type":"LineString","coordinates":[[20.67195,49.42747],[20.67137,49.42749],[20.67104,49.42801],[20.66956,49.42859],[20.66931,49.42861],[20.66918,49.42848],[20.66874,49.42856],[20.66799,49.42818]]}},{"type":"Feature","properties":{"kolor":"niebieski","nazwa":""},"geometry":{"type":"LineString","coordinates":[[20.66799,49.42818],[20.66737,49.42862]]}},{"type":"Feature","properties":{"kolor":"czerwony","nazwa":"Łomnica - Pusta Wielka"},"geometry":{"type":"LineString","coordinates":[[20.76963,49.44337],[20.77031,49.44343],[20.77155,49.4432],[20.77204,49.44337]]}},{"type":"Feature","properties":{"kolor":"czerwony","nazwa":"Łomnica - Pusta Wielka"},"geometry":{"type":"LineString","coordinates":[[20.76949,49.4433],[20.76963,49.44337]]}},{"type":"Feature","properties":{"kolor":"czerwony","nazwa":"Łomnica - Pusta Wielka"},"geometry":{"type":"LineString","coordinates":[[20.76828,49.44326],[20.76949,49.4433]]}},{"type":"Feature","properties":{"kolor":"czerwony","nazwa":"Łomnica - Pusta Wielka"},"geometry":{"type":"LineString","coordinates":[[20.76546,49.44342],[20.76626,49.44326],[20.76737,49.4434],[20.76828,49.44326]]}},{"type":"Feature","properties":{"kolor":"czerwony","nazwa":"Łomnica - Pusta Wielka"},"geometry":{"type":"LineString","coordinates":[[20.76366,49.44202],[20.76402,49.4423],[20.76454,49.44304],[20.76546,49.44342]]}},{"type":"Feature","properties":{"kolor":"czerwony","nazwa":"Łomnica - Pusta Wielka"},"geometry":{"type":"LineString","coordinates":[[20.76211,49.44059],[20.76366,49.44202]]}},{"type":"Feature","properties":{"kolor":"czerwony","nazwa":"Łomnica - Pusta Wielka"},"geometry":{"type":"LineString","coordinates":[[20.75305,49.4341],[20.75376,49.43457],[20.75537,49.43522],[20.75664,49.43532],[20.75696,49.43578],[20.7576,49.43622],[20.75798,49.43666],[20.76001,49.43782],[20.76069,49.4384],[20.76134,49.43917],[20.76211,49.44059]]}},{"type":"Feature","properties":{"kolor":"czerwony","nazwa":"Łomnica - Pusta Wielka"},"geometry":{"type":"LineString","coordinates":[[20.74404,49.43714],[20.74593,49.4368],[20.74627,49.43695],[20.74954,49.4369],[20.75088,49.43629],[20.75112,49.43605],[20.75082,49.43505],[20.75138,49.43453],[20.75305,49.4341]]}},{"type":"Feature","properties":{"kolor":"zolty","nazwa":""},"geometry":{"type":"LineString","coordinates":[[20.72794,49.42758],[20.72789,49.42824],[20.72806,49.42847]]}},{"type":"Feature","properties":{"kolor":"zolty","nazwa":""},"geometry":{"type":"LineString","coordinates":[[20.72916,49.4284],[20.72864,49.42834],[20.72806,49.42847]]}},{"type":"Feature","properties":{"kolor":"zolty","nazwa":""},"geometry":{"type":"LineString","coordinates":[[20.72916,49.4284],[20.7297,49.42824],[20.73017,49.42841],[20.72978,49.42919]]}},{"type":"Feature","properties":{"kolor":"zolty","nazwa":""},"geometry":{"type":"LineString","coordinates":[[20.72681,49.43857],[20.72633,49.43733],[20.72445,49.43655],[20.72373,49.4359],[20.72351,49.43525],[20.72446,49.43514],[20.72521,49.43528],[20.72619,49.43517],[20.72638,49.43486],[20.72716,49.43434],[20.72726,49.43414],[20.72846,49.43398],[20.72867,49.43354],[20.72848,49.43279],[20.72888,49.43152],[20.72932,49.43085],[20.72929,49.43001],[20.72978,49.42919]]}},{"type":"Feature","properties":{"kolor":"zolty","nazwa":""},"geometry":{"type":"LineString","coordinates":[[20.72777,49.43964],[20.72742,49.43911],[20.72681,49.43857]]}},{"type":"Feature","properties":{"kolor":"zolty","nazwa":""},"geometry":{"type":"LineString","coordinates":[[20.72921,49.43997],[20.72831,49.43987],[20.72777,49.43964]]}},{"type":"Feature","properties":{"kolor":"czerwony","nazwa":""},"geometry":{"type":"LineString","coordinates":[[20.71901,49.44049],[20.71878,49.44058]]}},{"type":"Feature","properties":{"kolor":"czerwony","nazwa":""},"geometry":{"type":"LineString","coordinates":[[20.72351,49.43525],[20.72207,49.43541],[20.72303,49.43574],[20.72252,49.43584],[20.72287,49.43625],[20.72272,49.43682],[20.72285,49.43704],[20.72223,49.43694],[20.72204,49.43749],[20.7213,49.43837],[20.72099,49.43862],[20.72066,49.43861],[20.72054,49.43893],[20.72026,49.4391],[20.71942,49.44012],[20.71919,49.44072],[20.71901,49.44049]]}},{"type":"Feature","properties":{"kolor":"czerwony","nazwa":""},"geometry":{"type":"LineString","coordinates":[[20.72794,49.42758],[20.72725,49.42844],[20.72644,49.42984],[20.72686,49.43095],[20.72649,49.43223],[20.72698,49.43311],[20.72574,49.43336],[20.72532,49.43423],[20.72537,49.43452],[20.72482,49.43455],[20.72351,49.43525]]}},{"type":"Feature","properties":{"kolor":"czerwony","nazwa":""},"geometry":{"type":"LineString","coordinates":[[20.72631,49.42544],[20.72854,49.42563],[20.72948,49.426],[20.73009,49.42663],[20.72931,49.42647],[20.72872,49.4265],[20.72835,49.42684],[20.72794,49.42758]]}},{"type":"Feature","properties":{"kolor":"czerwony","nazwa":""},"geometry":{"type":"LineString","coordinates":[[20.72442,49.42539],[20.72631,49.42544]]}},{"type":"Feature","properties":{"kolor":"niebieski","nazwa":""},"geometry":{"type":"LineString","coordinates":[[20.73072,49.43625],[20.73235,49.43557],[20.73272,49.43562],[20.73267,49.43572]]}},{"type":"Feature","properties":{"kolor":"niebieski","nazwa":""},"geometry":{"type":"LineString","coordinates":[[20.73072,49.43625],[20.7296,49.4365]]}},{"type":"Feature","properties":{"kolor":"niebieski","nazwa":""},"geometry":{"type":"LineString","coordinates":[[20.72905,49.43621],[20.7296,49.4365]]}},{"type":"Feature","properties":{"kolor":"niebieski","nazwa":""},"geometry":{"type":"LineString","coordinates":[[20.72905,49.43621],[20.72825,49.43581],[20.7286,49.43577],[20.72808,49.43546],[20.72674,49.43586],[20.72523,49.4359],[20.72286,49.43504],[20.72175,49.43513]]}},{"type":"Feature","properties":{"kolor":"niebieski","nazwa":""},"geometry":{"type":"LineString","coordinates":[[20.72175,49.43513],[20.72088,49.43513]]}},{"type":"Feature","properties":{"kolor":"niebieski","nazwa":""},"geometry":{"type":"LineString","coordinates":[[20.72088,49.43513],[20.72045,49.43499],[20.72009,49.43471],[20.71877,49.43428],[20.71745,49.43416],[20.7195,49.43534],[20.71974,49.4358],[20.72039,49.43606],[20.72063,49.43636],[20.72018,49.43605],[20.72025,49.43634],[20.72,49.43616],[20.71969,49.43612],[20.71938,49.43593],[20.71916,49.4355],[20.71806,49.43503],[20.71857,49.43555],[20.71783,49.43525],[20.71784,49.43541],[20.71961,49.43709],[20.71987,49.4375],[20.7196,49.4391],[20.71901,49.44049]]}},{"type":"Feature","properties":{"kolor":"niebieski","nazwa":""},"geometry":{"type":"LineString","coordinates":[[20.71901,49.44049],[20.71878,49.44058]]}},{"type":"Feature","properties":{"kolor":"niebieski","nazwa":""},"geometry":{"type":"LineString","coordinates":[[20.5524,49.38187],[20.55282,49.38149],[20.55361,49.38115]]}},{"type":"Feature","properties":{"kolor":"niebieski","nazwa":""},"geometry":{"type":"LineString","coordinates":[[20.55361,49.38115],[20.55384,49.38099]]}},{"type":"Feature","properties":{"kolor":"niebieski","nazwa":""},"geometry":{"type":"LineString","coordinates":[[20.55384,49.38099],[20.55405,49.38094]]}},{"type":"Feature","properties":{"kolor":"niebieski","nazwa":""},"geometry":{"type":"LineString","coordinates":[[20.55405,49.38094],[20.5544,49.38103]]}},{"type":"Feature","properties":{"kolor":"niebieski","nazwa":""},"geometry":{"type":"LineString","coordinates":[[20.5544,49.38103],[20.55467,49.38101],[20.55543,49.38041]]}},{"type":"Feature","properties":{"kolor":"niebieski","nazwa":""},"geometry":{"type":"LineString","coordinates":[[20.55543,49.38041],[20.5555,49.38026]]}},{"type":"Feature","properties":{"kolor":"zielony","nazwa":""},"geometry":{"type":"LineString","coordinates":[[20.6671,49.46029],[20.66764,49.46074],[20.66866,49.46119],[20.6687,49.4616],[20.6699,49.46258],[20.67087,49.46263],[20.67145,49.46299]]}},{"type":"Feature","properties":{"kolor":"zielony","nazwa":""},"geometry":{"type":"LineString","coordinates":[[20.67145,49.46299],[20.67167,49.46325],[20.67137,49.46475],[20.67145,49.46578],[20.6722,49.46658],[20.67179,49.4668],[20.67073,49.46669],[20.66993,49.46635],[20.66959,49.46634],[20.66944,49.46646],[20.66961,49.46798],[20.66907,49.47049],[20.66968,49.47111],[20.67006,49.47173],[20.67035,49.47184]]}},{"type":"Feature","properties":{"kolor":"zielony","nazwa":""},"geometry":{"type":"LineString","coordinates":[[20.67035,49.47184],[20.6711,49.47171],[20.67159,49.47175],[20.67269,49.47232]]}},{"type":"Feature","properties":{"kolor":"zielony","nazwa":""},"geometry":{"type":"LineString","coordinates":[[20.67269,49.47232],[20.67294,49.47273]]}},{"type":"Feature","properties":{"kolor":"zielony","nazwa":""},"geometry":{"type":"LineString","coordinates":[[20.67294,49.47273],[20.67493,49.47383],[20.6759,49.47467],[20.67615,49.47516],[20.67627,49.47621],[20.67557,49.47719],[20.67604,49.47856],[20.67574,49.47899],[20.6757,49.47998]]}},{"type":"Feature","properties":{"kolor":"zielony","nazwa":""},"geometry":{"type":"LineString","coordinates":[[20.6757,49.47998],[20.67526,49.48021],[20.67484,49.48014],[20.67333,49.47872],[20.67318,49.47841],[20.67278,49.47837]]}},{"type":"Feature","properties":{"kolor":"zielony","nazwa":""},"geometry":{"type":"LineString","coordinates":[[20.67278,49.47837],[20.673,49.47995],[20.67285,49.48106]]}},{"type":"Feature","properties":{"kolor":"zielony","nazwa":""},"geometry":{"type":"LineString","coordinates":[[20.67285,49.48106],[20.67342,49.48205],[20.67463,49.48268],[20.67492,49.48298],[20.67527,49.48302]]}},{"type":"Feature","properties":{"kolor":"zielony","nazwa":""},"geometry":{"type":"LineString","coordinates":[[20.67527,49.48302],[20.67547,49.48302]]}},{"type":"Feature","properties":{"kolor":"zielony","nazwa":""},"geometry":{"type":"LineString","coordinates":[[20.67547,49.48302],[20.6774,49.4835],[20.67857,49.48338],[20.67907,49.48371],[20.6789,49.48341]]}},{"type":"Feature","properties":{"kolor":"zielony","nazwa":""},"geometry":{"type":"LineString","coordinates":[[20.6789,49.48341],[20.67886,49.48326]]}},{"type":"Feature","properties":{"kolor":"zielony","nazwa":""},"geometry":{"type":"LineString","coordinates":[[20.67886,49.48326],[20.67902,49.48312]]}},{"type":"Feature","properties":{"kolor":"niebieski","nazwa":""},"geometry":{"type":"LineString","coordinates":[[20.67668,49.43139],[20.67643,49.43233],[20.67471,49.43378],[20.67398,49.43415]]}},{"type":"Feature","properties":{"kolor":"niebieski","nazwa":""},"geometry":{"type":"LineString","coordinates":[[20.67175,49.43518],[20.6735,49.43426],[20.67398,49.43415]]}},{"type":"Feature","properties":{"kolor":"niebieski","nazwa":""},"geometry":{"type":"LineString","coordinates":[[20.67175,49.43518],[20.67168,49.43503],[20.67213,49.43417]]}},{"type":"Feature","properties":{"kolor":"niebieski","nazwa":""},"geometry":{"type":"LineString","coordinates":[[20.67213,49.43417],[20.67231,49.43367],[20.67223,49.43331],[20.672,49.4332],[20.67109,49.43356],[20.66903,49.43389]]}},{"type":"Feature","properties":{"kolor":"niebieski","nazwa":""},"geometry":{"type":"LineString","coordinates":[[20.66903,49.43389],[20.66845,49.43412]]}},{"type":"Feature","properties":{"kolor":"niebieski","nazwa":""},"geometry":{"type":"LineString","coordinates":[[20.66845,49.43412],[20.66842,49.43418]]}},{"type":"Feature","properties":{"kolor":"niebieski","nazwa":""},"geometry":{"type":"LineString","coordinates":[[20.66842,49.43418],[20.66813,49.43455],[20.6678,49.43469]]}},{"type":"Feature","properties":{"kolor":"niebieski","nazwa":""},"geometry":{"type":"LineString","coordinates":[[20.6678,49.43469],[20.66686,49.43519]]}},{"type":"Feature","properties":{"kolor":"niebieski","nazwa":""},"geometry":{"type":"LineString","coordinates":[[20.66314,49.43572],[20.66381,49.43569],[20.66605,49.43522],[20.66686,49.43519]]}},{"type":"Feature","properties":{"kolor":"niebieski","nazwa":""},"geometry":{"type":"LineString","coordinates":[[20.66297,49.43604],[20.66314,49.43572]]}},{"type":"Feature","properties":{"kolor":"niebieski","nazwa":""},"geometry":{"type":"LineString","coordinates":[[20.65972,49.43869],[20.66279,49.43704],[20.66312,49.43655],[20.66297,49.43604]]}},{"type":"Feature","properties":{"kolor":"niebieski","nazwa":""},"geometry":{"type":"LineString","coordinates":[[20.66134,49.4416],[20.66095,49.44114],[20.66082,49.43988],[20.66039,49.43947],[20.65949,49.43918],[20.65972,49.43869]]}},{"type":"Feature","properties":{"kolor":"zolty","nazwa":"Rytro — Polana Paszkowa"},"geometry":{"type":"LineString","coordinates":[[20.62552,49.48728],[20.62784,49.48742],[20.62958,49.48734],[20.63201,49.48666],[20.63275,49.4866],[20.63318,49.48679],[20.63444,49.48689],[20.63508,49.48714],[20.63599,49.48725],[20.63853,49.48792],[20.63939,49.48795],[20.64168,49.48857],[20.64312,49.48866],[20.6435,49.48845],[20.64408,49.48835],[20.64491,49.48847],[20.64588,49.48844],[20.64601,49.48856],[20.64588,49.48897],[20.64609,49.48938]]}},{"type":"Feature","properties":{"kolor":"zolty","nazwa":"Rytro — Polana Paszkowa"},"geometry":{"type":"LineString","coordinates":[[20.64668,49.48948],[20.64609,49.48938]]}},{"type":"Feature","properties":{"kolor":"zolty","nazwa":"Rytro — Polana Paszkowa"},"geometry":{"type":"LineString","coordinates":[[20.64668,49.48948],[20.6477,49.48944],[20.64947,49.48965],[20.65131,49.49056],[20.65186,49.49112],[20.6537,49.49174]]}},{"type":"Feature","properties":{"kolor":"zolty","nazwa":"Rytro — Polana Paszkowa"},"geometry":{"type":"LineString","coordinates":[[20.6537,49.49174],[20.65503,49.49214],[20.65643,49.49235],[20.65745,49.49226]]}},{"type":"Feature","properties":{"kolor":"zolty","nazwa":"Rytro — Polana Paszkowa"},"geometry":{"type":"LineString","coordinates":[[20.65745,49.49226],[20.66132,49.49287]]}},{"type":"Feature","properties":{"kolor":"zolty","nazwa":"Rytro — Polana Paszkowa"},"geometry":{"type":"LineString","coordinates":[[20.66454,49.49322],[20.66196,49.49302],[20.66132,49.49287]]}},{"type":"Feature","properties":{"kolor":"zolty","nazwa":"Rytro — Polana Paszkowa"},"geometry":{"type":"LineString","coordinates":[[20.67142,49.49414],[20.67119,49.49418],[20.66856,49.49366],[20.66677,49.49367],[20.66551,49.4933],[20.66454,49.49322]]}},{"type":"Feature","properties":{"kolor":"zolty","nazwa":"Rytro — Polana Paszkowa"},"geometry":{"type":"LineString","coordinates":[[20.67142,49.49414],[20.67163,49.49393],[20.67223,49.49395],[20.6723,49.49311],[20.67251,49.49272]]}},{"type":"Feature","properties":{"kolor":"zolty","nazwa":"Rytro — Polana Paszkowa"},"geometry":{"type":"LineString","coordinates":[[20.67716,49.49246],[20.676,49.49276],[20.67504,49.49287],[20.67251,49.49272]]}},{"type":"Feature","properties":{"kolor":"zolty","nazwa":"Rytro — Polana Paszkowa"},"geometry":{"type":"LineString","coordinates":[[20.68081,49.49121],[20.68015,49.49157],[20.67916,49.49187],[20.67812,49.4925],[20.67716,49.49246]]}},{"type":"Feature","properties":{"kolor":"zolty","nazwa":"Rytro — Polana Paszkowa"},"geometry":{"type":"LineString","coordinates":[[20.68081,49.49121],[20.68113,49.49131]]}},{"type":"Feature","properties":{"kolor":"zolty","nazwa":"Rytro — Polana Paszkowa"},"geometry":{"type":"LineString","coordinates":[[20.68113,49.49131],[20.68141,49.49085]]}},{"type":"Feature","properties":{"kolor":"zolty","nazwa":"Rytro — Polana Paszkowa"},"geometry":{"type":"LineString","coordinates":[[20.68141,49.49085],[20.68146,49.49084]]}},{"type":"Feature","properties":{"kolor":"zolty","nazwa":"Rytro — Polana Paszkowa"},"geometry":{"type":"LineString","coordinates":[[20.68146,49.49084],[20.68157,49.49083]]}},{"type":"Feature","properties":{"kolor":"zolty","nazwa":"Rytro — Polana Paszkowa"},"geometry":{"type":"LineString","coordinates":[[20.68157,49.49083],[20.68197,49.49085]]}},{"type":"Feature","properties":{"kolor":"zolty","nazwa":"Rytro — Polana Paszkowa"},"geometry":{"type":"LineString","coordinates":[[20.68165,49.48934],[20.68197,49.49085]]}},{"type":"Feature","properties":{"kolor":"zolty","nazwa":"Veterný Vrch - hrebeňovka"},"geometry":{"type":"LineString","coordinates":[[20.53731,49.33723],[20.53991,49.33857],[20.54166,49.33921]]}},{"type":"Feature","properties":{"kolor":"zolty","nazwa":"Veterný Vrch - hrebeňovka"},"geometry":{"type":"LineString","coordinates":[[20.54432,49.33985],[20.54228,49.33955],[20.54166,49.33921]]}},{"type":"Feature","properties":{"kolor":"zolty","nazwa":"Veterný Vrch - hrebeňovka"},"geometry":{"type":"LineString","coordinates":[[20.53175,49.3354],[20.53209,49.33534],[20.53259,49.33546],[20.53313,49.3359],[20.5338,49.33612],[20.53545,49.33699],[20.53641,49.33723],[20.53731,49.33723]]}},{"type":"Feature","properties":{"kolor":"zolty","nazwa":"Veterný Vrch - hrebeňovka"},"geometry":{"type":"LineString","coordinates":[[20.51716,49.33489],[20.51773,49.33485],[20.51932,49.3353],[20.52015,49.33538],[20.52216,49.33479],[20.52481,49.33494],[20.52556,49.33518],[20.5305,49.33493],[20.53131,49.33504],[20.53171,49.33526],[20.53175,49.3354]]}},{"type":"Feature","properties":{"kolor":"czerwony","nazwa":""},"geometry":{"type":"LineString","coordinates":[[20.51135,49.33507],[20.51098,49.33504]]}},{"type":"Feature","properties":{"kolor":"czerwony","nazwa":""},"geometry":{"type":"LineString","coordinates":[[20.51098,49.33504],[20.51052,49.33533],[20.50996,49.33547],[20.50981,49.33541]]}},{"type":"Feature","properties":{"kolor":"czerwony","nazwa":""},"geometry":{"type":"LineString","coordinates":[[20.50981,49.33541],[20.50963,49.33532]]}},{"type":"Feature","properties":{"kolor":"czerwony","nazwa":"Kacwin (granica państwa) - Łapsze Niżne"},"geometry":{"type":"LineString","coordinates":[[20.29111,49.35142],[20.29101,49.35171],[20.2916,49.35317],[20.2916,49.35389],[20.29235,49.35476],[20.29277,49.35553],[20.29273,49.35617],[20.29399,49.3569],[20.29431,49.35827],[20.29418,49.35895]]}},{"type":"Feature","properties":{"kolor":"czerwony","nazwa":"Kacwin (granica państwa) - Łapsze Niżne"},"geometry":{"type":"LineString","coordinates":[[20.29418,49.35895],[20.2939,49.35925]]}},{"type":"Feature","properties":{"kolor":"czerwony","nazwa":"Kacwin (granica państwa) - Łapsze Niżne"},"geometry":{"type":"LineString","coordinates":[[20.2939,49.35925],[20.29424,49.36117],[20.29374,49.36243],[20.29431,49.3635],[20.29549,49.36483],[20.29563,49.36543],[20.29542,49.36592]]}},{"type":"Feature","properties":{"kolor":"czerwony","nazwa":"Kacwin (granica państwa) - Łapsze Niżne"},"geometry":{"type":"LineString","coordinates":[[20.29542,49.36592],[20.29542,49.36604]]}},{"type":"Feature","properties":{"kolor":"czerwony","nazwa":"Kacwin (granica państwa) - Łapsze Niżne"},"geometry":{"type":"LineString","coordinates":[[20.29542,49.36604],[20.29532,49.36764],[20.29406,49.37018],[20.29333,49.37326],[20.29289,49.37389]]}},{"type":"Feature","properties":{"kolor":"czerwony","nazwa":"Kacwin (granica państwa) - Łapsze Niżne"},"geometry":{"type":"LineString","coordinates":[[20.29289,49.37389],[20.29199,49.37438],[20.29174,49.37504]]}},{"type":"Feature","properties":{"kolor":"czerwony","nazwa":"Kacwin (granica państwa) - Łapsze Niżne"},"geometry":{"type":"LineString","coordinates":[[20.29121,49.37498],[20.29174,49.37504]]}},{"type":"Feature","properties":{"kolor":"czerwony","nazwa":"Kacwin (granica państwa) - Łapsze Niżne"},"geometry":{"type":"LineString","coordinates":[[20.29098,49.375],[20.29121,49.37498]]}},{"type":"Feature","properties":{"kolor":"czerwony","nazwa":"Kacwin (granica państwa) - Łapsze Niżne"},"geometry":{"type":"LineString","coordinates":[[20.29085,49.37501],[20.29098,49.375]]}},{"type":"Feature","properties":{"kolor":"czerwony","nazwa":"Kacwin (granica państwa) - Łapsze Niżne"},"geometry":{"type":"LineString","coordinates":[[20.29066,49.37558],[20.29085,49.37501]]}},{"type":"Feature","properties":{"kolor":"czerwony","nazwa":"Kacwin (granica państwa) - Łapsze Niżne"},"geometry":{"type":"LineString","coordinates":[[20.28947,49.37721],[20.29047,49.37643],[20.29066,49.37558]]}},{"type":"Feature","properties":{"kolor":"czerwony","nazwa":"Kacwin (granica państwa) - Łapsze Niżne"},"geometry":{"type":"LineString","coordinates":[[20.28128,49.38143],[20.28434,49.38018],[20.28572,49.3799],[20.28627,49.37963],[20.28705,49.37917],[20.28834,49.37794],[20.28947,49.37721]]}},{"type":"Feature","properties":{"kolor":"czerwony","nazwa":"Kacwin (granica państwa) - Łapsze Niżne"},"geometry":{"type":"LineString","coordinates":[[20.24875,49.39815],[20.24906,49.39829]]}},{"type":"Feature","properties":{"kolor":"czerwony","nazwa":"Kacwin (granica państwa) - Łapsze Niżne"},"geometry":{"type":"LineString","coordinates":[[20.24866,49.39813],[20.24875,49.39815]]}},{"type":"Feature","properties":{"kolor":"czerwony","nazwa":"Kacwin (granica państwa) - Łapsze Niżne"},"geometry":{"type":"LineString","coordinates":[[20.24841,49.39811],[20.24866,49.39813]]}},{"type":"Feature","properties":{"kolor":"czerwony","nazwa":"Kacwin (granica państwa) - Łapsze Niżne"},"geometry":{"type":"LineString","coordinates":[[20.24759,49.39809],[20.24841,49.39811]]}},{"type":"Feature","properties":{"kolor":"czerwony","nazwa":"Kacwin (granica państwa) - Łapsze Niżne"},"geometry":{"type":"LineString","coordinates":[[20.23913,49.3976],[20.23974,49.39743],[20.24132,49.39734],[20.24315,49.3968],[20.24491,49.39682],[20.2468,49.39701],[20.24705,49.39712],[20.24759,49.39809]]}},{"type":"Feature","properties":{"kolor":"czerwony","nazwa":"Kacwin (granica państwa) - Łapsze Niżne"},"geometry":{"type":"LineString","coordinates":[[20.25412,49.38207],[20.25461,49.38325],[20.25511,49.38359],[20.26018,49.38285],[20.26079,49.38195],[20.26215,49.38122],[20.26268,49.38112],[20.26613,49.38087],[20.26766,49.38099],[20.27091,49.38172],[20.27551,49.38234],[20.27863,49.38261],[20.27966,49.38233],[20.28029,49.38189],[20.28128,49.38143]]}},{"type":"Feature","properties":{"kolor":"czerwony","nazwa":"Kacwin (granica państwa) - Łapsze Niżne"},"geometry":{"type":"LineString","coordinates":[[20.25338,49.38201],[20.25412,49.38207]]}},{"type":"Feature","properties":{"kolor":"czerwony","nazwa":"Kacwin (granica państwa) - Łapsze Niżne"},"geometry":{"type":"LineString","coordinates":[[20.25324,49.38204],[20.25338,49.38201]]}},{"type":"Feature","properties":{"kolor":"czerwony","nazwa":"Kacwin (granica państwa) - Łapsze Niżne"},"geometry":{"type":"LineString","coordinates":[[20.25316,49.38206],[20.25324,49.38204]]}},{"type":"Feature","properties":{"kolor":"czerwony","nazwa":"Kacwin (granica państwa) - Łapsze Niżne"},"geometry":{"type":"LineString","coordinates":[[20.25316,49.38206],[20.25343,49.38236],[20.25354,49.38285],[20.25498,49.3846],[20.25524,49.3855],[20.25739,49.387],[20.25971,49.39032]]}},{"type":"Feature","properties":{"kolor":"czerwony","nazwa":"Kacwin (granica państwa) - Łapsze Niżne"},"geometry":{"type":"LineString","coordinates":[[20.26139,49.3963],[20.26149,49.3942],[20.2613,49.39322],[20.26062,49.3924],[20.25887,49.3908],[20.25901,49.3906],[20.25971,49.39032]]}},{"type":"Feature","properties":{"kolor":"czerwony","nazwa":"Kacwin (granica państwa) - Łapsze Niżne"},"geometry":{"type":"LineString","coordinates":[[20.25643,49.3981],[20.26139,49.3963]]}},{"type":"Feature","properties":{"kolor":"czerwony","nazwa":"Kacwin (granica państwa) - Łapsze Niżne"},"geometry":{"type":"LineString","coordinates":[[20.24906,49.39829],[20.25335,49.39865],[20.2553,49.39842],[20.25643,49.3981]]}},{"type":"Feature","properties":{"kolor":"zolty","nazwa":""},"geometry":{"type":"LineString","coordinates":[[20.4709,49.4112],[20.47235,49.41213],[20.47218,49.41251],[20.47242,49.41322],[20.47195,49.41436],[20.47237,49.41531]]}},{"type":"Feature","properties":{"kolor":"zolty","nazwa":""},"geometry":{"type":"LineString","coordinates":[[20.46754,49.41121],[20.46795,49.41125],[20.46999,49.41097],[20.4709,49.4112]]}},{"type":"Feature","properties":{"kolor":"zolty","nazwa":""},"geometry":{"type":"LineString","coordinates":[[20.4603,49.41098],[20.46046,49.41124],[20.46148,49.41126],[20.46391,49.41061]]}},{"type":"Feature","properties":{"kolor":"zolty","nazwa":""},"geometry":{"type":"LineString","coordinates":[[20.4603,49.41098],[20.46012,49.41113]]}},{"type":"Feature","properties":{"kolor":"zolty","nazwa":""},"geometry":{"type":"LineString","coordinates":[[20.46012,49.41113],[20.46008,49.41115]]}},{"type":"Feature","properties":{"kolor":"zolty","nazwa":""},"geometry":{"type":"LineString","coordinates":[[20.46008,49.41115],[20.45929,49.4115]]}},{"type":"Feature","properties":{"kolor":"zolty","nazwa":""},"geometry":{"type":"LineString","coordinates":[[20.45929,49.4115],[20.45843,49.41186]]}},{"type":"Feature","properties":{"kolor":"zolty","nazwa":""},"geometry":{"type":"LineString","coordinates":[[20.45843,49.41186],[20.45726,49.4124]]}},{"type":"Feature","properties":{"kolor":"czarny","nazwa":"Szczwnica Sereynówka - Bacówka PTTK pod Bereśnikiem"},"geometry":{"type":"LineString","coordinates":[[20.50268,49.44009],[20.50185,49.44017],[20.50147,49.44053],[20.5002,49.44089],[20.49957,49.4409],[20.49903,49.44107],[20.49901,49.44164],[20.49864,49.44204],[20.49844,49.44266]]}},{"type":"Feature","properties":{"kolor":"czarny","nazwa":"Szczwnica Sereynówka - Bacówka PTTK pod Bereśnikiem"},"geometry":{"type":"LineString","coordinates":[[20.49844,49.44266],[20.49789,49.44301],[20.4967,49.443],[20.49596,49.44272],[20.49564,49.44273]]}},{"type":"Feature","properties":{"kolor":"czarny","nazwa":"Szczwnica Sereynówka - Bacówka PTTK pod Bereśnikiem"},"geometry":{"type":"LineString","coordinates":[[20.49564,49.44273],[20.49546,49.44257],[20.49535,49.44184],[20.4957,49.44139],[20.49514,49.4411],[20.49505,49.44077],[20.49438,49.44022],[20.49452,49.43986],[20.49425,49.43979]]}},{"type":"Feature","properties":{"kolor":"czarny","nazwa":"Szczwnica Sereynówka - Bacówka PTTK pod Bereśnikiem"},"geometry":{"type":"LineString","coordinates":[[20.49425,49.43979],[20.4933,49.43986],[20.49255,49.44006],[20.49163,49.44055]]}},{"type":"Feature","properties":{"kolor":"czarny","nazwa":"Szczwnica Sereynówka - Bacówka PTTK pod Bereśnikiem"},"geometry":{"type":"LineString","coordinates":[[20.49163,49.44055],[20.49108,49.44106],[20.4902,49.44227]]}},{"type":"Feature","properties":{"kolor":"czarny","nazwa":"Szczwnica Sereynówka - Bacówka PTTK pod Bereśnikiem"},"geometry":{"type":"LineString","coordinates":[[20.4902,49.44227],[20.49004,49.44234]]}},{"type":"Feature","properties":{"kolor":"czarny","nazwa":"Szczwnica Sereynówka - Bacówka PTTK pod Bereśnikiem"},"geometry":{"type":"LineString","coordinates":[[20.48574,49.44017],[20.48689,49.44052],[20.48738,49.44118],[20.48815,49.44168],[20.49004,49.44234]]}},{"type":"Feature","properties":{"kolor":"czarny","nazwa":"Szczwnica Sereynówka - Bacówka PTTK pod Bereśnikiem"},"geometry":{"type":"LineString","coordinates":[[20.48626,49.43913],[20.48626,49.43934],[20.48572,49.43966],[20.48574,49.44017]]}},{"type":"Feature","properties":{"kolor":"czarny","nazwa":"Szczwnica Sereynówka - Bacówka PTTK pod Bereśnikiem"},"geometry":{"type":"LineString","coordinates":[[20.48541,49.43909],[20.48626,49.43913]]}},{"type":"Feature","properties":{"kolor":"czerwony","nazwa":"Wodospad Zaskalnik - Schronicko PTTK pod Bereśnikiem"},"geometry":{"type":"LineString","coordinates":[[20.50268,49.44009],[20.50301,49.43914],[20.50397,49.4382],[20.50402,49.43793],[20.50335,49.43683],[20.50293,49.43544],[20.50269,49.43383],[20.50244,49.43349],[20.50114,49.43244],[20.50115,49.43118],[20.50044,49.43071],[20.5003,49.43041]]}},{"type":"Feature","properties":{"kolor":"czerwony","nazwa":"Wodospad Zaskalnik - Schronicko PTTK pod Bereśnikiem"},"geometry":{"type":"LineString","coordinates":[[20.50268,49.44009],[20.50185,49.44017],[20.50147,49.44053],[20.5002,49.44089],[20.49957,49.4409],[20.49903,49.44107],[20.49901,49.44164],[20.49864,49.44204],[20.49844,49.44266]]}},{"type":"Feature","properties":{"kolor":"czerwony","nazwa":"Wodospad Zaskalnik - Schronicko PTTK pod Bereśnikiem"},"geometry":{"type":"LineString","coordinates":[[20.49844,49.44266],[20.49789,49.44301],[20.4967,49.443],[20.49596,49.44272],[20.49564,49.44273]]}},{"type":"Feature","properties":{"kolor":"czerwony","nazwa":"Wodospad Zaskalnik - Schronicko PTTK pod Bereśnikiem"},"geometry":{"type":"LineString","coordinates":[[20.49564,49.44273],[20.49546,49.44257],[20.49535,49.44184],[20.4957,49.44139],[20.49514,49.4411],[20.49505,49.44077],[20.49438,49.44022],[20.49452,49.43986],[20.49425,49.43979]]}},{"type":"Feature","properties":{"kolor":"czerwony","nazwa":"Wodospad Zaskalnik - Schronicko PTTK pod Bereśnikiem"},"geometry":{"type":"LineString","coordinates":[[20.49425,49.43979],[20.4933,49.43986],[20.49255,49.44006],[20.49163,49.44055]]}},{"type":"Feature","properties":{"kolor":"czerwony","nazwa":"Wodospad Zaskalnik - Schronicko PTTK pod Bereśnikiem"},"geometry":{"type":"LineString","coordinates":[[20.49163,49.44055],[20.49108,49.44106],[20.4902,49.44227]]}},{"type":"Feature","properties":{"kolor":"czerwony","nazwa":"Wodospad Zaskalnik - Schronicko PTTK pod Bereśnikiem"},"geometry":{"type":"LineString","coordinates":[[20.4902,49.44227],[20.49004,49.44234]]}},{"type":"Feature","properties":{"kolor":"zielony","nazwa":"Szlak Rogasiowy (2)"},"geometry":{"type":"LineString","coordinates":[[20.61868,49.4533],[20.61917,49.45401],[20.62014,49.45466],[20.62039,49.45519],[20.62137,49.45568],[20.62205,49.45586],[20.62254,49.4563],[20.6226,49.45664],[20.62254,49.45694],[20.6215,49.45756],[20.62064,49.45829],[20.61948,49.45887],[20.6191,49.45932],[20.61891,49.46023],[20.61947,49.46167],[20.61922,49.46303],[20.61934,49.46438]]}},{"type":"Feature","properties":{"kolor":"zielony","nazwa":"Szlak Rogasiowy (2)"},"geometry":{"type":"LineString","coordinates":[[20.61928,49.46427],[20.61863,49.46315],[20.61856,49.46264],[20.61797,49.46183],[20.618,49.46063],[20.61728,49.45869],[20.61729,49.45821],[20.61784,49.45719],[20.61793,49.45656],[20.61749,49.45525],[20.61668,49.45391],[20.61579,49.45198],[20.61816,49.45191],[20.61854,49.45238],[20.61909,49.45245]]}},{"type":"Feature","properties":{"kolor":"zielony","nazwa":"Szlak Rogasiowy (2)"},"geometry":{"type":"LineString","coordinates":[[20.61909,49.45245],[20.619,49.4529],[20.61868,49.4533]]}},{"type":"Feature","properties":{"kolor":"zielony","nazwa":"Szlak Rogasiowy (1)"},"geometry":{"type":"LineString","coordinates":[[20.6175,49.47652],[20.61683,49.47474],[20.61583,49.47413],[20.6153,49.47357],[20.61448,49.47107],[20.61376,49.4703],[20.61205,49.4689],[20.61156,49.46825],[20.61144,49.46752],[20.61218,49.4663],[20.61222,49.46577],[20.6112,49.46456],[20.6116,49.46417],[20.61253,49.46387],[20.61299,49.46375],[20.61422,49.46371],[20.61657,49.46379],[20.61816,49.4641],[20.61888,49.46438],[20.61934,49.46438]]}},{"type":"Feature","properties":{"kolor":"zielony","nazwa":"Szlak Rogasiowy (1)"},"geometry":{"type":"LineString","coordinates":[[20.6175,49.47652],[20.61769,49.47655]]}},{"type":"Feature","properties":{"kolor":"zielony","nazwa":"Szlak Rogasiowy (1)"},"geometry":{"type":"LineString","coordinates":[[20.61769,49.47655],[20.61785,49.47658]]}},{"type":"Feature","properties":{"kolor":"zielony","nazwa":"Szlak Rogasiowy (1)"},"geometry":{"type":"LineString","coordinates":[[20.61785,49.47658],[20.619,49.47696],[20.62051,49.47712]]}},{"type":"Feature","properties":{"kolor":"zielony","nazwa":"Szlak Rogasiowy (1)"},"geometry":{"type":"LineString","coordinates":[[20.62051,49.47712],[20.62069,49.47721]]}},{"type":"Feature","properties":{"kolor":"zielony","nazwa":"Szlak Rogasiowy (1)"},"geometry":{"type":"LineString","coordinates":[[20.62069,49.47721],[20.62161,49.47751],[20.62349,49.47754]]}},{"type":"Feature","properties":{"kolor":"zielony","nazwa":"Szlak Rogasiowy (1)"},"geometry":{"type":"LineString","coordinates":[[20.62349,49.47754],[20.62372,49.47747]]}},{"type":"Feature","properties":{"kolor":"zielony","nazwa":"Szlak Rogasiowy (1)"},"geometry":{"type":"LineString","coordinates":[[20.62372,49.47747],[20.62417,49.47746],[20.62649,49.47795],[20.62845,49.47894],[20.62899,49.47975]]}},{"type":"Feature","properties":{"kolor":"zielony","nazwa":"Szlak Rogasiowy (1)"},"geometry":{"type":"LineString","coordinates":[[20.62899,49.47975],[20.62945,49.48049],[20.63044,49.48101],[20.6323,49.48136],[20.63529,49.48141]]}},{"type":"Feature","properties":{"kolor":"zielony","nazwa":"Szlak Rogasiowy (1)"},"geometry":{"type":"LineString","coordinates":[[20.63529,49.48141],[20.63551,49.48148]]}},{"type":"Feature","properties":{"kolor":"zielony","nazwa":"Szlak Rogasiowy (1)"},"geometry":{"type":"LineString","coordinates":[[20.63551,49.48148],[20.63891,49.48217],[20.63969,49.48252],[20.64112,49.48273],[20.64215,49.48331]]}},{"type":"Feature","properties":{"kolor":"zielony","nazwa":"Szlak Rogasiowy (1)"},"geometry":{"type":"LineString","coordinates":[[20.64215,49.48331],[20.64268,49.48371],[20.64492,49.4847],[20.64572,49.48536],[20.64666,49.48566]]}},{"type":"Feature","properties":{"kolor":"zielony","nazwa":"Szlak Rogasiowy (4)"},"geometry":{"type":"LineString","coordinates":[[20.62493,49.46364],[20.62364,49.46321],[20.62247,49.46242],[20.62148,49.46058],[20.6212,49.46075],[20.61991,49.46285],[20.61945,49.46421],[20.61928,49.46427]]}},{"type":"Feature","properties":{"kolor":"zielony","nazwa":"Szlak Rogasiowy (4)"},"geometry":{"type":"LineString","coordinates":[[20.62493,49.46364],[20.62523,49.46379],[20.62649,49.46354],[20.6286,49.46263],[20.62932,49.46209],[20.63013,49.46169],[20.63161,49.46133],[20.63378,49.46102],[20.63473,49.4607],[20.6355,49.46009],[20.63619,49.45983]]}},{"type":"Feature","properties":{"kolor":"zielony","nazwa":"Szlak Rogasiowy (4)"},"geometry":{"type":"LineString","coordinates":[[20.63734,49.45997],[20.63619,49.45983]]}},{"type":"Feature","properties":{"kolor":"zielony","nazwa":"Szlak Rogasiowy (4)"},"geometry":{"type":"LineString","coordinates":[[20.63758,49.46],[20.63734,49.45997]]}},{"type":"Feature","properties":{"kolor":"zielony","nazwa":"Szlak Rogasiowy (4)"},"geometry":{"type":"LineString","coordinates":[[20.64257,49.46111],[20.64019,49.46045],[20.63758,49.46]]}},{"type":"Feature","properties":{"kolor":"zielony","nazwa":"Szlak Rogasiowy (4)"},"geometry":{"type":"LineString","coordinates":[[20.64277,49.46118],[20.64257,49.46111]]}},{"type":"Feature","properties":{"kolor":"zielony","nazwa":"Szlak Rogasiowy (4)"},"geometry":{"type":"LineString","coordinates":[[20.65034,49.46205],[20.64901,49.46226],[20.64821,49.46225],[20.6462,49.46193],[20.64482,49.46148],[20.64277,49.46118]]}},{"type":"Feature","properties":{"kolor":"zielony","nazwa":"Szlak Rogasiowy (4)"},"geometry":{"type":"LineString","coordinates":[[20.65058,49.462],[20.65034,49.46205]]}},{"type":"Feature","properties":{"kolor":"zielony","nazwa":"Szlak Rogasiowy (4)"},"geometry":{"type":"LineString","coordinates":[[20.65364,49.46287],[20.65284,49.46246],[20.65107,49.46202],[20.65058,49.462]]}},{"type":"Feature","properties":{"kolor":"zielony","nazwa":"Szlak Rogasiowy (4)"},"geometry":{"type":"LineString","coordinates":[[20.65374,49.46297],[20.65364,49.46287]]}},{"type":"Feature","properties":{"kolor":"zielony","nazwa":"Szlak Rogasiowy (4)"},"geometry":{"type":"LineString","coordinates":[[20.65298,49.4697],[20.65288,49.46872],[20.65342,49.46762],[20.65346,49.46689],[20.65394,49.4665],[20.65421,49.46424],[20.65402,49.46334],[20.65374,49.46297]]}},{"type":"Feature","properties":{"kolor":"zielony","nazwa":"Szlak Rogasiowy (4)"},"geometry":{"type":"LineString","coordinates":[[20.65301,49.46986],[20.65298,49.4697]]}},{"type":"Feature","properties":{"kolor":"zielony","nazwa":"Szlak Rogasiowy (4)"},"geometry":{"type":"LineString","coordinates":[[20.65442,49.47221],[20.65424,49.47143],[20.65301,49.46986]]}},{"type":"Feature","properties":{"kolor":"zielony","nazwa":"Rytro szkoła - pod Niemcową"},"geometry":{"type":"LineString","coordinates":[[20.6427,49.44598],[20.64251,49.44605],[20.6421,49.44668],[20.64118,49.44723],[20.63964,49.44769]]}},{"type":"Feature","properties":{"kolor":"zielony","nazwa":"Rytro szkoła - pod Niemcową"},"geometry":{"type":"LineString","coordinates":[[20.63964,49.44769],[20.63927,49.44817],[20.63936,49.44875],[20.64001,49.44924],[20.64049,49.44995],[20.63968,49.45194],[20.63984,49.45208],[20.64068,49.45223],[20.64083,49.45236],[20.63973,49.45343],[20.63975,49.45398],[20.64004,49.4543],[20.6399,49.45487],[20.64017,49.45526],[20.63912,49.45559],[20.63888,49.45621]]}},{"type":"Feature","properties":{"kolor":"zielony","nazwa":"Rytro szkoła - pod Niemcową"},"geometry":{"type":"LineString","coordinates":[[20.63446,49.45895],[20.63372,49.45796],[20.63409,49.45777],[20.63679,49.45714],[20.63751,49.45683],[20.63854,49.45709],[20.63888,49.45621]]}},{"type":"Feature","properties":{"kolor":"zielony","nazwa":"Rytro szkoła - pod Niemcową"},"geometry":{"type":"LineString","coordinates":[[20.63619,49.45983],[20.63575,49.4595],[20.63446,49.45895]]}},{"type":"Feature","properties":{"kolor":"zielony","nazwa":"Rytro szkoła - pod Niemcową"},"geometry":{"type":"LineString","coordinates":[[20.6552,49.4733],[20.65488,49.47266],[20.65442,49.47221]]}},{"type":"Feature","properties":{"kolor":"zielony","nazwa":"Rytro szkoła - pod Niemcową"},"geometry":{"type":"LineString","coordinates":[[20.65521,49.47496],[20.65532,49.4737],[20.6552,49.4733]]}},{"type":"Feature","properties":{"kolor":"zielony","nazwa":"Rytro szkoła - pod Niemcową"},"geometry":{"type":"LineString","coordinates":[[20.6552,49.47504],[20.65521,49.47496]]}},{"type":"Feature","properties":{"kolor":"zielony","nazwa":"Rytro szkoła - pod Niemcową"},"geometry":{"type":"LineString","coordinates":[[20.65709,49.48203],[20.65662,49.48152],[20.65645,49.48004],[20.65552,49.47691],[20.65511,49.47608],[20.6552,49.47504]]}},{"type":"Feature","properties":{"kolor":"zielony","nazwa":"Rytro szkoła - pod Niemcową"},"geometry":{"type":"LineString","coordinates":[[20.65728,49.48221],[20.65709,49.48203]]}},{"type":"Feature","properties":{"kolor":"zielony","nazwa":"Rytro szkoła - pod Niemcową"},"geometry":{"type":"LineString","coordinates":[[20.65919,49.48459],[20.6589,49.48425],[20.65815,49.48391],[20.65769,49.48263],[20.65728,49.48221]]}},{"type":"Feature","properties":{"kolor":"zielony","nazwa":"Rytro szkoła - pod Niemcową"},"geometry":{"type":"LineString","coordinates":[[20.65928,49.48482],[20.65919,49.48459]]}},{"type":"Feature","properties":{"kolor":"zielony","nazwa":"Rytro szkoła - pod Niemcową"},"geometry":{"type":"LineString","coordinates":[[20.66928,49.48955],[20.66633,49.48836],[20.66379,49.48799],[20.6618,49.4874],[20.65989,49.4861],[20.65928,49.48482]]}},{"type":"Feature","properties":{"kolor":"zielony","nazwa":"Rytro szkoła - pod Niemcową"},"geometry":{"type":"LineString","coordinates":[[20.66941,49.48976],[20.66928,49.48955]]}},{"type":"Feature","properties":{"kolor":"czerwony","nazwa":"Szlakiem Leśnych"},"geometry":{"type":"LineString","coordinates":[[20.66785,49.51273],[20.66884,49.51284]]}},{"type":"Feature","properties":{"kolor":"czerwony","nazwa":"Szlakiem Leśnych"},"geometry":{"type":"LineString","coordinates":[[20.66884,49.51284],[20.66968,49.51261],[20.67019,49.51204],[20.67203,49.51073],[20.67348,49.5104],[20.67499,49.5098]]}},{"type":"Feature","properties":{"kolor":"czerwony","nazwa":"Szlakiem Leśnych"},"geometry":{"type":"LineString","coordinates":[[20.67499,49.5098],[20.67614,49.50949],[20.67713,49.50985]]}},{"type":"Feature","properties":{"kolor":"czerwony","nazwa":"Szlakiem Leśnych"},"geometry":{"type":"LineString","coordinates":[[20.69396,49.51821],[20.69389,49.51777],[20.69343,49.51728],[20.69197,49.51674],[20.69095,49.51591],[20.68949,49.51523],[20.68825,49.51496],[20.68642,49.51481],[20.68553,49.51457],[20.68432,49.5147],[20.6838,49.51452],[20.68111,49.51311],[20.67928,49.51153],[20.67891,49.51142],[20.67797,49.5114],[20.6775,49.51122],[20.67713,49.51082],[20.67726,49.51012],[20.67713,49.50985]]}},{"type":"Feature","properties":{"kolor":"czerwony","nazwa":"Szlakiem Leśnych"},"geometry":{"type":"LineString","coordinates":[[20.70031,49.52058],[20.69898,49.51985],[20.69864,49.51921],[20.69822,49.51889],[20.69715,49.51871],[20.69584,49.51869],[20.69526,49.5185],[20.69415,49.51836],[20.69396,49.51821]]}},{"type":"Feature","properties":{"kolor":"czerwony","nazwa":"Szlakiem Leśnych"},"geometry":{"type":"LineString","coordinates":[[20.70164,49.52115],[20.70031,49.52058]]}},{"type":"Feature","properties":{"kolor":"czerwony","nazwa":"Szlakiem Leśnych"},"geometry":{"type":"LineString","coordinates":[[20.70164,49.52115],[20.70293,49.52161],[20.70419,49.52182],[20.70425,49.52222],[20.70469,49.52299],[20.70452,49.52368],[20.7042,49.52404]]}},{"type":"Feature","properties":{"kolor":"czerwony","nazwa":"Szlakiem Leśnych"},"geometry":{"type":"LineString","coordinates":[[20.7042,49.52404],[20.70242,49.52484]]}},{"type":"Feature","properties":{"kolor":"czerwony","nazwa":"Szlakiem Leśnych"},"geometry":{"type":"LineString","coordinates":[[20.70242,49.52484],[20.70227,49.52575]]}},{"type":"Feature","properties":{"kolor":"czerwony","nazwa":"Szlakiem Leśnych"},"geometry":{"type":"LineString","coordinates":[[20.70227,49.52575],[20.70152,49.52629],[20.69967,49.52669]]}},{"type":"Feature","properties":{"kolor":"czerwony","nazwa":"Szlakiem Leśnych"},"geometry":{"type":"LineString","coordinates":[[20.69967,49.52669],[20.69791,49.52685],[20.69678,49.52716]]}},{"type":"Feature","properties":{"kolor":"czerwony","nazwa":"Szlakiem Leśnych"},"geometry":{"type":"LineString","coordinates":[[20.69678,49.52716],[20.69561,49.52756],[20.69345,49.5291],[20.6922,49.53024],[20.69132,49.53052],[20.68959,49.53086],[20.68887,49.53086],[20.68575,49.53036]]}},{"type":"Feature","properties":{"kolor":"czerwony","nazwa":"Szlakiem Leśnych"},"geometry":{"type":"LineString","coordinates":[[20.68575,49.53036],[20.68439,49.53024],[20.68316,49.5304]]}},{"type":"Feature","properties":{"kolor":"czerwony","nazwa":"Szlakiem Leśnych"},"geometry":{"type":"LineString","coordinates":[[20.68316,49.5304],[20.68238,49.53056],[20.67983,49.53066]]}},{"type":"Feature","properties":{"kolor":"czerwony","nazwa":"Szlakiem Leśnych"},"geometry":{"type":"LineString","coordinates":[[20.67983,49.53066],[20.68022,49.53028],[20.68005,49.53003]]}},{"type":"Feature","properties":{"kolor":"czerwony","nazwa":"Szlakiem Leśnych"},"geometry":{"type":"LineString","coordinates":[[20.68005,49.53003],[20.6794,49.52973],[20.67781,49.52833]]}},{"type":"Feature","properties":{"kolor":"czerwony","nazwa":"Szlakiem Leśnych"},"geometry":{"type":"LineString","coordinates":[[20.67452,49.52735],[20.67711,49.52795],[20.67781,49.52833]]}},{"type":"Feature","properties":{"kolor":"czerwony","nazwa":"Szlakiem Leśnych"},"geometry":{"type":"LineString","coordinates":[[20.67154,49.52812],[20.67298,49.52788],[20.6737,49.52755],[20.67452,49.52735]]}},{"type":"Feature","properties":{"kolor":"czerwony","nazwa":"Szlakiem Leśnych"},"geometry":{"type":"LineString","coordinates":[[20.66846,49.52779],[20.6687,49.52805],[20.67002,49.52824],[20.67154,49.52812]]}},{"type":"Feature","properties":{"kolor":"czerwony","nazwa":"Szlakiem Leśnych"},"geometry":{"type":"LineString","coordinates":[[20.6673,49.5269],[20.66817,49.52741],[20.66846,49.52779]]}},{"type":"Feature","properties":{"kolor":"czerwony","nazwa":"Szlakiem Leśnych"},"geometry":{"type":"LineString","coordinates":[[20.66563,49.5254],[20.66581,49.52575],[20.6666,49.52617],[20.6673,49.5269]]}},{"type":"Feature","properties":{"kolor":"czerwony","nazwa":"Szlakiem Leśnych"},"geometry":{"type":"LineString","coordinates":[[20.66538,49.52443],[20.66572,49.52498],[20.66563,49.5254]]}},{"type":"Feature","properties":{"kolor":"czerwony","nazwa":"Szlakiem Leśnych"},"geometry":{"type":"LineString","coordinates":[[20.6637,49.52471],[20.66498,49.52428],[20.66538,49.52443]]}},{"type":"Feature","properties":{"kolor":"czerwony","nazwa":"Szlakiem Leśnych"},"geometry":{"type":"LineString","coordinates":[[20.66413,49.52931],[20.6637,49.52471]]}},{"type":"Feature","properties":{"kolor":"czerwony","nazwa":"Szlakiem Leśnych"},"geometry":{"type":"LineString","coordinates":[[20.66415,49.52935],[20.66413,49.52931]]}},{"type":"Feature","properties":{"kolor":"czerwony","nazwa":"Szlakiem Leśnych"},"geometry":{"type":"LineString","coordinates":[[20.66458,49.53115],[20.66418,49.53053],[20.66415,49.52935]]}},{"type":"Feature","properties":{"kolor":"czerwony","nazwa":"Szlakiem Leśnych"},"geometry":{"type":"LineString","coordinates":[[20.66458,49.53115],[20.66453,49.53175]]}},{"type":"Feature","properties":{"kolor":"zolty","nazwa":"Szlak Perły Beskidu Sądeckiego"},"geometry":{"type":"LineString","coordinates":[[20.71002,49.49095],[20.70873,49.491],[20.70833,49.49184]]}},{"type":"Feature","properties":{"kolor":"zolty","nazwa":"Szlak Perły Beskidu Sądeckiego"},"geometry":{"type":"LineString","coordinates":[[20.70833,49.49184],[20.70739,49.49149],[20.7073,49.4924]]}},{"type":"Feature","properties":{"kolor":"zolty","nazwa":"Szlak Perły Beskidu Sądeckiego"},"geometry":{"type":"LineString","coordinates":[[20.7073,49.4924],[20.70728,49.49276],[20.70647,49.49396]]}},{"type":"Feature","properties":{"kolor":"zolty","nazwa":"Szlak Perły Beskidu Sądeckiego"},"geometry":{"type":"LineString","coordinates":[[20.70647,49.49396],[20.7061,49.49434],[20.70498,49.49469],[20.70353,49.49553],[20.70207,49.49611],[20.70211,49.49625],[20.7032,49.4965],[20.7034,49.49664],[20.70386,49.49802],[20.70506,49.49969],[20.70757,49.49992],[20.7074,49.50012],[20.70646,49.50056],[20.70551,49.50137],[20.70403,49.50224],[20.7029,49.50308],[20.70532,49.50328],[20.70562,49.50342]]}},{"type":"Feature","properties":{"kolor":"zolty","nazwa":"Szlak Perły Beskidu Sądeckiego"},"geometry":{"type":"LineString","coordinates":[[20.685,49.50254],[20.68463,49.50274],[20.68403,49.50343],[20.68439,49.50343],[20.6856,49.5031],[20.6864,49.50305],[20.68715,49.50305],[20.689,49.50339],[20.69117,49.50343],[20.69215,49.50307],[20.69472,49.5029],[20.69831,49.50353],[20.6992,49.50352],[20.70058,49.50413],[20.70114,49.50418],[20.70212,49.50398],[20.70366,49.504],[20.70562,49.50342]]}},{"type":"Feature","properties":{"kolor":"zolty","nazwa":"Szlak Perły Beskidu Sądeckiego"},"geometry":{"type":"LineString","coordinates":[[20.68115,49.50292],[20.68214,49.50269],[20.68324,49.50267],[20.68382,49.5025],[20.685,49.50254]]}},{"type":"Feature","properties":{"kolor":"zolty","nazwa":"Szlak Perły Beskidu Sądeckiego"},"geometry":{"type":"LineString","coordinates":[[20.68022,49.50279],[20.68023,49.50303],[20.68086,49.50286],[20.68115,49.50292]]}},{"type":"Feature","properties":{"kolor":"zolty","nazwa":"Szlak Perły Beskidu Sądeckiego"},"geometry":{"type":"LineString","coordinates":[[20.68019,49.5027],[20.68022,49.50279]]}},{"type":"Feature","properties":{"kolor":"zolty","nazwa":"Szlak Perły Beskidu Sądeckiego"},"geometry":{"type":"LineString","coordinates":[[20.67731,49.5009],[20.67851,49.5026],[20.67894,49.50256],[20.67954,49.50274],[20.68019,49.5027]]}},{"type":"Feature","properties":{"kolor":"zolty","nazwa":"Szlak Perły Beskidu Sądeckiego"},"geometry":{"type":"LineString","coordinates":[[20.67731,49.5009],[20.67726,49.50082]]}},{"type":"Feature","properties":{"kolor":"zolty","nazwa":"Szlak Perły Beskidu Sądeckiego"},"geometry":{"type":"LineString","coordinates":[[20.67726,49.50082],[20.67714,49.50059]]}},{"type":"Feature","properties":{"kolor":"zolty","nazwa":"Szlak Perły Beskidu Sądeckiego"},"geometry":{"type":"LineString","coordinates":[[20.67655,49.49966],[20.67714,49.50059]]}},{"type":"Feature","properties":{"kolor":"zolty","nazwa":"Szlak Perły Beskidu Sądeckiego"},"geometry":{"type":"LineString","coordinates":[[20.67563,49.49854],[20.67655,49.49966]]}},{"type":"Feature","properties":{"kolor":"zielony","nazwa":"Ścieżka przyrodnicza im. Adama Stadnickiego"},"geometry":{"type":"LineString","coordinates":[[20.76479,49.48082],[20.76699,49.48143],[20.76894,49.48155],[20.76945,49.48172],[20.77033,49.48225]]}},{"type":"Feature","properties":{"kolor":"zielony","nazwa":"Ścieżka przyrodnicza im. Adama Stadnickiego"},"geometry":{"type":"LineString","coordinates":[[20.75724,49.48075],[20.75848,49.48089],[20.75974,49.48048],[20.76006,49.48021],[20.76152,49.47987],[20.76315,49.4805],[20.76479,49.48082]]}},{"type":"Feature","properties":{"kolor":"zielony","nazwa":"Ścieżka przyrodnicza im. Adama Stadnickiego"},"geometry":{"type":"LineString","coordinates":[[20.75628,49.48081],[20.75724,49.48075]]}},{"type":"Feature","properties":{"kolor":"zielony","nazwa":"Ścieżka przyrodnicza im. Adama Stadnickiego"},"geometry":{"type":"LineString","coordinates":[[20.75336,49.48205],[20.75445,49.48075],[20.75513,49.48064],[20.75628,49.48081]]}},{"type":"Feature","properties":{"kolor":"zielony","nazwa":"Ścieżka przyrodnicza im. Adama Stadnickiego"},"geometry":{"type":"LineString","coordinates":[[20.74828,49.4857],[20.74867,49.4853],[20.7496,49.4852],[20.75021,49.48491],[20.75185,49.48329],[20.75241,49.48302],[20.75336,49.48205]]}},{"type":"Feature","properties":{"kolor":"zielony","nazwa":"Ścieżka przyrodnicza im. Adama Stadnickiego"},"geometry":{"type":"LineString","coordinates":[[20.74146,49.48917],[20.74268,49.48816],[20.74262,49.48751],[20.74289,49.487],[20.74416,49.48638],[20.74754,49.48613],[20.74828,49.4857]]}},{"type":"Feature","properties":{"kolor":"zielony","nazwa":"Ścieżka przyrodnicza im. Adama Stadnickiego"},"geometry":{"type":"LineString","coordinates":[[20.73407,49.48986],[20.73546,49.48965],[20.73714,49.48996],[20.73912,49.48998],[20.74107,49.4894],[20.74146,49.48917]]}},{"type":"Feature","properties":{"kolor":"zielony","nazwa":"Ścieżka przyrodnicza im. Adama Stadnickiego"},"geometry":{"type":"LineString","coordinates":[[20.73407,49.48986],[20.73323,49.49026],[20.73205,49.4906],[20.72815,49.49255],[20.72787,49.49294],[20.72721,49.49332],[20.72661,49.49389],[20.72622,49.49402]]}},{"type":"Feature","properties":{"kolor":"zielony","nazwa":"Ścieżka przyrodnicza im. Adama Stadnickiego"},"geometry":{"type":"LineString","coordinates":[[20.71282,49.49685],[20.71334,49.4967],[20.71369,49.49681],[20.71478,49.49675],[20.71702,49.49603],[20.71858,49.496],[20.71995,49.49557],[20.72243,49.49452],[20.72325,49.49444],[20.72391,49.49417],[20.72516,49.4942],[20.72622,49.49402]]}},{"type":"Feature","properties":{"kolor":"zielony","nazwa":"Ścieżka przyrodnicza im. Adama Stadnickiego"},"geometry":{"type":"LineString","coordinates":[[20.69579,49.50976],[20.69607,49.50969],[20.69789,49.51014],[20.69898,49.51088],[20.7,49.51133],[20.70091,49.51228],[20.70137,49.51252],[20.70223,49.51231],[20.70291,49.51239],[20.7034,49.51229],[20.70355,49.51213],[20.70233,49.5106],[20.70225,49.51029],[20.70244,49.50985],[20.70352,49.50909],[20.70429,49.50813],[20.7045,49.50715],[20.70439,49.50563],[20.70562,49.50342],[20.7067,49.50313],[20.7072,49.50358],[20.70752,49.50414],[20.70798,49.50446],[20.71023,49.5048],[20.71238,49.50411],[20.71241,49.50396],[20.71373,49.503],[20.71364,49.50279],[20.71232,49.5023],[20.71063,49.50192],[20.70984,49.50123],[20.70933,49.49999],[20.70837,49.49958],[20.70873,49.49786],[20.71,49.49792],[20.71082,49.49779],[20.71196,49.49804],[20.71237,49.49721],[20.71282,49.49685]]}},{"type":"Feature","properties":{"kolor":"zielony","nazwa":"Ścieżka przyrodnicza im. Adama Stadnickiego"},"geometry":{"type":"LineString","coordinates":[[20.69579,49.50976],[20.69579,49.50992]]}},{"type":"Feature","properties":{"kolor":"zielony","nazwa":"Ścieżka przyrodnicza im. Adama Stadnickiego"},"geometry":{"type":"LineString","coordinates":[[20.69579,49.50992],[20.69562,49.51028]]}},{"type":"Feature","properties":{"kolor":"zielony","nazwa":"Ścieżka przyrodnicza im. Adama Stadnickiego"},"geometry":{"type":"LineString","coordinates":[[20.6915,49.50981],[20.69366,49.50989],[20.69489,49.51027],[20.69562,49.51028]]}},{"type":"Feature","properties":{"kolor":"zielony","nazwa":"Ścieżka przyrodnicza im. Adama Stadnickiego"},"geometry":{"type":"LineString","coordinates":[[20.6873,49.50924],[20.68741,49.50934],[20.6915,49.50981]]}},{"type":"Feature","properties":{"kolor":"zielony","nazwa":"Ścieżka przyrodnicza im. Adama Stadnickiego"},"geometry":{"type":"LineString","coordinates":[[20.68633,49.50834],[20.6873,49.50924]]}},{"type":"Feature","properties":{"kolor":"zielony","nazwa":"Ścieżka przyrodnicza im. Adama Stadnickiego"},"geometry":{"type":"LineString","coordinates":[[20.68493,49.50783],[20.68633,49.50834]]}},{"type":"Feature","properties":{"kolor":"zielony","nazwa":"Ścieżka przyrodnicza im. Adama Stadnickiego"},"geometry":{"type":"LineString","coordinates":[[20.68339,49.50654],[20.68392,49.50735],[20.68493,49.50783]]}},{"type":"Feature","properties":{"kolor":"zielony","nazwa":"Ścieżka przyrodnicza im. Adama Stadnickiego"},"geometry":{"type":"LineString","coordinates":[[20.68339,49.50654],[20.68325,49.50647]]}},{"type":"Feature","properties":{"kolor":"zielony","nazwa":"Ścieżka przyrodnicza im. Adama Stadnickiego"},"geometry":{"type":"LineString","coordinates":[[20.68325,49.50647],[20.68306,49.50635]]}},{"type":"Feature","properties":{"kolor":"zielony","nazwa":"Ścieżka przyrodnicza im. Adama Stadnickiego"},"geometry":{"type":"LineString","coordinates":[[20.68306,49.50635],[20.68175,49.50576],[20.68091,49.50511],[20.68024,49.50497],[20.67953,49.50411]]}},{"type":"Feature","properties":{"kolor":"zielony","nazwa":"Ścieżka przyrodnicza im. Adama Stadnickiego"},"geometry":{"type":"LineString","coordinates":[[20.67924,49.50406],[20.67953,49.50411]]}},{"type":"Feature","properties":{"kolor":"zielony","nazwa":"Ścieżka przyrodnicza im. Adama Stadnickiego"},"geometry":{"type":"LineString","coordinates":[[20.6772,49.50119],[20.67705,49.50217],[20.67716,49.50257],[20.678,49.5033],[20.67839,49.50397],[20.67924,49.50406]]}},{"type":"Feature","properties":{"kolor":"zielony","nazwa":"Ścieżka przyrodnicza im. Adama Stadnickiego"},"geometry":{"type":"LineString","coordinates":[[20.6772,49.50119],[20.67724,49.50107]]}},{"type":"Feature","properties":{"kolor":"zielony","nazwa":"Ścieżka przyrodnicza im. Adama Stadnickiego"},"geometry":{"type":"LineString","coordinates":[[20.67724,49.50107],[20.67728,49.50096]]}},{"type":"Feature","properties":{"kolor":"zielony","nazwa":"Ścieżka przyrodnicza im. Adama Stadnickiego"},"geometry":{"type":"LineString","coordinates":[[20.67728,49.50096],[20.67731,49.5009]]}},{"type":"Feature","properties":{"kolor":"zielony","nazwa":"Ścieżka przyrodnicza im. Adama Stadnickiego"},"geometry":{"type":"LineString","coordinates":[[20.67731,49.5009],[20.67726,49.50082]]}},{"type":"Feature","properties":{"kolor":"zielony","nazwa":"Ścieżka przyrodnicza im. Adama Stadnickiego"},"geometry":{"type":"LineString","coordinates":[[20.67726,49.50082],[20.67714,49.50059]]}},{"type":"Feature","properties":{"kolor":"zielony","nazwa":"Ścieżka przyrodnicza im. Adama Stadnickiego"},"geometry":{"type":"LineString","coordinates":[[20.67655,49.49966],[20.67714,49.50059]]}},{"type":"Feature","properties":{"kolor":"zielony","nazwa":"Ścieżka przyrodnicza im. Adama Stadnickiego"},"geometry":{"type":"LineString","coordinates":[[20.67563,49.49854],[20.67655,49.49966]]}},{"type":"Feature","properties":{"kolor":"zielony","nazwa":"Czorsztyn - Zamek Czorsztyn"},"geometry":{"type":"LineString","coordinates":[[20.33141,49.4381],[20.3308,49.43787],[20.32882,49.43762]]}},{"type":"Feature","properties":{"kolor":"zielony","nazwa":"Czorsztyn - Zamek Czorsztyn"},"geometry":{"type":"LineString","coordinates":[[20.32882,49.43762],[20.32523,49.43718],[20.32433,49.43637],[20.32379,49.43616],[20.32074,49.43582],[20.31992,49.43594],[20.31856,49.4358]]}},{"type":"Feature","properties":{"kolor":"zielony","nazwa":"Czorsztyn - Zamek Czorsztyn"},"geometry":{"type":"LineString","coordinates":[[20.31856,49.4358],[20.31716,49.43588],[20.3165,49.43604],[20.31472,49.43596]]}},{"type":"Feature","properties":{"kolor":"zielony","nazwa":"Czorsztyn - Zamek Czorsztyn"},"geometry":{"type":"LineString","coordinates":[[20.31472,49.43596],[20.31419,49.43584]]}},{"type":"Feature","properties":{"kolor":"zielony","nazwa":"Czorsztyn - Zamek Czorsztyn"},"geometry":{"type":"LineString","coordinates":[[20.31419,49.43584],[20.3137,49.43531],[20.31363,49.43499]]}},{"type":"Feature","properties":{"kolor":"zielony","nazwa":"Czorsztyn - Zamek Czorsztyn"},"geometry":{"type":"LineString","coordinates":[[20.31363,49.43499],[20.31361,49.43489],[20.3134,49.43497]]}},{"type":"Feature","properties":{"kolor":"zielony","nazwa":"Czorsztyn - Zamek Czorsztyn"},"geometry":{"type":"LineString","coordinates":[[20.3134,49.43497],[20.31327,49.43501]]}},{"type":"Feature","properties":{"kolor":"czarny","nazwa":"Złotne Bus - Hala Pisana"},"geometry":{"type":"LineString","coordinates":[[20.75088,49.50533],[20.75089,49.50469],[20.75123,49.50425],[20.75133,49.5035],[20.75181,49.5028],[20.75201,49.50197],[20.75257,49.50107],[20.75266,49.49973]]}},{"type":"Feature","properties":{"kolor":"czarny","nazwa":"Złotne Bus - Hala Pisana"},"geometry":{"type":"LineString","coordinates":[[20.7535,49.49685],[20.75294,49.49773],[20.75241,49.4982],[20.75251,49.49864],[20.75225,49.49918],[20.75266,49.49973]]}},{"type":"Feature","properties":{"kolor":"czarny","nazwa":"Złotne Bus - Hala Pisana"},"geometry":{"type":"LineString","coordinates":[[20.75454,49.49218],[20.75419,49.49248],[20.75346,49.4928],[20.75316,49.49336],[20.75316,49.49431],[20.75382,49.49569],[20.75374,49.49642],[20.7535,49.49685]]}},{"type":"Feature","properties":{"kolor":"czarny","nazwa":"Złotne Bus - Hala Pisana"},"geometry":{"type":"LineString","coordinates":[[20.75465,49.49197],[20.75454,49.49218]]}},{"type":"Feature","properties":{"kolor":"czarny","nazwa":"Złotne Bus - Hala Pisana"},"geometry":{"type":"LineString","coordinates":[[20.75772,49.48783],[20.75753,49.48799],[20.75801,49.48909],[20.75786,49.48978],[20.75755,49.4903],[20.75695,49.49077],[20.75649,49.49093],[20.75563,49.49162],[20.75465,49.49197]]}},{"type":"Feature","properties":{"kolor":"czarny","nazwa":"Złotne Bus - Hala Pisana"},"geometry":{"type":"LineString","coordinates":[[20.75772,49.48783],[20.75762,49.48739],[20.75733,49.48734],[20.75696,49.48791],[20.75702,49.48832],[20.75648,49.4888],[20.75611,49.48958],[20.75252,49.49019],[20.75093,49.49101],[20.75055,49.49084],[20.75034,49.49057]]}},{"type":"Feature","properties":{"kolor":"czarny","nazwa":"Złotne Bus - Hala Pisana"},"geometry":{"type":"LineString","coordinates":[[20.74828,49.4857],[20.74886,49.48639],[20.74892,49.48767],[20.75021,49.48902],[20.75045,49.48979],[20.75034,49.49057]]}},{"type":"Feature","properties":{"kolor":"czarny","nazwa":"Złotne Bus - Hala Pisana"},"geometry":{"type":"LineString","coordinates":[[20.74828,49.4857],[20.74867,49.4853],[20.7496,49.4852],[20.75021,49.48491],[20.75185,49.48329],[20.75241,49.48302],[20.75336,49.48205]]}},{"type":"Feature","properties":{"kolor":"czarny","nazwa":"Złotne Bus - Hala Pisana"},"geometry":{"type":"LineString","coordinates":[[20.75628,49.48081],[20.75485,49.48116],[20.75429,49.48161],[20.75336,49.48205]]}},{"type":"Feature","properties":{"kolor":"czarny","nazwa":"Złotne Bus - Hala Pisana"},"geometry":{"type":"LineString","coordinates":[[20.75628,49.48081],[20.75724,49.48075]]}},{"type":"Feature","properties":{"kolor":"zolty","nazwa":"Dojście do szczytu Bryjarki"},"geometry":{"type":"LineString","coordinates":[[20.48142,49.4316],[20.47962,49.43157]]}},{"type":"Feature","properties":{"kolor":"zielony","nazwa":"Hanušovským chotárom"},"geometry":{"type":"LineString","coordinates":[[20.34367,49.33206],[20.34381,49.3317],[20.34373,49.33024]]}},{"type":"Feature","properties":{"kolor":"zielony","nazwa":"Hanušovským chotárom"},"geometry":{"type":"LineString","coordinates":[[20.34509,49.33263],[20.34367,49.33206]]}},{"type":"Feature","properties":{"kolor":"zielony","nazwa":"Hanušovským chotárom"},"geometry":{"type":"LineString","coordinates":[[20.34521,49.33261],[20.34509,49.33263]]}},{"type":"Feature","properties":{"kolor":"zielony","nazwa":"Hanušovským chotárom"},"geometry":{"type":"LineString","coordinates":[[20.34521,49.33261],[20.34571,49.33273],[20.34618,49.33362],[20.34661,49.33384],[20.34865,49.33435],[20.34933,49.33432]]}},{"type":"Feature","properties":{"kolor":"zielony","nazwa":"Hanušovským chotárom"},"geometry":{"type":"LineString","coordinates":[[20.34933,49.33432],[20.35021,49.33382],[20.35116,49.33271],[20.35289,49.33224],[20.35356,49.33231],[20.35478,49.3317]]}},{"type":"Feature","properties":{"kolor":"zolty","nazwa":"Hanušovským chotárom"},"geometry":{"type":"LineString","coordinates":[[20.34937,49.33075],[20.34964,49.33099],[20.35077,49.33102],[20.35099,49.33131],[20.35116,49.33271]]}},{"type":"Feature","properties":{"kolor":"zolty","nazwa":"Hanušovským chotárom"},"geometry":{"type":"LineString","coordinates":[[20.34951,49.33407],[20.34874,49.33335],[20.34845,49.33277],[20.34844,49.33234],[20.34855,49.33206],[20.34886,49.33184],[20.34937,49.33075],[20.35038,49.32968]]}},{"type":"Feature","properties":{"kolor":"zolty","nazwa":"Hanušovským chotárom"},"geometry":{"type":"LineString","coordinates":[[20.34933,49.33432],[20.34951,49.33407]]}},{"type":"Feature","properties":{"kolor":"zolty","nazwa":"Hanušovským chotárom"},"geometry":{"type":"LineString","coordinates":[[20.34521,49.33261],[20.34571,49.33273],[20.34618,49.33362],[20.34661,49.33384],[20.34865,49.33435],[20.34933,49.33432]]}},{"type":"Feature","properties":{"kolor":"zolty","nazwa":"Hanušovským chotárom"},"geometry":{"type":"LineString","coordinates":[[20.34521,49.33261],[20.34509,49.33263]]}},{"type":"Feature","properties":{"kolor":"zielony","nazwa":"Schronisko PTTK Orlica - Przysłop"},"geometry":{"type":"LineString","coordinates":[[20.45793,49.41986],[20.45892,49.42115],[20.45929,49.42232]]}},{"type":"Feature","properties":{"kolor":"zielony","nazwa":"Schronisko PTTK Orlica - Przysłop"},"geometry":{"type":"LineString","coordinates":[[20.46033,49.42347],[20.46042,49.42347]]}},{"type":"Feature","properties":{"kolor":"zielony","nazwa":"Schronisko PTTK Orlica - Przysłop"},"geometry":{"type":"LineString","coordinates":[[20.4602,49.42349],[20.46033,49.42347]]}},{"type":"Feature","properties":{"kolor":"zielony","nazwa":"Schronisko PTTK Orlica - Przysłop"},"geometry":{"type":"LineString","coordinates":[[20.45929,49.42232],[20.4602,49.42349]]}},{"type":"Feature","properties":{"kolor":"zielony","nazwa":"Schronisko PTTK Orlica - Przysłop"},"geometry":{"type":"LineString","coordinates":[[20.46042,49.42347],[20.4605,49.42352]]}},{"type":"Feature","properties":{"kolor":"zielony","nazwa":"Schronisko PTTK Orlica - Przysłop"},"geometry":{"type":"LineString","coordinates":[[20.46338,49.42402],[20.4617,49.42395],[20.4605,49.42352]]}},{"type":"Feature","properties":{"kolor":"zielony","nazwa":"Schronisko PTTK Orlica - Przysłop"},"geometry":{"type":"LineString","coordinates":[[20.46332,49.42436],[20.46338,49.42402]]}},{"type":"Feature","properties":{"kolor":"zielony","nazwa":"Schronisko PTTK Orlica - Przysłop"},"geometry":{"type":"LineString","coordinates":[[20.46332,49.42436],[20.46329,49.42435]]}},{"type":"Feature","properties":{"kolor":"zielony","nazwa":"Schronisko PTTK Orlica - Przysłop"},"geometry":{"type":"LineString","coordinates":[[20.46325,49.42435],[20.46329,49.42435]]}},{"type":"Feature","properties":{"kolor":"zielony","nazwa":"Schronisko PTTK Orlica - Przysłop"},"geometry":{"type":"LineString","coordinates":[[20.4632,49.42442],[20.46325,49.42435]]}},{"type":"Feature","properties":{"kolor":"zielony","nazwa":"Schronisko PTTK Orlica - Przysłop"},"geometry":{"type":"LineString","coordinates":[[20.4632,49.42442],[20.46312,49.42441]]}},{"type":"Feature","properties":{"kolor":"zielony","nazwa":"Schronisko PTTK Orlica - Przysłop"},"geometry":{"type":"LineString","coordinates":[[20.46312,49.42441],[20.46322,49.42491],[20.46303,49.42522],[20.46435,49.42543],[20.46471,49.42578],[20.46472,49.42609]]}},{"type":"Feature","properties":{"kolor":"zielony","nazwa":"Schronisko PTTK Orlica - Przysłop"},"geometry":{"type":"LineString","coordinates":[[20.46725,49.42729],[20.46642,49.42734],[20.46574,49.42718],[20.46534,49.42692],[20.46472,49.42609]]}},{"type":"Feature","properties":{"kolor":"zielony","nazwa":"Schronisko PTTK Orlica - Przysłop"},"geometry":{"type":"LineString","coordinates":[[20.46725,49.42729],[20.46797,49.42769],[20.46794,49.42906]]}},{"type":"Feature","properties":{"kolor":"zielony","nazwa":"Schronisko PTTK Orlica - Przysłop"},"geometry":{"type":"LineString","coordinates":[[20.467,49.42874],[20.46747,49.42882],[20.46794,49.42906]]}},{"type":"Feature","properties":{"kolor":"zielony","nazwa":"Schronisko PTTK Orlica - Przysłop"},"geometry":{"type":"LineString","coordinates":[[20.467,49.42874],[20.46687,49.42916],[20.46631,49.42986],[20.46493,49.43015]]}},{"type":"Feature","properties":{"kolor":"zielony","nazwa":"Schronisko PTTK Orlica - Przysłop"},"geometry":{"type":"LineString","coordinates":[[20.46332,49.43029],[20.46493,49.43015]]}},{"type":"Feature","properties":{"kolor":"zielony","nazwa":"Schronisko PTTK Orlica - Przysłop"},"geometry":{"type":"LineString","coordinates":[[20.46358,49.44741],[20.46274,49.44631],[20.46245,49.44533],[20.46185,49.44504],[20.46168,49.44482],[20.46166,49.44228],[20.46147,49.44171],[20.4616,49.44084],[20.46217,49.43954],[20.4622,49.439],[20.46197,49.43841],[20.46146,49.43791],[20.46097,49.43653],[20.46121,49.43576],[20.46214,49.43463],[20.46267,49.43361],[20.46297,49.43122],[20.46332,49.43029]]}},{"type":"Feature","properties":{"kolor":"zielony","nazwa":"Schronisko PTTK Orlica - Przysłop"},"geometry":{"type":"LineString","coordinates":[[20.46358,49.44741],[20.46355,49.44847],[20.46329,49.44887],[20.46354,49.44963],[20.46303,49.45038],[20.46309,49.45081],[20.46426,49.45231],[20.46595,49.45336],[20.46625,49.45396],[20.4674,49.45495],[20.46774,49.45543],[20.46749,49.45624],[20.46804,49.45676],[20.46811,49.45801],[20.46786,49.45852],[20.46812,49.45926],[20.46797,49.45996],[20.46736,49.4606],[20.46731,49.46101],[20.46884,49.46177],[20.46987,49.46273],[20.47,49.46294],[20.4697,49.46401],[20.47001,49.46468],[20.47079,49.46523]]}},{"type":"Feature","properties":{"kolor":"zielony","nazwa":"Schronisko PTTK Orlica - Przysłop"},"geometry":{"type":"LineString","coordinates":[[20.47172,49.4654],[20.47079,49.46523]]}},{"type":"Feature","properties":{"kolor":"zielony","nazwa":"Schronisko PTTK Orlica - Przysłop"},"geometry":{"type":"LineString","coordinates":[[20.47765,49.46577],[20.47593,49.46531],[20.47274,49.4658],[20.47172,49.4654]]}},{"type":"Feature","properties":{"kolor":"zielony","nazwa":"Schronisko PTTK Orlica - Przysłop"},"geometry":{"type":"LineString","coordinates":[[20.48163,49.46463],[20.47948,49.46548],[20.47831,49.46578],[20.47765,49.46577]]}},{"type":"Feature","properties":{"kolor":"zolty","nazwa":"Kuriérsky chodník"},"geometry":{"type":"LineString","coordinates":[[20.63382,49.3924],[20.63364,49.39222],[20.63369,49.39188]]}},{"type":"Feature","properties":{"kolor":"zolty","nazwa":"Kuriérsky chodník"},"geometry":{"type":"LineString","coordinates":[[20.63369,49.39188],[20.6337,49.39167]]}},{"type":"Feature","properties":{"kolor":"zolty","nazwa":"Kuriérsky chodník"},"geometry":{"type":"LineString","coordinates":[[20.6337,49.39167],[20.63456,49.39125]]}},{"type":"Feature","properties":{"kolor":"zolty","nazwa":"Kuriérsky chodník"},"geometry":{"type":"LineString","coordinates":[[20.63456,49.39125],[20.6351,49.39092]]}},{"type":"Feature","properties":{"kolor":"zolty","nazwa":"Kuriérsky chodník"},"geometry":{"type":"LineString","coordinates":[[20.6351,49.39092],[20.63515,49.39088]]}},{"type":"Feature","properties":{"kolor":"zolty","nazwa":"Kuriérsky chodník"},"geometry":{"type":"LineString","coordinates":[[20.63515,49.39088],[20.63549,49.3907],[20.63607,49.39069],[20.63885,49.39114],[20.64039,49.39121]]}},{"type":"Feature","properties":{"kolor":"zolty","nazwa":"Kuriérsky chodník"},"geometry":{"type":"LineString","coordinates":[[20.64039,49.39121],[20.64078,49.39237],[20.64058,49.39295],[20.64078,49.39304],[20.64116,49.39299]]}},{"type":"Feature","properties":{"kolor":"zolty","nazwa":"Kuriérsky chodník"},"geometry":{"type":"LineString","coordinates":[[20.64116,49.39299],[20.64162,49.39277],[20.64256,49.39264],[20.64344,49.39222],[20.64409,49.39239],[20.6448,49.39242]]}},{"type":"Feature","properties":{"kolor":"zolty","nazwa":"Kuriérsky chodník"},"geometry":{"type":"LineString","coordinates":[[20.6448,49.39242],[20.64523,49.39196]]}},{"type":"Feature","properties":{"kolor":"zolty","nazwa":"Kuriérsky chodník"},"geometry":{"type":"LineString","coordinates":[[20.64569,49.39111],[20.64618,49.39114],[20.64732,49.3918],[20.64849,49.3922],[20.64917,49.39231],[20.64978,49.39227],[20.65031,49.39243]]}},{"type":"Feature","properties":{"kolor":"zolty","nazwa":""},"geometry":{"type":"LineString","coordinates":[[20.63403,49.39117],[20.63384,49.39082],[20.6337,49.38973],[20.63303,49.38915]]}},{"type":"Feature","properties":{"kolor":"zolty","nazwa":""},"geometry":{"type":"LineString","coordinates":[[20.63303,49.38915],[20.6332,49.38911]]}},{"type":"Feature","properties":{"kolor":"zolty","nazwa":""},"geometry":{"type":"LineString","coordinates":[[20.6332,49.38911],[20.63295,49.3888]]}},{"type":"Feature","properties":{"kolor":"zolty","nazwa":""},"geometry":{"type":"LineString","coordinates":[[20.63295,49.3888],[20.63294,49.38877]]}},{"type":"Feature","properties":{"kolor":"zolty","nazwa":""},"geometry":{"type":"LineString","coordinates":[[20.63294,49.38877],[20.63294,49.38876]]}},{"type":"Feature","properties":{"kolor":"zolty","nazwa":""},"geometry":{"type":"LineString","coordinates":[[20.63294,49.38876],[20.63275,49.38874]]}},{"type":"Feature","properties":{"kolor":"zolty","nazwa":""},"geometry":{"type":"LineString","coordinates":[[20.63275,49.38874],[20.63268,49.38871]]}},{"type":"Feature","properties":{"kolor":"zolty","nazwa":""},"geometry":{"type":"LineString","coordinates":[[20.63268,49.38871],[20.63215,49.38787],[20.6322,49.38724]]}},{"type":"Feature","properties":{"kolor":"zolty","nazwa":""},"geometry":{"type":"LineString","coordinates":[[20.6322,49.38724],[20.63223,49.38719]]}},{"type":"Feature","properties":{"kolor":"zolty","nazwa":""},"geometry":{"type":"LineString","coordinates":[[20.63223,49.38719],[20.6329,49.38587],[20.63503,49.38437],[20.63622,49.38334],[20.63647,49.38243]]}},{"type":"Feature","properties":{"kolor":"zolty","nazwa":""},"geometry":{"type":"LineString","coordinates":[[20.63647,49.38243],[20.63647,49.38226]]}},{"type":"Feature","properties":{"kolor":"zolty","nazwa":""},"geometry":{"type":"LineString","coordinates":[[20.63647,49.38226],[20.63647,49.38217]]}},{"type":"Feature","properties":{"kolor":"zolty","nazwa":""},"geometry":{"type":"LineString","coordinates":[[20.63647,49.38217],[20.63672,49.3788],[20.6355,49.37651],[20.63386,49.3747],[20.63292,49.37424],[20.63149,49.37389],[20.6297,49.37409],[20.62893,49.374],[20.62573,49.37462],[20.62509,49.37452]]}},{"type":"Feature","properties":{"kolor":"zolty","nazwa":""},"geometry":{"type":"LineString","coordinates":[[20.62105,49.41743],[20.62151,49.41719]]}},{"type":"Feature","properties":{"kolor":"zolty","nazwa":""},"geometry":{"type":"LineString","coordinates":[[20.63411,49.39313],[20.63414,49.39311]]}},{"type":"Feature","properties":{"kolor":"zolty","nazwa":""},"geometry":{"type":"LineString","coordinates":[[20.62151,49.41719],[20.6222,49.41667],[20.62241,49.41631],[20.62194,49.41471]]}},{"type":"Feature","properties":{"kolor":"zolty","nazwa":""},"geometry":{"type":"LineString","coordinates":[[20.62194,49.41471],[20.62198,49.41418]]}},{"type":"Feature","properties":{"kolor":"zolty","nazwa":""},"geometry":{"type":"LineString","coordinates":[[20.61945,49.41245],[20.62074,49.4135],[20.62198,49.41418]]}},{"type":"Feature","properties":{"kolor":"zolty","nazwa":""},"geometry":{"type":"LineString","coordinates":[[20.62763,49.39643],[20.62761,49.39703],[20.62712,49.39764],[20.62729,49.39823],[20.62695,49.39899],[20.62697,49.40084],[20.62719,49.40154],[20.62664,49.40254],[20.62539,49.40382],[20.62233,49.40597],[20.61921,49.4077],[20.61773,49.40904],[20.61732,49.41027],[20.6179,49.41081],[20.61863,49.41117],[20.61909,49.41214],[20.61945,49.41245]]}},{"type":"Feature","properties":{"kolor":"zolty","nazwa":""},"geometry":{"type":"LineString","coordinates":[[20.62763,49.39643],[20.62824,49.39593],[20.62905,49.39575]]}},{"type":"Feature","properties":{"kolor":"zolty","nazwa":""},"geometry":{"type":"LineString","coordinates":[[20.62905,49.39575],[20.62958,49.39569],[20.63062,49.39595],[20.63137,49.39582],[20.63197,49.39519],[20.632,49.39446],[20.63356,49.39317],[20.63406,49.39315]]}},{"type":"Feature","properties":{"kolor":"zolty","nazwa":""},"geometry":{"type":"LineString","coordinates":[[20.63406,49.39315],[20.63411,49.39313]]}},{"type":"Feature","properties":{"kolor":"zolty","nazwa":""},"geometry":{"type":"LineString","coordinates":[[20.41202,49.48314],[20.41012,49.48224],[20.4087,49.48196]]}},{"type":"Feature","properties":{"kolor":"zolty","nazwa":""},"geometry":{"type":"LineString","coordinates":[[20.39763,49.47505],[20.39942,49.47764],[20.40047,49.4785],[20.40066,49.47904],[20.40343,49.48101],[20.40371,49.48141],[20.40424,49.48156],[20.40461,49.48136],[20.40547,49.48138],[20.40674,49.48194],[20.40732,49.48206],[20.4087,49.48196]]}},{"type":"Feature","properties":{"kolor":"zolty","nazwa":""},"geometry":{"type":"LineString","coordinates":[[20.40016,49.47528],[20.4001,49.47542],[20.3991,49.47513],[20.39763,49.47505]]}},{"type":"Feature","properties":{"kolor":"zolty","nazwa":""},"geometry":{"type":"LineString","coordinates":[[20.39451,49.46837],[20.39561,49.4686],[20.3962,49.4689],[20.39692,49.46958],[20.39686,49.47026],[20.39736,49.47072],[20.39797,49.47172],[20.39897,49.47176],[20.39999,49.47206],[20.39999,49.4724],[20.39955,49.47287],[20.3989,49.47312],[20.39888,49.47327],[20.39952,49.47449],[20.40016,49.47528]]}},{"type":"Feature","properties":{"kolor":"czarny","nazwa":"Baza namiotowa Pod Wysoką - Schronisko pod Durbaszką"},"geometry":{"type":"LineString","coordinates":[[20.54921,49.38707],[20.5474,49.38852],[20.54817,49.38934],[20.54933,49.38875],[20.54959,49.38879],[20.55047,49.38962],[20.5509,49.39024],[20.55164,49.39067],[20.55158,49.39142],[20.55186,49.39291],[20.55213,49.39291],[20.55262,49.39248],[20.55312,49.39228],[20.55365,49.39173],[20.55421,49.39147],[20.55453,49.39093],[20.55487,49.39101]]}},{"type":"Feature","properties":{"kolor":"czarny","nazwa":"Baza namiotowa Pod Wysoką - Schronisko pod Durbaszką"},"geometry":{"type":"LineString","coordinates":[[20.53619,49.39055],[20.53663,49.38963],[20.5388,49.3883],[20.54049,49.3879],[20.54413,49.38786],[20.54921,49.38707]]}},{"type":"Feature","properties":{"kolor":"czarny","nazwa":""},"geometry":{"type":"LineString","coordinates":[[20.53619,49.39055],[20.53606,49.38985],[20.53568,49.38925],[20.53502,49.38874],[20.53339,49.3886],[20.53005,49.38893]]}}]}