{"type":"FeatureCollection","features":[{"type":"Feature","properties":{"id":"1B","nazwa":"„Wilcza Chata”","slug":"wilcza-chata","adres":"/szlaki/wilcza-chata","dlugoscKm":16,"czasMin":290,"podejscieM":730,"trudnosc":"trudna","petla":true,"maSlad":true,"kolor":"#1f6dad"},"geometry":{"type":"LineString","coordinates":[[20.48256,49.42522],[20.48466,49.42617],[20.4863,49.4277],[20.48685,49.42863],[20.48732,49.42885],[20.48785,49.42873],[20.4874,49.42846],[20.48716,49.42797],[20.48723,49.42596],[20.49103,49.42494],[20.49221,49.42416],[20.49346,49.42455],[20.49377,49.42476],[20.49541,49.4253],[20.49606,49.42628],[20.49676,49.42685],[20.49686,49.42738],[20.49806,49.42846],[20.49892,49.4288],[20.49964,49.43006],[20.5003,49.43044],[20.50046,49.43075],[20.50106,49.43113],[20.50118,49.43133],[20.50104,49.43233],[20.50226,49.4333],[20.50272,49.43395],[20.50297,49.43568],[20.50336,49.43687],[20.50397,49.4377],[20.50401,49.43797],[20.50308,49.43907],[20.50213,49.44101],[20.50243,49.44242],[20.50167,49.44396],[20.50269,49.44505],[20.50302,49.4457],[20.50308,49.44667],[20.5029,49.44787],[20.50432,49.44937],[20.50458,49.45004],[20.50462,49.45048],[20.50426,49.45105],[20.50424,49.45167],[20.50321,49.45262],[20.50304,49.45294],[20.50339,49.45388],[20.50382,49.45422],[20.5061,49.45502],[20.5075,49.45579],[20.50785,49.45636],[20.50857,49.45676],[20.51054,49.45729],[20.51223,49.45729],[20.51283,49.45743],[20.51421,49.45861],[20.51438,49.45858],[20.51446,49.45806],[20.51431,49.45703],[20.51706,49.4567],[20.51873,49.45584],[20.5185,49.45525],[20.51881,49.45459],[20.52011,49.45458],[20.52022,49.4545],[20.52009,49.45388],[20.519,49.45338],[20.51906,49.45325],[20.51941,49.45319],[20.5209,49.45354],[20.52125,49.45408],[20.52402,49.45629],[20.52419,49.45685],[20.52366,49.4575],[20.52376,49.45765],[20.52441,49.45774],[20.5266,49.45869],[20.52691,49.45902],[20.52751,49.45926],[20.52802,49.45924],[20.52931,49.45891],[20.53087,49.45916],[20.53166,49.45907],[20.53113,49.45892],[20.53055,49.45857],[20.52991,49.45796],[20.53041,49.4571],[20.53135,49.4566],[20.532,49.45573],[20.53216,49.45428],[20.53165,49.45361],[20.53082,49.45284],[20.52976,49.45217],[20.52949,49.45179],[20.53016,49.4511],[20.53086,49.44928],[20.53113,49.44898],[20.53114,49.44775],[20.53047,49.44763],[20.53009,49.44674],[20.52926,49.44653],[20.52865,49.44604],[20.5286,49.44448],[20.52845,49.44442],[20.52823,49.4438],[20.52833,49.44278],[20.52811,49.44262],[20.52808,49.44204],[20.52693,49.44011],[20.52683,49.43935],[20.52493,49.43901],[20.52453,49.43904],[20.52395,49.43879],[20.5232,49.43814],[20.52206,49.43767],[20.5216,49.43718],[20.5214,49.43672],[20.51986,49.43764],[20.5196,49.43749],[20.51969,49.43712],[20.52005,49.43697],[20.52113,49.43576],[20.52116,49.43543],[20.52091,49.43509],[20.52032,49.43471],[20.51946,49.43458],[20.51765,49.43389],[20.51681,49.43306],[20.51586,49.43298],[20.51549,49.43233],[20.51512,49.43208],[20.5127,49.43137],[20.51225,49.4311],[20.51203,49.43038],[20.51124,49.43009],[20.51059,49.42947],[20.50955,49.42918],[20.50997,49.42859],[20.50963,49.4285],[20.50859,49.42782],[20.50823,49.42701],[20.50766,49.42631],[20.50719,49.42515],[20.50597,49.42432],[20.50406,49.42242],[20.50454,49.42173],[20.50449,49.42159],[20.50305,49.42118],[20.50206,49.42099],[20.50089,49.42096],[20.49975,49.42055],[20.49773,49.42025],[20.49546,49.42063],[20.4944,49.42036],[20.49282,49.42061],[20.49166,49.42055],[20.48968,49.42111],[20.48824,49.42259],[20.48627,49.42341],[20.48463,49.42464],[20.48413,49.4247],[20.48325,49.42451],[20.48281,49.42477],[20.48256,49.42522]]}},{"type":"Feature","properties":{"id":"KP11","nazwa":"Aksamitka","slug":"aksamitka","adres":"/szlaki/aksamitka","dlugoscKm":10.6,"czasMin":239,"podejscieM":810,"trudnosc":"trudna","petla":false,"maSlad":true,"kolor":"#1f6dad"},"geometry":{"type":"LineString","coordinates":[[20.48259,49.42514],[20.48233,49.42528],[20.48206,49.4254],[20.48187,49.42547],[20.48166,49.42555],[20.48153,49.4256],[20.48131,49.42569],[20.48107,49.42578],[20.48103,49.42574],[20.48097,49.42564],[20.48099,49.42562],[20.48104,49.42555],[20.48079,49.42555],[20.48074,49.42557],[20.48064,49.42542],[20.48034,49.4255],[20.48031,49.4252],[20.48047,49.42517],[20.48054,49.42512],[20.48058,49.42508],[20.48059,49.42503],[20.48057,49.42497],[20.48038,49.42468],[20.48037,49.42467],[20.48036,49.42465],[20.48025,49.42441],[20.48023,49.42436],[20.48021,49.42433],[20.4804,49.42429],[20.48087,49.42423],[20.48126,49.42415],[20.48145,49.42411],[20.4822,49.42392],[20.48249,49.42385],[20.48231,49.42361],[20.48225,49.42357],[20.48217,49.42354],[20.48205,49.42354],[20.48196,49.42356],[20.48193,49.42356],[20.48176,49.42362],[20.48154,49.42362],[20.48149,49.42361],[20.48146,49.42359],[20.48147,49.42356],[20.48151,49.4235],[20.48165,49.42339],[20.48182,49.42324],[20.48194,49.42309],[20.48211,49.42285],[20.48225,49.42257],[20.48229,49.42244],[20.48228,49.42231],[20.48219,49.42222],[20.48203,49.42223],[20.48182,49.42227],[20.48153,49.42233],[20.48131,49.42236],[20.48103,49.42238],[20.48073,49.42232],[20.48053,49.42223],[20.48038,49.42206],[20.48031,49.42194],[20.48028,49.42183],[20.48019,49.42161],[20.48008,49.42143],[20.47994,49.42127],[20.47987,49.42125],[20.47974,49.42124],[20.47939,49.42129],[20.47889,49.42132],[20.47865,49.42127],[20.47828,49.42114],[20.47805,49.42101],[20.47773,49.42091],[20.4775,49.42084],[20.47724,49.42079],[20.47701,49.4207],[20.47685,49.42059],[20.47675,49.42047],[20.4767,49.42029],[20.47671,49.42019],[20.47669,49.42002],[20.47666,49.41989],[20.47668,49.41978],[20.47679,49.41968],[20.47689,49.41963],[20.47692,49.41953],[20.477,49.41943],[20.47708,49.41937],[20.47707,49.41935],[20.47697,49.41929],[20.47691,49.41925],[20.4769,49.41919],[20.47681,49.41916],[20.47681,49.41915],[20.47687,49.4191],[20.47687,49.41906],[20.47684,49.41904],[20.47673,49.41903],[20.47652,49.41904],[20.4764,49.41899],[20.47635,49.41893],[20.47633,49.41892],[20.47631,49.41886],[20.47633,49.41881],[20.47645,49.41871],[20.47641,49.41848],[20.47642,49.41842],[20.47657,49.41837],[20.47658,49.4183],[20.47658,49.41821],[20.4759,49.41789],[20.47585,49.41779],[20.47586,49.41768],[20.47618,49.41733],[20.47631,49.41719],[20.47662,49.41692],[20.47679,49.41675],[20.47689,49.41648],[20.4769,49.41638],[20.47689,49.41633],[20.47688,49.41627],[20.4768,49.41597],[20.47668,49.41561],[20.4767,49.4154],[20.47674,49.41504],[20.47678,49.41472],[20.47685,49.41463],[20.47688,49.41427],[20.47668,49.41409],[20.47682,49.41393],[20.47682,49.4138],[20.4768,49.4137],[20.47674,49.41359],[20.47664,49.41367],[20.4765,49.41382],[20.47644,49.41389],[20.47635,49.41398],[20.47623,49.41408],[20.4761,49.41412],[20.47601,49.41414],[20.4758,49.41417],[20.47574,49.41419],[20.47567,49.41419],[20.47566,49.41423],[20.47559,49.41423],[20.47549,49.41425],[20.47547,49.41429],[20.47537,49.41429],[20.47531,49.41435],[20.47525,49.41436],[20.47487,49.4145],[20.47462,49.41457],[20.47438,49.41462],[20.47412,49.41473],[20.47392,49.41476],[20.47375,49.41483],[20.47362,49.41487],[20.47348,49.4149],[20.47329,49.41495],[20.47292,49.41512],[20.47269,49.41522],[20.47259,49.41526],[20.47237,49.41531],[20.47233,49.4152],[20.47217,49.41493],[20.47211,49.41476],[20.4721,49.41456],[20.47208,49.41452],[20.47201,49.41449],[20.47198,49.41443],[20.47195,49.41436],[20.47198,49.4143],[20.47205,49.41422],[20.47215,49.4141],[20.47218,49.41399],[20.47222,49.41374],[20.47227,49.41365],[20.47226,49.41351],[20.47234,49.41337],[20.47238,49.41332],[20.47242,49.41322],[20.47244,49.41306],[20.47242,49.41293],[20.47231,49.41278],[20.47221,49.41267],[20.47218,49.41251],[20.47221,49.41237],[20.47233,49.4122],[20.47235,49.41213],[20.47233,49.41208],[20.47214,49.4119],[20.47142,49.41147],[20.4709,49.4112],[20.47074,49.41113],[20.47055,49.41109],[20.47033,49.41101],[20.47014,49.41098],[20.46999,49.41097],[20.46981,49.41098],[20.46954,49.41103],[20.46938,49.41105],[20.4691,49.41109],[20.46879,49.41112],[20.46866,49.41113],[20.46842,49.41119],[20.46823,49.41122],[20.46795,49.41125],[20.46773,49.41123],[20.46754,49.41121],[20.46731,49.41114],[20.46663,49.41098],[20.4663,49.41087],[20.46606,49.4108],[20.46575,49.41076],[20.46541,49.41076],[20.4649,49.41076],[20.46443,49.41073],[20.46423,49.4107],[20.46404,49.41065],[20.46391,49.41061],[20.46353,49.41077],[20.46328,49.41085],[20.46294,49.41088],[20.46265,49.41092],[20.46224,49.41105],[20.46175,49.41122],[20.46148,49.41126],[20.46128,49.41128],[20.46103,49.41128],[20.46083,49.41129],[20.46064,49.41128],[20.46046,49.41124],[20.46038,49.41122],[20.46035,49.4112],[20.46033,49.41119],[20.46033,49.41116],[20.46033,49.4111],[20.46034,49.41104],[20.46033,49.41101],[20.4603,49.41098],[20.46025,49.41103],[20.46019,49.41108],[20.46012,49.41113],[20.46008,49.41115],[20.46001,49.41119],[20.45995,49.41122],[20.45929,49.4115],[20.45843,49.41186],[20.45792,49.41207],[20.45762,49.41219],[20.4575,49.41227],[20.45739,49.41233],[20.45726,49.4124],[20.45705,49.41253],[20.45693,49.41259],[20.45682,49.41266],[20.45677,49.41268],[20.45656,49.4128],[20.45629,49.41287],[20.45602,49.41295],[20.45524,49.41313],[20.45475,49.41323],[20.45446,49.4133],[20.45434,49.41333],[20.45422,49.41336],[20.45409,49.41342],[20.45397,49.41348],[20.45386,49.41354],[20.45377,49.4136],[20.4535,49.41384],[20.45336,49.41393],[20.45322,49.414],[20.45217,49.41448],[20.45199,49.41457],[20.45195,49.41458],[20.45178,49.41465],[20.45164,49.41468],[20.4515,49.41469],[20.45122,49.4147],[20.45099,49.41466],[20.45077,49.41461],[20.45065,49.41457],[20.45053,49.4145],[20.45042,49.41443],[20.45034,49.41435],[20.45028,49.41425],[20.45016,49.41406],[20.45011,49.41398],[20.45028,49.4139],[20.45011,49.41398],[20.45016,49.41406],[20.45028,49.41425],[20.45034,49.41435],[20.45042,49.41443],[20.45053,49.4145],[20.45065,49.41457],[20.45077,49.41461],[20.45099,49.41466],[20.45122,49.4147],[20.4515,49.41469],[20.45164,49.41468],[20.45178,49.41465],[20.45195,49.41458],[20.45199,49.41457],[20.45217,49.41448],[20.45322,49.414],[20.45336,49.41393],[20.4535,49.41384],[20.45377,49.4136],[20.45386,49.41354],[20.45397,49.41348],[20.45409,49.41342],[20.45422,49.41336],[20.45434,49.41333],[20.45446,49.4133],[20.45475,49.41323],[20.45524,49.41313],[20.45602,49.41295],[20.45629,49.41287],[20.45656,49.4128],[20.45677,49.41268],[20.45682,49.41266],[20.45693,49.41259],[20.45705,49.41253],[20.45726,49.4124],[20.45739,49.41233],[20.4575,49.41227],[20.45762,49.41219],[20.45792,49.41207],[20.45843,49.41186],[20.45929,49.4115],[20.45995,49.41122],[20.46001,49.41119],[20.46008,49.41115],[20.46012,49.41113],[20.46019,49.41108],[20.46025,49.41103],[20.4603,49.41098],[20.46034,49.41093],[20.4604,49.41085],[20.46072,49.41039],[20.46102,49.40993],[20.46112,49.4098],[20.46123,49.40968],[20.46149,49.40943],[20.46244,49.40854],[20.46332,49.40773],[20.46337,49.40769],[20.4638,49.40727],[20.464,49.40709],[20.46413,49.407],[20.46425,49.40692],[20.46444,49.40681],[20.46455,49.40673],[20.46471,49.40661],[20.46504,49.40624],[20.46539,49.40591],[20.4657,49.40557],[20.4658,49.40546],[20.46592,49.40536],[20.46615,49.40516],[20.46628,49.40506],[20.46685,49.40458],[20.46699,49.4044],[20.46708,49.40427],[20.46741,49.40403],[20.46751,49.40393],[20.46758,49.40383],[20.46763,49.40371],[20.46764,49.40357],[20.46762,49.40343],[20.46758,49.40336],[20.46758,49.40331],[20.46759,49.40329],[20.46761,49.40327],[20.46766,49.40324],[20.46784,49.40315],[20.46805,49.40308],[20.46846,49.40299],[20.46879,49.40291],[20.46903,49.40286],[20.46916,49.40281],[20.46927,49.40277],[20.46947,49.40268],[20.46969,49.40257],[20.4698,49.40249],[20.47024,49.40218],[20.47037,49.40207],[20.47074,49.40179],[20.47105,49.4016],[20.47184,49.40113],[20.47237,49.40066],[20.47271,49.40039],[20.47295,49.40016],[20.47286,49.40001],[20.47282,49.39995],[20.47267,49.39975],[20.47251,49.39961],[20.47239,49.3995],[20.4722,49.39937],[20.47192,49.3992],[20.47155,49.39898],[20.4715,49.39895],[20.47123,49.39883],[20.47082,49.39867],[20.47054,49.39858],[20.47043,49.39851],[20.4703,49.39844],[20.47021,49.3984],[20.47012,49.39837],[20.46996,49.39833],[20.46971,49.39827],[20.4695,49.3982],[20.46938,49.39814],[20.46918,49.39804],[20.46889,49.39787],[20.46867,49.39772],[20.46833,49.39755],[20.46796,49.39744],[20.46782,49.39738],[20.46765,49.39729],[20.46742,49.39712],[20.46725,49.39704],[20.46703,49.39693],[20.46693,49.39687],[20.46688,49.39679],[20.46697,49.39678],[20.46729,49.39676],[20.46745,49.39678],[20.46772,49.39677],[20.46797,49.39674],[20.46899,49.39651],[20.4696,49.39641],[20.46985,49.39632],[20.47038,49.39612],[20.47064,49.39599],[20.47086,49.39587],[20.47096,49.39579],[20.47105,49.39566],[20.47112,49.39552],[20.47118,49.39529],[20.47124,49.39502],[20.47123,49.39499],[20.47107,49.39476],[20.47076,49.39438],[20.4706,49.3942],[20.47051,49.39413],[20.47037,49.39406],[20.47007,49.39393],[20.46976,49.39384],[20.46942,49.39369],[20.46924,49.39355],[20.46915,49.39345],[20.46909,49.3934],[20.46905,49.39334],[20.46905,49.39329],[20.46903,49.39322],[20.469,49.39307],[20.46899,49.39296],[20.46888,49.39265],[20.46886,49.39254],[20.46879,49.39215],[20.46879,49.39144],[20.46881,49.39131],[20.4688,49.39122],[20.46874,49.39112],[20.4687,49.391],[20.46871,49.3909],[20.46879,49.39068],[20.46883,49.39052],[20.46882,49.3904],[20.46883,49.39028],[20.46881,49.39015],[20.46882,49.38999],[20.46888,49.38985],[20.46897,49.3898],[20.46899,49.38974],[20.46896,49.3897],[20.4687,49.38953],[20.46862,49.38945],[20.4685,49.38938],[20.46838,49.38927],[20.46834,49.38917],[20.46829,49.38912],[20.46804,49.38896],[20.46784,49.38888],[20.46753,49.38873],[20.46722,49.38863],[20.46663,49.38851],[20.46623,49.38847],[20.46613,49.38845],[20.46602,49.38845],[20.46575,49.38842],[20.46562,49.38837],[20.4653,49.38819],[20.46505,49.3881],[20.46467,49.3879],[20.46458,49.38785],[20.46439,49.38779],[20.46418,49.38774],[20.46402,49.38771],[20.46384,49.38764],[20.46373,49.38758],[20.46364,49.38755],[20.46357,49.38751],[20.46346,49.38749],[20.46302,49.38746],[20.46287,49.38741],[20.46273,49.38739],[20.46268,49.38738],[20.46259,49.38735],[20.46254,49.38733],[20.46249,49.38732],[20.4624,49.38732],[20.46236,49.38731],[20.46232,49.38728],[20.46222,49.38723],[20.46192,49.38714],[20.46185,49.38708],[20.46175,49.38702],[20.46172,49.38696],[20.46156,49.38691],[20.46147,49.38683],[20.46136,49.38668],[20.46127,49.3865],[20.4612,49.3864],[20.4612,49.38624],[20.46154,49.38626],[20.4618,49.3863],[20.4622,49.38631],[20.46258,49.38642],[20.4628,49.38641],[20.46304,49.38639],[20.46337,49.3863],[20.46383,49.38632],[20.46428,49.38629],[20.46443,49.38632],[20.46486,49.38643],[20.46605,49.38657],[20.46661,49.38668],[20.46685,49.38672],[20.46715,49.38676],[20.46739,49.38675],[20.4676,49.38671],[20.4679,49.38674],[20.4682,49.38678],[20.46851,49.38676],[20.46865,49.38679],[20.46894,49.38673],[20.46916,49.38665],[20.46955,49.38643],[20.46994,49.38626],[20.47005,49.38615],[20.47007,49.38589],[20.47009,49.38566],[20.47012,49.38549],[20.47017,49.38541],[20.47036,49.38535],[20.47049,49.3853],[20.4708,49.38513]]}},{"type":"Feature","properties":{"id":"KP22","nazwa":"Barwinkowa Góra","slug":"barwinkowa-gora","adres":"/szlaki/barwinkowa-gora","dlugoscKm":5.1,"czasMin":96,"podejscieM":200,"trudnosc":"latwa","petla":false,"maSlad":true,"kolor":"#c0392b"},"geometry":{"type":"LineString","coordinates":[[20.3191,49.42151],[20.31892,49.42153],[20.31882,49.42154],[20.31878,49.42154],[20.3182,49.42155],[20.31803,49.42156],[20.31793,49.42158],[20.31786,49.42159],[20.31786,49.42155],[20.31785,49.42146],[20.31812,49.42112],[20.31818,49.42091],[20.31821,49.42084],[20.3183,49.42028],[20.31833,49.41963],[20.31831,49.41956],[20.3183,49.4195],[20.31819,49.41946],[20.31804,49.41943],[20.31785,49.41943],[20.31744,49.41957],[20.31725,49.4196],[20.3171,49.41959],[20.31697,49.41955],[20.31666,49.41939],[20.31657,49.41936],[20.3164,49.41934],[20.31593,49.41939],[20.31509,49.4194],[20.31483,49.41945],[20.31435,49.41959],[20.31384,49.41975],[20.31081,49.42059],[20.31023,49.42075],[20.30894,49.42086],[20.30858,49.42087],[20.30842,49.42085],[20.30786,49.42074],[20.30765,49.4207],[20.30733,49.42065],[20.30624,49.42042],[20.30563,49.42033],[20.30376,49.41999],[20.30336,49.41992],[20.30316,49.4199],[20.30295,49.41983],[20.30256,49.41975],[20.30207,49.41967],[20.30159,49.41952],[20.3012,49.41938],[20.30079,49.4192],[20.30039,49.41905],[20.29992,49.41887],[20.29967,49.41873],[20.2993,49.41853],[20.29893,49.41831],[20.29877,49.41823],[20.29756,49.41738],[20.29727,49.41717],[20.29707,49.4171],[20.2967,49.41701],[20.2965,49.41698],[20.29623,49.41697],[20.29585,49.41693],[20.29499,49.4168],[20.29474,49.41683],[20.29385,49.41694],[20.29331,49.41698],[20.29281,49.41707],[20.29158,49.41723],[20.29106,49.41724],[20.2909,49.41725],[20.29044,49.41725],[20.29012,49.41723],[20.28991,49.41722],[20.28967,49.4172],[20.28952,49.41715],[20.28937,49.4171],[20.28898,49.41705],[20.28872,49.41703],[20.28856,49.417],[20.28845,49.41694],[20.28837,49.41686],[20.28828,49.41681],[20.28814,49.41682],[20.28788,49.41686],[20.28762,49.41686],[20.28745,49.41683],[20.28733,49.4168],[20.28715,49.41679],[20.28698,49.4168],[20.28682,49.4168],[20.28662,49.4168],[20.28646,49.41681],[20.28639,49.4168],[20.28605,49.41679],[20.28542,49.41676],[20.28461,49.41678],[20.28393,49.41672],[20.28305,49.41658],[20.28234,49.41652],[20.2818,49.41656],[20.28156,49.41656],[20.28116,49.41645],[20.28074,49.41634],[20.28049,49.41627],[20.28017,49.41625],[20.27965,49.41627],[20.27888,49.41628],[20.27767,49.41646],[20.27721,49.41646],[20.27673,49.41647],[20.27626,49.41645],[20.27588,49.4164],[20.27545,49.41624],[20.27455,49.41591],[20.27431,49.41572],[20.274,49.4155],[20.2737,49.41534],[20.27354,49.41518],[20.27343,49.41503],[20.27327,49.4147],[20.27328,49.41461],[20.27329,49.41446],[20.27333,49.41431],[20.2734,49.41416],[20.27337,49.4141],[20.27329,49.41404],[20.27299,49.41386],[20.27274,49.41373],[20.27247,49.41361],[20.27204,49.41344],[20.27182,49.41331],[20.27166,49.41321],[20.27134,49.41329],[20.2706,49.41359],[20.27028,49.41367],[20.26998,49.4137],[20.26898,49.41375],[20.26871,49.41372],[20.26816,49.41343],[20.26747,49.41318],[20.26678,49.4131],[20.26635,49.41315],[20.2657,49.41335],[20.26482,49.41338],[20.26454,49.41343],[20.26448,49.41345],[20.26435,49.4135],[20.26422,49.41355],[20.2641,49.41364],[20.264,49.41366],[20.26364,49.41379],[20.2627,49.41418],[20.26175,49.41462],[20.26075,49.41495],[20.26031,49.41505],[20.25994,49.4151],[20.25967,49.41513]]}},{"type":"Feature","properties":{"id":"3A","nazwa":"Bereśnik","slug":"beresnik","adres":"/szlaki/beresnik","dlugoscKm":15.5,"czasMin":235,"podejscieM":560,"trudnosc":"trudna","petla":true,"maSlad":true,"kolor":"#1f6dad"},"geometry":{"type":"LineString","coordinates":[[20.48732,49.42885],[20.48785,49.42873],[20.4874,49.42846],[20.48716,49.42797],[20.48723,49.42596],[20.49103,49.42494],[20.49221,49.42416],[20.4953,49.42521],[20.49606,49.42628],[20.49676,49.42685],[20.49686,49.42738],[20.49806,49.42846],[20.49892,49.4288],[20.49964,49.43006],[20.5003,49.43044],[20.50046,49.43075],[20.50106,49.43113],[20.50118,49.43133],[20.50104,49.43233],[20.50226,49.4333],[20.50272,49.43395],[20.50297,49.43568],[20.50336,49.43687],[20.50397,49.4377],[20.50401,49.43797],[20.50308,49.43907],[20.50213,49.44101],[20.50243,49.44242],[20.50143,49.44433],[20.50167,49.44558],[20.50111,49.4469],[20.50166,49.4481],[20.49976,49.45184],[20.50032,49.45415],[20.50033,49.45465],[20.49994,49.45537],[20.50034,49.45628],[20.50044,49.45694],[20.50011,49.45945],[20.50034,49.461],[20.5003,49.46193],[20.50051,49.46262],[20.50024,49.46322],[20.50024,49.46436],[20.49992,49.46446],[20.49873,49.4633],[20.49867,49.46306],[20.49779,49.46238],[20.49729,49.46288],[20.49709,49.46282],[20.49704,49.46232],[20.49688,49.46225],[20.49607,49.46251],[20.49584,49.46275],[20.49601,49.46329],[20.49647,49.46359],[20.49588,49.46377],[20.49552,49.46492],[20.495,49.46579],[20.49445,49.46634],[20.49272,49.46699],[20.49253,49.46715],[20.49261,49.46725],[20.49065,49.46711],[20.48976,49.4669],[20.48767,49.46667],[20.48687,49.46545],[20.48599,49.46579],[20.485,49.46598],[20.48351,49.4658],[20.48298,49.46533],[20.48218,49.46521],[20.48158,49.46458],[20.48181,49.46447],[20.48213,49.46362],[20.48313,49.46205],[20.48318,49.46097],[20.48363,49.46023],[20.48438,49.45953],[20.48515,49.45913],[20.48552,49.45876],[20.48563,49.4584],[20.48533,49.45812],[20.48542,49.45789],[20.48807,49.45633],[20.48928,49.4559],[20.48972,49.45522],[20.49143,49.45449],[20.49168,49.45419],[20.4917,49.45388],[20.4912,49.45226],[20.49118,49.45162],[20.49061,49.45124],[20.49034,49.45017],[20.49033,49.44859],[20.49106,49.44738],[20.49103,49.44689],[20.49128,49.44644],[20.49122,49.44535],[20.49096,49.44498],[20.49096,49.44442],[20.49045,49.44374],[20.49067,49.4429],[20.49,49.44236],[20.48767,49.4414],[20.48692,49.44052],[20.48578,49.44021],[20.48569,49.43959],[20.48632,49.43924],[20.48626,49.43913],[20.48519,49.43907],[20.48448,49.43881],[20.48273,49.43858],[20.48224,49.43836],[20.4811,49.43755],[20.48,49.43604],[20.47924,49.43574],[20.47877,49.43532],[20.47916,49.43488],[20.47879,49.43458],[20.4788,49.43433],[20.4791,49.43399],[20.47923,49.4327],[20.47965,49.43142],[20.48265,49.43037],[20.48303,49.4304],[20.48452,49.43086],[20.48486,49.43218],[20.48512,49.43227],[20.48564,49.43211],[20.48599,49.43176],[20.48682,49.43133],[20.48819,49.42942],[20.48809,49.42915],[20.48685,49.42863],[20.4863,49.4277],[20.48466,49.42617],[20.48256,49.42522]]}},{"type":"Feature","properties":{"id":"KP06","nazwa":"Borsuczyny","slug":"borsuczyny","adres":"/szlaki/borsuczyny","dlugoscKm":9.8,"czasMin":209,"podejscieM":610,"trudnosc":"srednia","petla":false,"maSlad":true,"kolor":"#1f6dad"},"geometry":{"type":"LineString","coordinates":[[20.48259,49.42514],[20.48233,49.42528],[20.48206,49.4254],[20.48187,49.42547],[20.48166,49.42555],[20.48153,49.4256],[20.48131,49.42569],[20.48107,49.42578],[20.48103,49.42574],[20.48097,49.42564],[20.48099,49.42562],[20.48104,49.42555],[20.48079,49.42555],[20.48074,49.42557],[20.48064,49.42542],[20.48034,49.4255],[20.48031,49.4252],[20.48047,49.42517],[20.48054,49.42512],[20.48058,49.42508],[20.48059,49.42503],[20.48057,49.42497],[20.48038,49.42468],[20.48037,49.42467],[20.48036,49.42465],[20.48025,49.42441],[20.48023,49.42436],[20.48021,49.42433],[20.4804,49.42429],[20.48087,49.42423],[20.48126,49.42415],[20.48145,49.42411],[20.4822,49.42392],[20.48249,49.42385],[20.48231,49.42361],[20.48225,49.42357],[20.48217,49.42354],[20.48205,49.42354],[20.48196,49.42356],[20.48193,49.42356],[20.48176,49.42362],[20.48154,49.42362],[20.48149,49.42361],[20.48146,49.42359],[20.48147,49.42356],[20.48151,49.4235],[20.48165,49.42339],[20.48182,49.42324],[20.48194,49.42309],[20.48211,49.42285],[20.48225,49.42257],[20.48229,49.42244],[20.48228,49.42231],[20.48219,49.42222],[20.48203,49.42223],[20.48182,49.42227],[20.48153,49.42233],[20.48131,49.42236],[20.48103,49.42238],[20.48073,49.42232],[20.48053,49.42223],[20.48038,49.42206],[20.48031,49.42194],[20.48028,49.42183],[20.48019,49.42161],[20.48008,49.42143],[20.47994,49.42127],[20.47987,49.42125],[20.47974,49.42124],[20.47939,49.42129],[20.47889,49.42132],[20.47865,49.42127],[20.47828,49.42114],[20.47805,49.42101],[20.47773,49.42091],[20.4775,49.42084],[20.47724,49.42079],[20.47701,49.4207],[20.47685,49.42059],[20.47675,49.42047],[20.4767,49.42029],[20.47671,49.42019],[20.47669,49.42002],[20.47666,49.41989],[20.47668,49.41978],[20.47679,49.41968],[20.47689,49.41963],[20.47692,49.41953],[20.477,49.41943],[20.47708,49.41937],[20.47707,49.41935],[20.47697,49.41929],[20.47691,49.41925],[20.4769,49.41919],[20.47681,49.41916],[20.47681,49.41915],[20.47687,49.4191],[20.47687,49.41906],[20.47684,49.41904],[20.47673,49.41903],[20.47652,49.41904],[20.4764,49.41899],[20.47635,49.41893],[20.47633,49.41892],[20.47631,49.41886],[20.47633,49.41881],[20.47645,49.41871],[20.47641,49.41848],[20.47642,49.41842],[20.47657,49.41837],[20.47658,49.4183],[20.47658,49.41821],[20.4759,49.41789],[20.47585,49.41779],[20.47586,49.41768],[20.47618,49.41733],[20.47631,49.41719],[20.47662,49.41692],[20.47679,49.41675],[20.47689,49.41648],[20.4769,49.41638],[20.47689,49.41633],[20.47688,49.41627],[20.4768,49.41597],[20.47668,49.41561],[20.4767,49.4154],[20.47674,49.41504],[20.47678,49.41472],[20.47685,49.41463],[20.47688,49.41427],[20.47668,49.41409],[20.47682,49.41393],[20.47682,49.4138],[20.4768,49.4137],[20.47674,49.41359],[20.47664,49.41367],[20.4765,49.41382],[20.47644,49.41389],[20.47635,49.41398],[20.47623,49.41408],[20.4761,49.41412],[20.47623,49.41408],[20.47635,49.41398],[20.47644,49.41389],[20.4765,49.41382],[20.47664,49.41367],[20.47674,49.41359],[20.47681,49.41343],[20.4769,49.41333],[20.47704,49.41318],[20.47707,49.41299],[20.47711,49.41284],[20.47726,49.41261],[20.47733,49.41251],[20.47764,49.41226],[20.47796,49.412],[20.47817,49.41185],[20.47833,49.41174],[20.47843,49.41166],[20.47875,49.41142],[20.47902,49.41132],[20.4793,49.41126],[20.47939,49.41121],[20.47959,49.411],[20.47992,49.41077],[20.48007,49.41073],[20.48023,49.41073],[20.48045,49.41062],[20.48064,49.41055],[20.48083,49.41052],[20.48098,49.41047],[20.48111,49.41034],[20.48144,49.41012],[20.48158,49.41009],[20.48165,49.41007],[20.48241,49.40978],[20.48311,49.40963],[20.48378,49.40959],[20.48418,49.40958],[20.48435,49.40957],[20.48459,49.40952],[20.48475,49.40946],[20.48492,49.4094],[20.48529,49.40924],[20.48563,49.40906],[20.48594,49.40897],[20.48634,49.40884],[20.48688,49.4087],[20.48734,49.40855],[20.48794,49.40846],[20.48862,49.40841],[20.48871,49.40833],[20.48878,49.40821],[20.48879,49.40819],[20.48892,49.40783],[20.48924,49.40741],[20.48939,49.40733],[20.48954,49.40725],[20.48986,49.40714],[20.49001,49.40698],[20.49059,49.40678],[20.49085,49.40674],[20.49121,49.40678],[20.49147,49.4068],[20.49178,49.40687],[20.49195,49.40688],[20.49228,49.40679],[20.49262,49.4068],[20.49293,49.40676],[20.49327,49.40672],[20.49339,49.40668],[20.49361,49.40661],[20.49394,49.40648],[20.4943,49.40625],[20.4948,49.40588],[20.49502,49.40579],[20.49519,49.40575],[20.49548,49.40567],[20.49573,49.4056],[20.49595,49.40557],[20.49656,49.40554],[20.4967,49.40554],[20.49682,49.40551],[20.49707,49.40546],[20.49729,49.40537],[20.49734,49.40532],[20.49761,49.40524],[20.4981,49.40511],[20.4983,49.40507],[20.49856,49.405],[20.49877,49.40492],[20.49895,49.40485],[20.49913,49.40482],[20.49933,49.40477],[20.49954,49.40469],[20.49976,49.40462],[20.50003,49.40454],[20.50022,49.40451],[20.50044,49.40447],[20.50064,49.40444],[20.5008,49.40438],[20.50091,49.40434],[20.50105,49.40433],[20.50131,49.40432],[20.50173,49.40425],[20.50198,49.40422],[20.50221,49.4042],[20.50235,49.4042],[20.50248,49.40419],[20.50261,49.40417],[20.50309,49.40409],[20.50329,49.40407],[20.50352,49.40401],[20.50378,49.40397],[20.50414,49.40386],[20.50427,49.40379],[20.50436,49.40374],[20.50443,49.40372],[20.50453,49.40372],[20.50461,49.40369],[20.50475,49.40364],[20.50485,49.4036],[20.50493,49.40352],[20.50491,49.40345],[20.50494,49.4034],[20.50508,49.40335],[20.5052,49.40327],[20.50529,49.4032],[20.50557,49.40288],[20.50574,49.40271],[20.50604,49.40255],[20.50632,49.40234],[20.5065,49.40226],[20.50671,49.40212],[20.50726,49.40176],[20.50748,49.40168],[20.508,49.40152],[20.5086,49.40121],[20.50941,49.40081],[20.50975,49.40057],[20.51092,49.39987],[20.51116,49.39964],[20.51134,49.39929],[20.5115,49.39886],[20.51162,49.39863],[20.5119,49.39786],[20.51222,49.39707],[20.51236,49.39677],[20.51252,49.39652],[20.51418,49.39545],[20.51467,49.39518],[20.51488,49.39509],[20.51509,49.39496],[20.51578,49.39474],[20.51599,49.39468],[20.51619,49.3946],[20.51631,49.39452],[20.51645,49.39436],[20.51659,49.39419],[20.51672,49.39409],[20.51699,49.39389],[20.51716,49.39372],[20.51729,49.39364],[20.51746,49.39359],[20.51775,49.39347],[20.51833,49.39317],[20.51969,49.39268],[20.51978,49.39264],[20.52055,49.39244],[20.52096,49.39231],[20.52151,49.3921],[20.52219,49.39175],[20.52321,49.39118],[20.52352,49.39096],[20.52379,49.39079],[20.52403,49.39068],[20.52426,49.39061],[20.52459,49.3905],[20.52593,49.39015],[20.52684,49.3898],[20.52807,49.38945],[20.52922,49.38911],[20.53005,49.38893],[20.53069,49.38886],[20.5315,49.38881],[20.53223,49.38874],[20.53266,49.3887],[20.53323,49.38861],[20.53339,49.3886],[20.53356,49.38861],[20.53397,49.38862],[20.53421,49.38863],[20.53446,49.38867],[20.53502,49.38874],[20.5352,49.38881],[20.53534,49.38891],[20.53557,49.38908],[20.53568,49.38925],[20.53578,49.38945],[20.53584,49.38963],[20.53606,49.38985],[20.53611,49.39029],[20.53619,49.39055],[20.53611,49.39029],[20.53606,49.38985],[20.53584,49.38963],[20.53578,49.38945],[20.53568,49.38925],[20.53557,49.38908],[20.53534,49.38891],[20.5352,49.38881],[20.53502,49.38874],[20.53446,49.38867],[20.53421,49.38863],[20.53397,49.38862],[20.53356,49.38861],[20.53339,49.3886],[20.53323,49.38861],[20.53266,49.3887],[20.53223,49.38874],[20.5315,49.38881],[20.53069,49.38886],[20.53005,49.38893],[20.5316,49.38831],[20.53245,49.38794],[20.53322,49.38757],[20.53417,49.38724],[20.53467,49.38706],[20.53527,49.38694],[20.5359,49.38689],[20.53676,49.38701],[20.53735,49.3871],[20.5378,49.38706],[20.53845,49.38696],[20.53892,49.38686],[20.53934,49.38675],[20.53999,49.38661],[20.54045,49.38651],[20.54213,49.38607],[20.54256,49.38594],[20.5434,49.38576],[20.54443,49.38562],[20.54485,49.38558],[20.54538,49.38558],[20.5463,49.38557],[20.54648,49.38556]]}},{"type":"Feature","properties":{"id":"4A","nazwa":"Cel – Muzeum Pienińskie","slug":"cel-muzeum-pieninskie","adres":"/szlaki/cel-muzeum-pieninskie","dlugoscKm":9,"czasMin":180,"podejscieM":425,"trudnosc":"srednia","petla":false,"maSlad":true,"kolor":"#d69a00"},"geometry":{"type":"LineString","coordinates":[[20.48256,49.42522],[20.48121,49.42575],[20.48101,49.42574],[20.48101,49.42561],[20.48045,49.42565],[20.48031,49.42521],[20.4806,49.42501],[20.48022,49.42432],[20.47449,49.42542],[20.47281,49.42552],[20.47032,49.42543],[20.46789,49.42604],[20.46728,49.42603],[20.46689,49.4259],[20.46601,49.42453],[20.46397,49.42404],[20.46172,49.42396],[20.46021,49.42343],[20.46047,49.4234],[20.46098,49.42259],[20.46045,49.42219],[20.46161,49.42193],[20.46238,49.42133],[20.46216,49.42038],[20.46273,49.41951],[20.46289,49.41884],[20.46271,49.41871],[20.4619,49.41875],[20.46201,49.41796],[20.46258,49.41732],[20.46348,49.41693],[20.46426,49.41603],[20.46661,49.41605],[20.46981,49.41547],[20.47084,49.41571],[20.47208,49.41542],[20.47624,49.41405],[20.47674,49.41359],[20.47724,49.41258],[20.47786,49.41196],[20.4809,49.41024],[20.48244,49.40973],[20.48425,49.40957],[20.48583,49.40893],[20.48829,49.40827],[20.48918,49.40729],[20.49087,49.40663],[20.49184,49.40674],[20.49309,49.40657],[20.49413,49.40625],[20.49535,49.40567],[20.49688,49.40553],[20.4975,49.40525],[20.50034,49.40446],[20.50337,49.40405],[20.50491,49.4036],[20.50583,49.40267],[20.50748,49.4017],[20.50867,49.40122],[20.50905,49.40177],[20.5094,49.40188],[20.51332,49.40202],[20.51466,49.40224],[20.51629,49.40283],[20.51647,49.40334],[20.51569,49.40462],[20.51584,49.40498],[20.51548,49.40559],[20.51563,49.40574],[20.51601,49.40572],[20.51697,49.40653],[20.51881,49.40738],[20.51931,49.40783],[20.51931,49.40819],[20.51819,49.4082],[20.51842,49.40842],[20.51848,49.40905],[20.52046,49.40915],[20.52067,49.4094],[20.52067,49.40971],[20.52105,49.40994],[20.52373,49.40933],[20.52482,49.40952],[20.52592,49.40935],[20.52641,49.40968],[20.52661,49.41068]]}},{"type":"Feature","properties":{"id":"KP16","nazwa":"Cisówka","slug":"cisowka","adres":"/szlaki/cisowka","dlugoscKm":3.4,"czasMin":69,"podejscieM":183,"trudnosc":"latwa","petla":false,"maSlad":true,"kolor":"#c0392b"},"geometry":{"type":"LineString","coordinates":[[20.3191,49.42151],[20.31892,49.42153],[20.31882,49.42154],[20.31878,49.42154],[20.3182,49.42155],[20.31803,49.42156],[20.31793,49.42158],[20.31786,49.42159],[20.31786,49.42155],[20.31785,49.42146],[20.31812,49.42112],[20.31818,49.42091],[20.31821,49.42084],[20.3183,49.42028],[20.31833,49.41963],[20.31831,49.41956],[20.3183,49.4195],[20.31819,49.41946],[20.31804,49.41943],[20.31785,49.41943],[20.31744,49.41957],[20.31725,49.4196],[20.3171,49.41959],[20.31697,49.41955],[20.31666,49.41939],[20.31657,49.41936],[20.3164,49.41934],[20.31593,49.41939],[20.31509,49.4194],[20.31483,49.41945],[20.31435,49.41959],[20.31384,49.41975],[20.31081,49.42059],[20.31023,49.42075],[20.30894,49.42086],[20.30858,49.42087],[20.30842,49.42085],[20.30786,49.42074],[20.30765,49.4207],[20.30733,49.42065],[20.30624,49.42042],[20.30563,49.42033],[20.30376,49.41999],[20.30336,49.41992],[20.30316,49.4199],[20.30295,49.41983],[20.30256,49.41975],[20.30207,49.41967],[20.30159,49.41952],[20.3012,49.41938],[20.30079,49.4192],[20.30039,49.41905],[20.29992,49.41887],[20.29967,49.41873],[20.2993,49.41853],[20.29893,49.41831],[20.29877,49.41823],[20.29756,49.41738],[20.29727,49.41717],[20.29707,49.4171],[20.2967,49.41701],[20.2965,49.41698],[20.29623,49.41697],[20.29585,49.41693],[20.29499,49.4168],[20.29474,49.41683],[20.29385,49.41694],[20.29331,49.41698],[20.29281,49.41707],[20.29158,49.41723],[20.29106,49.41724],[20.2909,49.41725],[20.29044,49.41725],[20.29012,49.41723],[20.28991,49.41722],[20.28967,49.4172],[20.28952,49.41715],[20.28937,49.4171],[20.28898,49.41705],[20.28872,49.41703],[20.28856,49.417],[20.28845,49.41694],[20.28837,49.41686],[20.28828,49.41681],[20.28814,49.41682],[20.28788,49.41686],[20.28762,49.41686],[20.28745,49.41683],[20.28733,49.4168],[20.28715,49.41679],[20.28698,49.4168],[20.28682,49.4168],[20.28662,49.4168],[20.28646,49.41681],[20.28639,49.4168],[20.28605,49.41679],[20.28542,49.41676],[20.28461,49.41678],[20.28393,49.41672],[20.28305,49.41658],[20.28234,49.41652],[20.2818,49.41656],[20.28156,49.41656],[20.28116,49.41645],[20.28074,49.41634],[20.28049,49.41627],[20.28017,49.41625],[20.27965,49.41627],[20.27888,49.41628]]}},{"type":"Feature","properties":{"id":"4B","nazwa":"Co tam u baców?","slug":"co-tam-u-bacow","adres":"/szlaki/co-tam-u-bacow","dlugoscKm":16,"czasMin":285,"podejscieM":440,"trudnosc":"trudna","petla":true,"maSlad":true,"kolor":"#d69a00"},"geometry":{"type":"LineString","coordinates":[[20.55354,49.40691],[20.55507,49.40702],[20.55616,49.40675],[20.55665,49.40702],[20.55726,49.40804],[20.55839,49.40878],[20.5621,49.40936],[20.56368,49.40847],[20.56431,49.40787],[20.56528,49.40732],[20.56636,49.40632],[20.56664,49.4055],[20.56781,49.40434],[20.56826,49.40405],[20.57018,49.40331],[20.57207,49.40351],[20.57196,49.4039],[20.57269,49.40403],[20.57314,49.40445],[20.5743,49.40494],[20.57413,49.4052],[20.57266,49.40577],[20.57259,49.40603],[20.57502,49.40608],[20.57714,49.40575],[20.57852,49.40589],[20.57983,49.40582],[20.58446,49.40532],[20.58582,49.40542],[20.5885,49.40584],[20.58878,49.4061],[20.58908,49.40615],[20.58906,49.40639],[20.59085,49.40807],[20.59125,49.40867],[20.5915,49.40979],[20.59263,49.41095],[20.59248,49.41275],[20.59226,49.41327],[20.59254,49.41419],[20.59263,49.41622],[20.59273,49.41643],[20.59433,49.4177],[20.59478,49.41843],[20.5945,49.41891],[20.59489,49.41949],[20.59492,49.4199],[20.59466,49.42014],[20.59462,49.42045],[20.59504,49.42078],[20.59507,49.42137],[20.5956,49.42216],[20.59614,49.4226],[20.5964,49.42317],[20.59567,49.42413],[20.59571,49.42518],[20.59536,49.42658],[20.59619,49.4276],[20.59684,49.42792],[20.59755,49.42801],[20.59884,49.42791],[20.60133,49.42837],[20.60306,49.42805],[20.60414,49.4269],[20.60536,49.42625],[20.60768,49.42585],[20.60982,49.42503],[20.61311,49.42248],[20.61401,49.42208],[20.6163,49.42053],[20.61687,49.42032],[20.61634,49.41972],[20.61571,49.41948],[20.61509,49.41902],[20.61442,49.41752],[20.61351,49.4166],[20.61287,49.41619],[20.61162,49.41437],[20.61119,49.41326],[20.61122,49.4122],[20.6117,49.41153],[20.61178,49.41085],[20.61214,49.41003],[20.6119,49.4093],[20.61162,49.40899],[20.61156,49.40745],[20.61201,49.40659],[20.61225,49.40537],[20.61315,49.40407],[20.61318,49.40272],[20.61296,49.40257],[20.61173,49.40259],[20.61063,49.40243],[20.60955,49.40252],[20.60849,49.40228],[20.60763,49.40186],[20.60597,49.40146],[20.60576,49.40121],[20.60598,49.4006],[20.60588,49.3999],[20.6054,49.39951],[20.6047,49.3985],[20.60334,49.39777],[20.60257,49.39702],[20.60221,49.39601],[20.6011,49.39493],[20.60088,49.39437],[20.59969,49.39458],[20.59862,49.39498],[20.59606,49.3962],[20.59422,49.39632],[20.59138,49.39704],[20.58879,49.39705],[20.58699,49.39683],[20.58669,49.39696],[20.58663,49.39725],[20.58524,49.39746],[20.58401,49.39823],[20.5834,49.39848],[20.58291,49.39851],[20.58272,49.39883],[20.58274,49.39932],[20.5824,49.39948],[20.58133,49.40088],[20.57999,49.40124],[20.57889,49.40171],[20.57843,49.40255],[20.57711,49.40338],[20.57652,49.40344],[20.5761,49.40371],[20.57487,49.4038],[20.57449,49.40401],[20.57302,49.40354],[20.57207,49.40351]]}},{"type":"Feature","properties":{"id":"KP18","nazwa":"Czertezik","slug":"czertezik","adres":"/szlaki/czertezik","dlugoscKm":3.7,"czasMin":92,"podejscieM":362,"trudnosc":"latwa","petla":false,"maSlad":true,"kolor":"#c0392b"},"geometry":{"type":"LineString","coordinates":[[20.42791,49.44058],[20.4279,49.44055],[20.42789,49.44052],[20.42789,49.44049],[20.4279,49.44046],[20.42792,49.4404],[20.42795,49.44033],[20.42795,49.44025],[20.42794,49.44012],[20.42795,49.44008],[20.42795,49.44005],[20.42804,49.43975],[20.42831,49.43926],[20.42835,49.43919],[20.42839,49.43913],[20.42853,49.43902],[20.42886,49.43871],[20.42893,49.43865],[20.42907,49.43853],[20.42945,49.43824],[20.42988,49.43798],[20.42995,49.43794],[20.43025,49.43774],[20.4308,49.4374],[20.43084,49.43737],[20.43088,49.43735],[20.43095,49.4373],[20.43099,49.43727],[20.43115,49.43717],[20.43141,49.43699],[20.43157,49.43689],[20.43189,49.43668],[20.43206,49.43656],[20.43219,49.43648],[20.43248,49.43628],[20.43266,49.43617],[20.43282,49.43606],[20.43304,49.43594],[20.43343,49.43572],[20.43367,49.43559],[20.4343,49.43525],[20.43454,49.43512],[20.43484,49.43498],[20.43545,49.43468],[20.43578,49.43454],[20.43584,49.43451],[20.43592,49.43444],[20.43595,49.43441],[20.43603,49.43431],[20.43605,49.43428],[20.4364,49.43382],[20.43661,49.43358],[20.43665,49.43353],[20.43733,49.43285],[20.43736,49.43282],[20.43796,49.43227],[20.43804,49.43217],[20.43822,49.4319],[20.43841,49.43156],[20.43849,49.4312],[20.43849,49.43119],[20.43851,49.43066],[20.43857,49.43035],[20.43887,49.42971],[20.43911,49.42906],[20.43938,49.42851],[20.43968,49.42819],[20.44001,49.42796],[20.44006,49.42793],[20.44019,49.42779],[20.44033,49.42756],[20.44054,49.42736],[20.44066,49.42707],[20.4407,49.42686],[20.44066,49.42662],[20.44069,49.42646],[20.44072,49.42638],[20.44086,49.42606],[20.44109,49.42573],[20.44157,49.42526],[20.44183,49.42505],[20.44198,49.42495],[20.44267,49.42466],[20.44297,49.42421],[20.44306,49.42396],[20.44318,49.42374],[20.44327,49.42354],[20.44339,49.42325],[20.44342,49.42284],[20.44348,49.42259],[20.44348,49.42247],[20.44341,49.42224],[20.44344,49.42187],[20.44346,49.4217],[20.44373,49.42151],[20.44394,49.42131],[20.44396,49.42115],[20.44391,49.42106],[20.44378,49.42099],[20.44355,49.42101],[20.44346,49.42093],[20.44349,49.42074],[20.44351,49.42056],[20.44346,49.4204],[20.44335,49.42026],[20.4432,49.4202],[20.44306,49.42017],[20.44286,49.42013],[20.44265,49.42017],[20.44244,49.42025],[20.44227,49.42032],[20.44206,49.4203],[20.44191,49.42026],[20.44175,49.42017],[20.44159,49.42002],[20.44144,49.41994],[20.44121,49.41991],[20.441,49.41991],[20.44081,49.41997],[20.44066,49.42],[20.44049,49.41997],[20.44032,49.41992],[20.44022,49.41983],[20.43999,49.41978],[20.43986,49.41977],[20.4397,49.41973],[20.43933,49.41961],[20.43914,49.41948],[20.43925,49.41937],[20.43914,49.41948],[20.43903,49.41957],[20.43888,49.41971],[20.4388,49.41982],[20.43878,49.42012],[20.43874,49.42027],[20.43866,49.42037],[20.43854,49.42043],[20.43851,49.4205],[20.43856,49.42063],[20.43849,49.42068],[20.43824,49.4208],[20.43816,49.42088],[20.43798,49.42095],[20.4379,49.42104],[20.438,49.42111],[20.43804,49.42119],[20.43787,49.42117],[20.43776,49.42118],[20.43796,49.4213],[20.438,49.42137],[20.43773,49.42137],[20.43794,49.42146],[20.43768,49.42147],[20.4377,49.42156],[20.43775,49.42162],[20.43778,49.4217],[20.43779,49.42177],[20.43779,49.42186],[20.43775,49.42191],[20.43766,49.42191],[20.43753,49.42183],[20.43738,49.42176],[20.43727,49.42173],[20.43721,49.42179],[20.43716,49.42193],[20.43708,49.42197],[20.43696,49.42198],[20.4368,49.42195],[20.43654,49.42198],[20.43635,49.42201],[20.43614,49.42205],[20.43595,49.42208],[20.43567,49.42211],[20.4354,49.42213],[20.43505,49.42225],[20.4347,49.4223],[20.43453,49.42229],[20.43437,49.42226],[20.43425,49.42224]]}},{"type":"Feature","properties":{"id":"2D","nazwa":"Deptak nad Grajcarkiem","slug":"deptak-nad-grajcarkiem","adres":"/szlaki/deptak-nad-grajcarkiem","dlugoscKm":1.8,"czasMin":28,"podejscieM":7,"trudnosc":"latwa","petla":false,"maSlad":true,"kolor":"#2f5d43"},"geometry":{"type":"LineString","coordinates":[[20.48057,49.42497],[20.48038,49.42468],[20.48037,49.42467],[20.48036,49.42465],[20.48025,49.42441],[20.48023,49.42436],[20.48021,49.42433],[20.4798,49.42439],[20.4778,49.42479],[20.47559,49.42523],[20.47522,49.4253],[20.4747,49.42539],[20.47449,49.42542],[20.47432,49.42544],[20.47362,49.42548],[20.47292,49.42551],[20.47265,49.42552],[20.47125,49.42546],[20.47071,49.42543],[20.47051,49.42542],[20.47033,49.42543],[20.47013,49.42546],[20.46929,49.42567],[20.46877,49.42581],[20.46809,49.42599],[20.46787,49.42603],[20.46768,49.42605],[20.4675,49.42605],[20.46735,49.42604],[20.46718,49.42601],[20.46705,49.42597],[20.46691,49.42591],[20.4668,49.42585],[20.46671,49.42577],[20.46665,49.4257],[20.46659,49.42562],[20.46651,49.42544],[20.46639,49.42513],[20.46625,49.42482],[20.46616,49.42466],[20.46608,49.42458],[20.46602,49.42454],[20.4659,49.42449],[20.46571,49.42444],[20.46519,49.42433],[20.46473,49.42422],[20.46417,49.42409],[20.46402,49.42406],[20.46373,49.42402],[20.46364,49.42402],[20.46338,49.42402],[20.46316,49.42403],[20.46305,49.42402],[20.46288,49.42401],[20.46258,49.42398],[20.46225,49.42396],[20.46181,49.42396],[20.4617,49.42395],[20.4608,49.42367],[20.4605,49.42352],[20.46042,49.42347],[20.46033,49.42347],[20.4602,49.42349],[20.4602,49.42345],[20.46013,49.42335],[20.45995,49.42316],[20.4597,49.42286],[20.45953,49.42263]]}},{"type":"Feature","properties":{"id":"DIAMENT","nazwa":"Diament Pienin","slug":"diament-pienin","adres":"/szlaki/diament-pienin","dlugoscKm":50.5,"czasMin":963,"podejscieM":2052,"trudnosc":"trudna","petla":false,"maSlad":true,"kolor":"#1f6dad"},"geometry":{"type":"LineString","coordinates":[[20.55278,49.40662],[20.55348,49.4066],[20.55395,49.40687],[20.55484,49.407],[20.55526,49.40699],[20.55611,49.40672],[20.55665,49.40702],[20.55717,49.40796],[20.55834,49.40878],[20.56213,49.40935],[20.5628,49.40886],[20.5636,49.40854],[20.56438,49.40786],[20.5653,49.40731],[20.5659,49.4066],[20.56628,49.4064],[20.56644,49.4062],[20.5666,49.40555],[20.56686,49.4052],[20.56807,49.40416],[20.56981,49.4034],[20.57017,49.40331],[20.57108,49.40336],[20.57156,49.40351],[20.5729,49.40352],[20.57358,49.40378],[20.57475,49.40406],[20.57487,49.40378],[20.57575,49.40378],[20.57619,49.40367],[20.5765,49.40344],[20.57701,49.40345],[20.57835,49.40265],[20.5786,49.40232],[20.57862,49.402],[20.57894,49.40165],[20.58014,49.4012],[20.58143,49.40083],[20.58209,49.39985],[20.5824,49.39949],[20.58273,49.3993],[20.5827,49.39886],[20.58295,49.3985],[20.58341,49.39846],[20.58393,49.39825],[20.58527,49.39746],[20.58589,49.39742],[20.58618,49.39725],[20.58663,49.39725],[20.58666,49.39697],[20.58719,49.39679],[20.58825,49.39681],[20.58883,49.39695],[20.59117,49.39697],[20.59294,49.39669],[20.59413,49.39639],[20.59615,49.39621],[20.59934,49.39466],[20.59964,49.39459],[20.60004,49.39463],[20.60085,49.3944],[20.60173,49.39147],[20.60145,49.39084],[20.60144,49.39031],[20.60091,49.38923],[20.60007,49.38833],[20.59805,49.38725],[20.59782,49.38666],[20.59761,49.38646],[20.59613,49.38552],[20.59552,49.38529],[20.59338,49.38394],[20.59195,49.38406],[20.58882,49.38493],[20.58793,49.38527],[20.58667,49.38561],[20.58639,49.38561],[20.5852,49.38542],[20.58478,49.38516],[20.58367,49.3848],[20.58156,49.38393],[20.58037,49.3831],[20.57998,49.38292],[20.57964,49.38179],[20.5782,49.38051],[20.57693,49.37895],[20.57666,49.37806],[20.57632,49.37742],[20.57583,49.37712],[20.57514,49.37688],[20.57421,49.37684],[20.57318,49.37702],[20.57243,49.37743],[20.57177,49.3776],[20.57092,49.37766],[20.56972,49.37799],[20.56875,49.37857],[20.56731,49.37898],[20.56608,49.37902],[20.56313,49.37945],[20.56244,49.37937],[20.56204,49.37918],[20.56171,49.37913],[20.56107,49.37915],[20.56033,49.37901],[20.55888,49.37893],[20.55816,49.37918],[20.5575,49.37974],[20.55724,49.38094],[20.55692,49.38136],[20.55602,49.38213],[20.55512,49.38241],[20.55425,49.38255],[20.55354,49.38205],[20.55278,49.38199],[20.5524,49.38187],[20.55159,49.38232],[20.55129,49.38271],[20.55125,49.38294],[20.55071,49.38314],[20.54924,49.38398],[20.54809,49.38435],[20.54752,49.38464],[20.54648,49.38556],[20.54485,49.38558],[20.5434,49.38576],[20.54045,49.38651],[20.5378,49.38706],[20.53735,49.3871],[20.5359,49.38689],[20.53467,49.38706],[20.53322,49.38757],[20.53005,49.38893],[20.52922,49.38911],[20.52403,49.39068],[20.52151,49.3921],[20.51978,49.39264],[20.51729,49.39364],[20.51619,49.3946],[20.51467,49.39518],[20.51252,49.39652],[20.51134,49.39929],[20.51092,49.39987],[20.50865,49.40123],[20.50726,49.40176],[20.50574,49.40271],[20.50529,49.4032],[20.50494,49.4034],[20.50485,49.4036],[20.50329,49.40407],[20.50091,49.40434],[20.49761,49.40524],[20.49707,49.40546],[20.49573,49.4056],[20.49502,49.40579],[20.49394,49.40648],[20.49327,49.40672],[20.49195,49.40688],[20.49085,49.40674],[20.49001,49.40698],[20.48986,49.40714],[20.48924,49.40741],[20.48862,49.40841],[20.48734,49.40855],[20.48563,49.40906],[20.48459,49.40952],[20.48311,49.40963],[20.48241,49.40978],[20.48144,49.41012],[20.48098,49.41047],[20.47992,49.41077],[20.47939,49.41121],[20.47875,49.41142],[20.47733,49.41251],[20.47704,49.41318],[20.47623,49.41408],[20.47329,49.41495],[20.47197,49.41545],[20.4714,49.41554],[20.47076,49.41577],[20.47003,49.41549],[20.46972,49.41547],[20.4689,49.41569],[20.46629,49.41608],[20.4646,49.41607],[20.46382,49.41595],[20.46328,49.4157],[20.46278,49.41572],[20.46248,49.41594],[20.46197,49.41606],[20.4615,49.4163],[20.46152,49.41655],[20.46127,49.41669],[20.46073,49.41671],[20.45988,49.41729],[20.4588,49.41777],[20.45771,49.41808],[20.45776,49.41822],[20.45753,49.4186],[20.4576,49.41879],[20.45736,49.41879],[20.45724,49.41891],[20.45794,49.41972],[20.45793,49.41986],[20.45588,49.41829],[20.4546,49.41778],[20.45292,49.41735],[20.45211,49.41781],[20.45143,49.41753],[20.44943,49.41776],[20.44918,49.41794],[20.44895,49.41857],[20.44779,49.41893],[20.44683,49.41911],[20.4458,49.41909],[20.44422,49.41886],[20.44383,49.41888],[20.44322,49.4185],[20.44297,49.4182],[20.44252,49.41807],[20.44243,49.41786],[20.44206,49.41802],[20.44162,49.41782],[20.44058,49.41815],[20.44035,49.41803],[20.44059,49.41786],[20.44024,49.41783],[20.44026,49.41773],[20.44048,49.41766],[20.44026,49.41773],[20.44024,49.41783],[20.44059,49.41786],[20.44035,49.41803],[20.44058,49.41815],[20.44002,49.41854],[20.43989,49.41892],[20.43888,49.41971],[20.43874,49.42027],[20.43851,49.4205],[20.43856,49.42063],[20.4379,49.42104],[20.43804,49.42119],[20.43776,49.42118],[20.438,49.42137],[20.43773,49.42137],[20.43794,49.42146],[20.43768,49.42147],[20.43775,49.42191],[20.43727,49.42173],[20.43708,49.42197],[20.4354,49.42213],[20.4347,49.4223],[20.43425,49.42224],[20.43437,49.42241],[20.43424,49.42257],[20.43365,49.4227],[20.43319,49.42292],[20.43228,49.42309],[20.43215,49.42326],[20.43164,49.42347],[20.4311,49.42419],[20.43059,49.42447],[20.42991,49.42467],[20.42953,49.42454],[20.42839,49.42444],[20.42474,49.42486],[20.42458,49.4249],[20.42421,49.42543],[20.42345,49.42562],[20.42284,49.42537],[20.42182,49.42536],[20.42121,49.42585],[20.42107,49.42611],[20.42092,49.42613],[20.42044,49.42616],[20.41937,49.426],[20.41781,49.42608],[20.41604,49.42552],[20.41573,49.42564],[20.41548,49.4261],[20.41333,49.42647],[20.41262,49.42607],[20.41248,49.42553],[20.41102,49.42501],[20.41052,49.42455],[20.41067,49.42441],[20.41148,49.4241],[20.41149,49.42378],[20.41116,49.42335],[20.41004,49.42264],[20.40979,49.42198],[20.40931,49.42161],[20.40937,49.42121],[20.40901,49.42037],[20.40807,49.419],[20.40939,49.41863],[20.4099,49.41864],[20.41059,49.41818],[20.4114,49.418],[20.41262,49.41752],[20.41294,49.41717],[20.41379,49.41684],[20.41389,49.41658],[20.41374,49.41639],[20.41342,49.4163],[20.41323,49.41613],[20.41341,49.41556],[20.4135,49.41544],[20.41398,49.41535],[20.41441,49.41507],[20.41462,49.41465],[20.41517,49.41447],[20.41445,49.41419],[20.41419,49.41382],[20.41445,49.41419],[20.41517,49.41447],[20.41462,49.41465],[20.41441,49.41507],[20.41398,49.41535],[20.4135,49.41544],[20.41341,49.41556],[20.41323,49.41613],[20.41342,49.4163],[20.41374,49.41639],[20.41389,49.41658],[20.41379,49.41684],[20.41294,49.41717],[20.41262,49.41752],[20.4114,49.418],[20.41059,49.41818],[20.4099,49.41864],[20.40939,49.41863],[20.40807,49.419],[20.40799,49.41921],[20.40754,49.4194],[20.40651,49.41908],[20.40505,49.41895],[20.40366,49.41853],[20.40218,49.4183],[20.40114,49.41824],[20.39993,49.41847],[20.39921,49.41836],[20.39822,49.41835],[20.39783,49.41824],[20.39693,49.41769],[20.39641,49.41756],[20.39599,49.41764],[20.39535,49.41757],[20.39476,49.41788],[20.39432,49.41786],[20.39347,49.41805],[20.39107,49.41792],[20.39,49.41765],[20.38947,49.4176],[20.38924,49.41774],[20.38872,49.41835],[20.38838,49.41854],[20.38726,49.41865],[20.38605,49.41855],[20.38465,49.41825],[20.38329,49.41778],[20.38196,49.41772],[20.38104,49.41796],[20.37929,49.4186],[20.37869,49.41857],[20.3765,49.41902],[20.37484,49.41911],[20.37445,49.41925],[20.37311,49.4202],[20.37166,49.42053],[20.37063,49.42093],[20.37026,49.42093],[20.36945,49.4212],[20.36857,49.42186],[20.3675,49.42245],[20.36675,49.42381],[20.36606,49.4243],[20.36567,49.42437],[20.36501,49.42468],[20.36473,49.42473],[20.36186,49.42436],[20.36078,49.42473],[20.35911,49.42485],[20.35807,49.42476],[20.35717,49.42502],[20.35636,49.42514],[20.35529,49.42608],[20.35256,49.42751],[20.35157,49.4282],[20.35127,49.42821],[20.35135,49.42832],[20.35025,49.42919],[20.34739,49.43112],[20.34413,49.43284],[20.34151,49.43353],[20.33672,49.43523],[20.33499,49.43607],[20.3347,49.4363],[20.33409,49.43723],[20.33376,49.43739],[20.33367,49.4372],[20.33351,49.43718],[20.33325,49.43738],[20.33204,49.43773],[20.33141,49.4381],[20.33047,49.43781],[20.32522,49.43718],[20.3241,49.43624],[20.32279,49.43602],[20.32074,49.43582],[20.31992,49.43594],[20.31838,49.43579],[20.31716,49.43588],[20.31625,49.43605],[20.31472,49.43596],[20.31412,49.43581],[20.31369,49.43531],[20.31361,49.43488],[20.31327,49.43502],[20.31363,49.43489],[20.31369,49.43531],[20.31412,49.43581],[20.31498,49.43598],[20.31406,49.43628],[20.31437,49.43644],[20.31418,49.43665],[20.3144,49.43675],[20.31403,49.43694],[20.31407,49.43701],[20.3127,49.43706],[20.31076,49.43689],[20.31025,49.43659],[20.30981,49.43645],[20.30925,49.43641],[20.30901,49.43624],[20.30901,49.43576],[20.31055,49.43306],[20.31062,49.43235],[20.31183,49.43106],[20.31552,49.42525],[20.3163,49.42391],[20.31612,49.42334],[20.31666,49.42313],[20.31673,49.42278],[20.31711,49.42269],[20.31698,49.42229],[20.31736,49.42204],[20.31716,49.42193],[20.31784,49.42159],[20.31782,49.42148],[20.31812,49.42112],[20.3183,49.42028],[20.31833,49.41963],[20.31819,49.41946],[20.31785,49.41943],[20.31725,49.4196],[20.3164,49.41934],[20.31509,49.4194],[20.31023,49.42075],[20.30858,49.42087],[20.30316,49.4199],[20.30159,49.41952],[20.29992,49.41887],[20.29877,49.41823],[20.29727,49.41717],[20.2967,49.41701],[20.29499,49.4168],[20.29158,49.41723],[20.29044,49.41725],[20.28856,49.417],[20.28828,49.41681],[20.28762,49.41686],[20.28733,49.4168],[20.28461,49.41678],[20.28234,49.41652],[20.28156,49.41656],[20.28017,49.41626],[20.27888,49.41628],[20.27767,49.41646],[20.2759,49.41642],[20.27455,49.41591],[20.2737,49.41534],[20.27327,49.4147],[20.27337,49.4141],[20.27274,49.41373],[20.27166,49.41321],[20.26866,49.41266],[20.26757,49.41218],[20.26601,49.41233],[20.26501,49.41313],[20.2641,49.41364],[20.26075,49.41495],[20.25948,49.41517],[20.25882,49.41561],[20.2588,49.41579],[20.25769,49.41612],[20.25759,49.41626],[20.25677,49.4163],[20.25633,49.41618],[20.25586,49.41646],[20.25476,49.41738],[20.25263,49.4181],[20.25184,49.41892],[20.25112,49.41913],[20.25064,49.41913],[20.24994,49.41872],[20.24942,49.41873],[20.24901,49.41861],[20.24897,49.41831],[20.24913,49.41802],[20.24907,49.4177],[20.24845,49.41741],[20.24833,49.41705],[20.24821,49.417],[20.24663,49.41709],[20.24575,49.41697],[20.24494,49.41716],[20.24329,49.41719],[20.24255,49.41711],[20.24198,49.4168],[20.24144,49.41668],[20.24065,49.4167],[20.23998,49.41712],[20.23999,49.41724],[20.24033,49.41752],[20.24029,49.4177],[20.24014,49.41776],[20.2384,49.41774],[20.23757,49.41788],[20.23566,49.4177],[20.23407,49.41795],[20.22932,49.41822],[20.22868,49.4182],[20.2268,49.41844],[20.22573,49.41827],[20.22335,49.41816],[20.22098,49.41829],[20.22046,49.41713],[20.22039,49.41639],[20.21968,49.41559],[20.21947,49.415],[20.21912,49.4147],[20.21567,49.41448],[20.2141,49.41464],[20.21138,49.41444],[20.21119,49.41412],[20.21083,49.41396],[20.20893,49.41381],[20.20859,49.41344],[20.20859,49.41272],[20.20816,49.41249],[20.20791,49.41265],[20.20751,49.41331],[20.20733,49.41338],[20.20682,49.4134],[20.2042,49.41312],[20.20161,49.41335],[20.19288,49.41344],[20.19182,49.41327],[20.19106,49.41356],[20.18982,49.41441],[20.18865,49.41584],[20.18841,49.41601],[20.18621,49.41723],[20.18595,49.41747],[20.18454,49.41969],[20.18226,49.42075],[20.18105,49.42114],[20.18073,49.42133],[20.1804,49.42114],[20.17957,49.42121],[20.17802,49.42096],[20.17638,49.421],[20.17186,49.42042],[20.17061,49.4206],[20.16993,49.42052],[20.16919,49.42061],[20.16884,49.42052],[20.16756,49.42051],[20.16709,49.42062],[20.16502,49.42061],[20.16308,49.42083],[20.16267,49.42069],[20.16203,49.42063],[20.16126,49.42087],[20.15818,49.42305],[20.15848,49.42374],[20.15852,49.4243],[20.15889,49.42488],[20.15919,49.4257],[20.15921,49.42598],[20.15898,49.42632],[20.15928,49.42831],[20.15949,49.42867],[20.16003,49.42919],[20.16016,49.42965],[20.16028,49.43019],[20.16002,49.43077],[20.16047,49.43154],[20.16066,49.43236],[20.16095,49.4326],[20.16137,49.43351],[20.16163,49.43452],[20.15926,49.43446],[20.15812,49.43433],[20.15768,49.4344],[20.15471,49.43606],[20.14738,49.43886],[20.14593,49.43957],[20.14402,49.44077]]}},{"type":"Feature","properties":{"id":"DP","nazwa":"Droga Pienińska","slug":"droga-pieninska","adres":"/szlaki/droga-pieninska","dlugoscKm":2,"czasMin":30,"podejscieM":27,"trudnosc":"latwa","petla":false,"maSlad":true,"kolor":"#2f5d43"},"geometry":{"type":"LineString","coordinates":[[20.45909,49.42506],[20.45956,49.42444],[20.46001,49.4239],[20.46012,49.42375],[20.46022,49.42358],[20.4602,49.42349],[20.4602,49.42345],[20.46013,49.42335],[20.45995,49.42316],[20.4597,49.42286],[20.45953,49.42263],[20.45929,49.42232],[20.45915,49.42209],[20.45898,49.42131],[20.45892,49.42115],[20.45868,49.42074],[20.45843,49.42042],[20.45812,49.42008],[20.45793,49.41986],[20.45767,49.41965],[20.4571,49.41924],[20.4564,49.41865],[20.45627,49.41856],[20.456,49.41837],[20.45588,49.41829],[20.4554,49.41806],[20.455,49.4179],[20.45459,49.41777],[20.45421,49.41764],[20.45381,49.41752],[20.4537,49.41748],[20.45359,49.41746],[20.45341,49.41743],[20.45293,49.41734],[20.45268,49.41729],[20.45251,49.41725],[20.45235,49.41719],[20.45223,49.41713],[20.45214,49.41709],[20.45203,49.41703],[20.45191,49.41698],[20.45174,49.41695],[20.45155,49.41695],[20.45136,49.41694],[20.4512,49.41691],[20.45093,49.41685],[20.45071,49.41676],[20.45051,49.41667],[20.45027,49.41658],[20.45006,49.41652],[20.44985,49.4165],[20.44969,49.41649],[20.4494,49.41651],[20.44909,49.41653],[20.44885,49.41656],[20.44865,49.4166],[20.44846,49.41663],[20.44822,49.41664],[20.44804,49.41665],[20.44777,49.41664],[20.44752,49.41663],[20.44728,49.4166],[20.44715,49.41656],[20.44701,49.41652],[20.44684,49.41647],[20.44664,49.4164],[20.44653,49.41633],[20.44652,49.41627],[20.44652,49.41625],[20.44662,49.41604],[20.44661,49.416],[20.44668,49.4159],[20.4468,49.41573],[20.44707,49.41557],[20.44736,49.41538],[20.44766,49.41513],[20.44806,49.41482],[20.44844,49.41451],[20.44881,49.41428],[20.44889,49.41422],[20.44892,49.41415],[20.44896,49.41413],[20.44905,49.41406],[20.44917,49.41397],[20.44926,49.41392],[20.44938,49.41387],[20.44954,49.41385],[20.4497,49.41385],[20.44981,49.41386],[20.4499,49.41388],[20.45011,49.41398],[20.45028,49.4139]]}},{"type":"Feature","properties":{"id":"2A","nazwa":"Durbaszka","slug":"durbaszka","adres":"/szlaki/durbaszka","dlugoscKm":12,"czasMin":220,"podejscieM":540,"trudnosc":"trudna","petla":false,"maSlad":true,"kolor":"#d69a00"},"geometry":{"type":"LineString","coordinates":[[20.48256,49.42522],[20.48121,49.42575],[20.48101,49.42574],[20.48101,49.42561],[20.48045,49.42565],[20.48036,49.42554],[20.48031,49.42521],[20.4806,49.42501],[20.48022,49.42432],[20.48129,49.42414],[20.48191,49.42362],[20.48145,49.42356],[20.4819,49.42312],[20.4823,49.42227],[20.4822,49.4222],[20.48106,49.42237],[20.48071,49.42231],[20.48035,49.42219],[20.48022,49.4216],[20.47989,49.42126],[20.47876,49.42132],[20.47797,49.42096],[20.47716,49.42079],[20.47671,49.42047],[20.47687,49.42006],[20.47671,49.41986],[20.47702,49.41947],[20.47672,49.41939],[20.47687,49.41929],[20.47634,49.41899],[20.47628,49.41883],[20.47653,49.41872],[20.47643,49.41843],[20.47657,49.41821],[20.47585,49.4178],[20.47676,49.41684],[20.4769,49.4164],[20.47674,49.41359],[20.47724,49.41258],[20.47786,49.41196],[20.4809,49.41024],[20.48244,49.40973],[20.48425,49.40957],[20.48583,49.40893],[20.48829,49.40827],[20.48918,49.40729],[20.49006,49.40687],[20.49087,49.40663],[20.49184,49.40674],[20.49309,49.40657],[20.49413,49.40625],[20.49535,49.40567],[20.49688,49.40553],[20.4975,49.40525],[20.50034,49.40446],[20.50337,49.40405],[20.50491,49.4036],[20.50583,49.40267],[20.50748,49.4017],[20.50919,49.40094],[20.51091,49.39988],[20.51252,49.39651],[20.51453,49.39528],[20.51646,49.39436],[20.51721,49.39368],[20.51825,49.39319],[20.52185,49.39193],[20.52392,49.39073],[20.52835,49.38929],[20.5303,49.3889],[20.53325,49.38862],[20.53417,49.38862],[20.53509,49.3888],[20.53553,49.38912],[20.53627,49.39059],[20.53764,49.39078],[20.53799,49.39094],[20.53777,49.39283],[20.53803,49.39313],[20.53956,49.3941],[20.53946,49.39454],[20.53896,49.39495],[20.53898,49.39526],[20.53982,49.39564],[20.54076,49.39563],[20.54161,49.39616],[20.54096,49.39897],[20.54142,49.39928],[20.54221,49.39944],[20.54287,49.40015],[20.54295,49.40174],[20.54494,49.40386],[20.54438,49.40397],[20.54404,49.40438],[20.54348,49.4046],[20.54287,49.40536],[20.54273,49.40601],[20.54119,49.40608],[20.5404,49.40643],[20.54018,49.40678],[20.5405,49.40726],[20.54188,49.40768],[20.54232,49.40798],[20.54285,49.40793],[20.54501,49.40742],[20.54608,49.40689],[20.54675,49.40617],[20.54781,49.40596],[20.55065,49.40665],[20.5526,49.40668],[20.55354,49.40691]]}},{"type":"Feature","properties":{"id":"KP05","nazwa":"Durbaszka","slug":"durbaszka-kp05","adres":"/szlaki/durbaszka-kp05","dlugoscKm":9.1,"czasMin":196,"podejscieM":595,"trudnosc":"srednia","petla":false,"maSlad":true,"kolor":"#d69a00"},"geometry":{"type":"LineString","coordinates":[[20.48259,49.42514],[20.48233,49.42528],[20.48206,49.4254],[20.48187,49.42547],[20.48166,49.42555],[20.48153,49.4256],[20.48131,49.42569],[20.48107,49.42578],[20.48103,49.42574],[20.48097,49.42564],[20.48099,49.42562],[20.48104,49.42555],[20.48079,49.42555],[20.48074,49.42557],[20.48064,49.42542],[20.48034,49.4255],[20.48031,49.4252],[20.48047,49.42517],[20.48054,49.42512],[20.48058,49.42508],[20.48059,49.42503],[20.48057,49.42497],[20.48038,49.42468],[20.48037,49.42467],[20.48036,49.42465],[20.48025,49.42441],[20.48023,49.42436],[20.48021,49.42433],[20.4804,49.42429],[20.48087,49.42423],[20.48126,49.42415],[20.48145,49.42411],[20.4822,49.42392],[20.48249,49.42385],[20.48231,49.42361],[20.48225,49.42357],[20.48217,49.42354],[20.48205,49.42354],[20.48196,49.42356],[20.48193,49.42356],[20.48176,49.42362],[20.48154,49.42362],[20.48149,49.42361],[20.48146,49.42359],[20.48147,49.42356],[20.48151,49.4235],[20.48165,49.42339],[20.48182,49.42324],[20.48194,49.42309],[20.48211,49.42285],[20.48225,49.42257],[20.48229,49.42244],[20.48228,49.42231],[20.48219,49.42222],[20.48203,49.42223],[20.48182,49.42227],[20.48153,49.42233],[20.48131,49.42236],[20.48103,49.42238],[20.48073,49.42232],[20.48053,49.42223],[20.48038,49.42206],[20.48031,49.42194],[20.48028,49.42183],[20.48019,49.42161],[20.48008,49.42143],[20.47994,49.42127],[20.47987,49.42125],[20.47974,49.42124],[20.47939,49.42129],[20.47889,49.42132],[20.47865,49.42127],[20.47828,49.42114],[20.47805,49.42101],[20.47773,49.42091],[20.4775,49.42084],[20.47724,49.42079],[20.47701,49.4207],[20.47685,49.42059],[20.47675,49.42047],[20.4767,49.42029],[20.47671,49.42019],[20.47669,49.42002],[20.47666,49.41989],[20.47668,49.41978],[20.47679,49.41968],[20.47689,49.41963],[20.47692,49.41953],[20.477,49.41943],[20.47708,49.41937],[20.47707,49.41935],[20.47697,49.41929],[20.47691,49.41925],[20.4769,49.41919],[20.47681,49.41916],[20.47681,49.41915],[20.47687,49.4191],[20.47687,49.41906],[20.47684,49.41904],[20.47673,49.41903],[20.47652,49.41904],[20.4764,49.41899],[20.47635,49.41893],[20.47633,49.41892],[20.47631,49.41886],[20.47633,49.41881],[20.47645,49.41871],[20.47641,49.41848],[20.47642,49.41842],[20.47657,49.41837],[20.47658,49.4183],[20.47658,49.41821],[20.4759,49.41789],[20.47585,49.41779],[20.47586,49.41768],[20.47618,49.41733],[20.47631,49.41719],[20.47662,49.41692],[20.47679,49.41675],[20.47689,49.41648],[20.4769,49.41638],[20.47689,49.41633],[20.47688,49.41627],[20.4768,49.41597],[20.47668,49.41561],[20.4767,49.4154],[20.47674,49.41504],[20.47678,49.41472],[20.47685,49.41463],[20.47688,49.41427],[20.47668,49.41409],[20.47682,49.41393],[20.47682,49.4138],[20.4768,49.4137],[20.47674,49.41359],[20.47664,49.41367],[20.4765,49.41382],[20.47644,49.41389],[20.47635,49.41398],[20.47623,49.41408],[20.4761,49.41412],[20.47623,49.41408],[20.47635,49.41398],[20.47644,49.41389],[20.4765,49.41382],[20.47664,49.41367],[20.47674,49.41359],[20.47681,49.41343],[20.4769,49.41333],[20.47704,49.41318],[20.47707,49.41299],[20.47711,49.41284],[20.47726,49.41261],[20.47733,49.41251],[20.47764,49.41226],[20.47796,49.412],[20.47817,49.41185],[20.47833,49.41174],[20.47843,49.41166],[20.47875,49.41142],[20.47902,49.41132],[20.4793,49.41126],[20.47939,49.41121],[20.47959,49.411],[20.47992,49.41077],[20.48007,49.41073],[20.48023,49.41073],[20.48045,49.41062],[20.48064,49.41055],[20.48083,49.41052],[20.48098,49.41047],[20.48111,49.41034],[20.48144,49.41012],[20.48158,49.41009],[20.48165,49.41007],[20.48241,49.40978],[20.48311,49.40963],[20.48378,49.40959],[20.48418,49.40958],[20.48435,49.40957],[20.48459,49.40952],[20.48475,49.40946],[20.48492,49.4094],[20.48529,49.40924],[20.48563,49.40906],[20.48594,49.40897],[20.48634,49.40884],[20.48688,49.4087],[20.48734,49.40855],[20.48794,49.40846],[20.48862,49.40841],[20.48871,49.40833],[20.48878,49.40821],[20.48879,49.40819],[20.48892,49.40783],[20.48924,49.40741],[20.48939,49.40733],[20.48954,49.40725],[20.48986,49.40714],[20.49001,49.40698],[20.49059,49.40678],[20.49085,49.40674],[20.49121,49.40678],[20.49147,49.4068],[20.49178,49.40687],[20.49195,49.40688],[20.49228,49.40679],[20.49262,49.4068],[20.49293,49.40676],[20.49327,49.40672],[20.49339,49.40668],[20.49361,49.40661],[20.49394,49.40648],[20.4943,49.40625],[20.4948,49.40588],[20.49502,49.40579],[20.49519,49.40575],[20.49548,49.40567],[20.49573,49.4056],[20.49595,49.40557],[20.49656,49.40554],[20.4967,49.40554],[20.49682,49.40551],[20.49707,49.40546],[20.49729,49.40537],[20.49734,49.40532],[20.49761,49.40524],[20.4981,49.40511],[20.4983,49.40507],[20.49856,49.405],[20.49877,49.40492],[20.49895,49.40485],[20.49913,49.40482],[20.49933,49.40477],[20.49954,49.40469],[20.49976,49.40462],[20.50003,49.40454],[20.50022,49.40451],[20.50044,49.40447],[20.50064,49.40444],[20.5008,49.40438],[20.50091,49.40434],[20.50105,49.40433],[20.50131,49.40432],[20.50173,49.40425],[20.50198,49.40422],[20.50221,49.4042],[20.50235,49.4042],[20.50248,49.40419],[20.50261,49.40417],[20.50309,49.40409],[20.50329,49.40407],[20.50352,49.40401],[20.50378,49.40397],[20.50414,49.40386],[20.50427,49.40379],[20.50436,49.40374],[20.50443,49.40372],[20.50453,49.40372],[20.50461,49.40369],[20.50475,49.40364],[20.50485,49.4036],[20.50493,49.40352],[20.50491,49.40345],[20.50494,49.4034],[20.50508,49.40335],[20.5052,49.40327],[20.50529,49.4032],[20.50557,49.40288],[20.50574,49.40271],[20.50604,49.40255],[20.50632,49.40234],[20.5065,49.40226],[20.50671,49.40212],[20.50726,49.40176],[20.50748,49.40168],[20.508,49.40152],[20.5086,49.40121],[20.50941,49.40081],[20.50975,49.40057],[20.51092,49.39987],[20.51116,49.39964],[20.51134,49.39929],[20.5115,49.39886],[20.51162,49.39863],[20.5119,49.39786],[20.51222,49.39707],[20.51236,49.39677],[20.51252,49.39652],[20.51418,49.39545],[20.51467,49.39518],[20.51488,49.39509],[20.51509,49.39496],[20.51578,49.39474],[20.51599,49.39468],[20.51619,49.3946],[20.51631,49.39452],[20.51645,49.39436],[20.51659,49.39419],[20.51672,49.39409],[20.51699,49.39389],[20.51716,49.39372],[20.51729,49.39364],[20.51746,49.39359],[20.51775,49.39347],[20.51833,49.39317],[20.51969,49.39268],[20.51978,49.39264],[20.52055,49.39244],[20.52096,49.39231],[20.52151,49.3921],[20.52219,49.39175],[20.52321,49.39118],[20.52352,49.39096],[20.52379,49.39079],[20.52403,49.39068],[20.52426,49.39061],[20.52459,49.3905],[20.52593,49.39015],[20.52684,49.3898],[20.52807,49.38945],[20.52922,49.38911],[20.53005,49.38893],[20.53069,49.38886],[20.5315,49.38881],[20.53223,49.38874],[20.53266,49.3887],[20.53323,49.38861],[20.53339,49.3886],[20.53356,49.38861],[20.53397,49.38862],[20.53421,49.38863],[20.53446,49.38867],[20.53502,49.38874],[20.5352,49.38881],[20.53534,49.38891],[20.53557,49.38908],[20.53568,49.38925],[20.53578,49.38945],[20.53584,49.38963],[20.53606,49.38985],[20.53611,49.39029],[20.53619,49.39055],[20.53611,49.39029],[20.53606,49.38985],[20.53584,49.38963],[20.53578,49.38945],[20.53568,49.38925],[20.53557,49.38908],[20.53534,49.38891],[20.5352,49.38881],[20.53502,49.38874],[20.53446,49.38867],[20.53421,49.38863],[20.53397,49.38862],[20.53356,49.38861],[20.53339,49.3886],[20.53323,49.38861],[20.53266,49.3887],[20.53223,49.38874],[20.5315,49.38881],[20.53069,49.38886],[20.53005,49.38893],[20.5316,49.38831],[20.53245,49.38794],[20.53322,49.38757],[20.53417,49.38724],[20.53467,49.38706],[20.53527,49.38694],[20.5359,49.38689],[20.53676,49.38701]]}},{"type":"Feature","properties":{"id":"KP14","nazwa":"Góra Zamkowa","slug":"gora-zamkowa","adres":"/szlaki/gora-zamkowa","dlugoscKm":5,"czasMin":119,"podejscieM":437,"trudnosc":"srednia","petla":false,"maSlad":true,"kolor":"#1f6dad"},"geometry":{"type":"LineString","coordinates":[[20.42791,49.44058],[20.42775,49.44061],[20.42771,49.44062],[20.42766,49.44061],[20.42744,49.4406],[20.42691,49.44057],[20.42669,49.4406],[20.42651,49.44063],[20.42637,49.44065],[20.42606,49.4407],[20.4259,49.44071],[20.42584,49.44074],[20.42553,49.44067],[20.42529,49.44062],[20.42517,49.44059],[20.42499,49.44055],[20.42485,49.44053],[20.42469,49.4405],[20.42396,49.4404],[20.42373,49.44038],[20.42363,49.44037],[20.4235,49.44037],[20.42341,49.44037],[20.42331,49.44037],[20.4232,49.44038],[20.42307,49.44039],[20.42298,49.44039],[20.42278,49.44041],[20.42276,49.44035],[20.42274,49.44033],[20.42271,49.44031],[20.42265,49.44027],[20.4224,49.44012],[20.42234,49.44009],[20.42225,49.43996],[20.42193,49.43953],[20.42184,49.43935],[20.42181,49.4393],[20.42178,49.43916],[20.42187,49.43893],[20.42187,49.43891],[20.42188,49.43882],[20.42186,49.43847],[20.42187,49.43838],[20.42196,49.43825],[20.42201,49.43822],[20.42224,49.438],[20.42232,49.43782],[20.42232,49.43774],[20.42231,49.43749],[20.42232,49.43739],[20.42237,49.43727],[20.42257,49.43689],[20.42265,49.43671],[20.42261,49.43628],[20.42264,49.43616],[20.42303,49.43552],[20.42311,49.43534],[20.42329,49.43517],[20.42339,49.43503],[20.42348,49.43489],[20.4235,49.43481],[20.4235,49.43473],[20.42355,49.43468],[20.4236,49.43454],[20.42364,49.43441],[20.42363,49.43434],[20.42369,49.43425],[20.42369,49.43417],[20.42374,49.43404],[20.42376,49.434],[20.42374,49.43387],[20.4236,49.43371],[20.4236,49.43363],[20.4236,49.4336],[20.42361,49.43352],[20.42355,49.43341],[20.42344,49.4332],[20.42335,49.43307],[20.42326,49.43301],[20.42305,49.43269],[20.42299,49.43253],[20.42296,49.43244],[20.42279,49.43223],[20.42228,49.4314],[20.42212,49.43124],[20.42198,49.43113],[20.42186,49.43101],[20.42182,49.43092],[20.42176,49.43071],[20.42154,49.43046],[20.42128,49.43012],[20.4212,49.43],[20.42111,49.42992],[20.42096,49.4298],[20.42074,49.4297],[20.42055,49.42965],[20.42038,49.42961],[20.41981,49.42935],[20.41904,49.42895],[20.41802,49.42854],[20.41751,49.42834],[20.41681,49.42803],[20.41645,49.42785],[20.4156,49.42752],[20.41472,49.42707],[20.41437,49.42687],[20.41413,49.42673],[20.41385,49.42664],[20.41333,49.42647],[20.41308,49.42639],[20.41275,49.42621],[20.41262,49.42607],[20.41262,49.42588],[20.41259,49.42567],[20.41248,49.42553],[20.41227,49.42542],[20.41172,49.42531],[20.41102,49.42501],[20.41069,49.42468],[20.41057,49.4246],[20.41052,49.42455],[20.41053,49.42453],[20.41053,49.42452],[20.41054,49.42449],[20.41056,49.42446],[20.41067,49.42441],[20.41136,49.42417],[20.41148,49.4241],[20.41154,49.42394],[20.41149,49.42378],[20.41132,49.42351],[20.41116,49.42335],[20.41097,49.42324],[20.41082,49.42315],[20.41054,49.42296],[20.41037,49.42285],[20.41004,49.42264],[20.41,49.42254],[20.40998,49.42237],[20.40992,49.42221],[20.40979,49.42198],[20.40965,49.42187],[20.40943,49.4217],[20.40931,49.42161],[20.40926,49.42148],[20.40928,49.42139],[20.40936,49.42129],[20.40937,49.42121],[20.40931,49.42111],[20.40923,49.42097],[20.4092,49.42086],[20.40903,49.42042],[20.40901,49.42037],[20.40866,49.41994],[20.40858,49.41981],[20.40835,49.41935],[20.40819,49.41918],[20.40807,49.419],[20.40819,49.41918],[20.40835,49.41935],[20.40858,49.41981],[20.40866,49.41994],[20.40901,49.42037],[20.40903,49.42042],[20.4092,49.42086],[20.40923,49.42097],[20.40931,49.42111],[20.40937,49.42121],[20.40936,49.42129],[20.40928,49.42139],[20.40926,49.42148],[20.40931,49.42161],[20.40943,49.4217],[20.40965,49.42187],[20.40979,49.42198],[20.40992,49.42221],[20.40998,49.42237],[20.41,49.42254],[20.41004,49.42264],[20.41037,49.42285],[20.41043,49.42264],[20.41046,49.42252],[20.41047,49.42242],[20.4105,49.42233],[20.41072,49.42187],[20.41081,49.42175],[20.41089,49.42168],[20.41103,49.4216],[20.41134,49.42146],[20.41142,49.42142],[20.41149,49.42138],[20.41153,49.42134],[20.41162,49.42122],[20.41175,49.42108],[20.41191,49.42094],[20.41202,49.42089],[20.41222,49.42083],[20.41251,49.42077],[20.41274,49.42075],[20.41295,49.42075],[20.41328,49.4208],[20.41362,49.42084],[20.41386,49.42079],[20.4142,49.42066],[20.41446,49.4206],[20.41466,49.42056],[20.41483,49.42047],[20.41515,49.42025],[20.41542,49.41993],[20.4155,49.41982],[20.41552,49.41961],[20.41548,49.41947],[20.41543,49.41937],[20.41546,49.4193],[20.41554,49.41923],[20.41569,49.4192],[20.41587,49.4192],[20.416,49.41918],[20.41612,49.41911],[20.4162,49.41901],[20.41624,49.41891],[20.41628,49.41882],[20.41644,49.41874],[20.41659,49.41867],[20.41673,49.41859],[20.4169,49.41856],[20.41718,49.41861],[20.41751,49.41858],[20.41778,49.41852],[20.41801,49.41842],[20.41822,49.41827],[20.41831,49.41822],[20.41837,49.41823],[20.41843,49.41828],[20.41854,49.41844],[20.41862,49.41862],[20.41869,49.41875],[20.41882,49.41886],[20.41894,49.41894],[20.4191,49.41911],[20.41917,49.41923],[20.41919,49.41933],[20.41927,49.4194],[20.41935,49.41944],[20.41956,49.41954],[20.4197,49.41967],[20.41991,49.41982],[20.41999,49.41968],[20.42006,49.41957],[20.42024,49.41951]]}},{"type":"Feature","properties":{"id":"KP13","nazwa":"Huściawa","slug":"husciawa","adres":"/szlaki/husciawa","dlugoscKm":5.5,"czasMin":123,"podejscieM":406,"trudnosc":"srednia","petla":false,"maSlad":true,"kolor":"#1f6dad"},"geometry":{"type":"LineString","coordinates":[[20.48259,49.42514],[20.48233,49.42528],[20.48206,49.4254],[20.48187,49.42547],[20.48166,49.42555],[20.48153,49.4256],[20.48131,49.42569],[20.48107,49.42578],[20.48103,49.42574],[20.48097,49.42564],[20.48099,49.42562],[20.48104,49.42555],[20.48079,49.42555],[20.48074,49.42557],[20.48064,49.42542],[20.48034,49.4255],[20.48031,49.4252],[20.48047,49.42517],[20.48054,49.42512],[20.48058,49.42508],[20.48059,49.42503],[20.48057,49.42497],[20.48038,49.42468],[20.48037,49.42467],[20.48036,49.42465],[20.48025,49.42441],[20.48023,49.42436],[20.48021,49.42433],[20.4804,49.42429],[20.48087,49.42423],[20.48126,49.42415],[20.48145,49.42411],[20.4822,49.42392],[20.48249,49.42385],[20.48231,49.42361],[20.48225,49.42357],[20.48217,49.42354],[20.48205,49.42354],[20.48196,49.42356],[20.48193,49.42356],[20.48176,49.42362],[20.48154,49.42362],[20.48149,49.42361],[20.48146,49.42359],[20.48147,49.42356],[20.48151,49.4235],[20.48165,49.42339],[20.48182,49.42324],[20.48194,49.42309],[20.48211,49.42285],[20.48225,49.42257],[20.48229,49.42244],[20.48228,49.42231],[20.48219,49.42222],[20.48203,49.42223],[20.48182,49.42227],[20.48153,49.42233],[20.48131,49.42236],[20.48103,49.42238],[20.48073,49.42232],[20.48053,49.42223],[20.48038,49.42206],[20.48031,49.42194],[20.48028,49.42183],[20.48019,49.42161],[20.48008,49.42143],[20.47994,49.42127],[20.47987,49.42125],[20.47974,49.42124],[20.47939,49.42129],[20.47889,49.42132],[20.47865,49.42127],[20.47828,49.42114],[20.47805,49.42101],[20.47773,49.42091],[20.4775,49.42084],[20.47724,49.42079],[20.47701,49.4207],[20.47685,49.42059],[20.47675,49.42047],[20.4767,49.42029],[20.47671,49.42019],[20.47669,49.42002],[20.47666,49.41989],[20.47668,49.41978],[20.47679,49.41968],[20.47689,49.41963],[20.47692,49.41953],[20.477,49.41943],[20.47708,49.41937],[20.47707,49.41935],[20.47697,49.41929],[20.47691,49.41925],[20.4769,49.41919],[20.47681,49.41916],[20.47681,49.41915],[20.47687,49.4191],[20.47687,49.41906],[20.47684,49.41904],[20.47673,49.41903],[20.47652,49.41904],[20.4764,49.41899],[20.47635,49.41893],[20.47633,49.41892],[20.47631,49.41886],[20.47633,49.41881],[20.47645,49.41871],[20.47641,49.41848],[20.47642,49.41842],[20.47657,49.41837],[20.47658,49.4183],[20.47658,49.41821],[20.4759,49.41789],[20.47585,49.41779],[20.47586,49.41768],[20.47618,49.41733],[20.47631,49.41719],[20.47662,49.41692],[20.47679,49.41675],[20.47689,49.41648],[20.4769,49.41638],[20.47689,49.41633],[20.47688,49.41627],[20.4768,49.41597],[20.47668,49.41561],[20.4767,49.4154],[20.47674,49.41504],[20.47678,49.41472],[20.47685,49.41463],[20.47688,49.41427],[20.47668,49.41409],[20.47682,49.41393],[20.47682,49.4138],[20.4768,49.4137],[20.47674,49.41359],[20.47664,49.41367],[20.4765,49.41382],[20.47644,49.41389],[20.47635,49.41398],[20.47623,49.41408],[20.4761,49.41412],[20.47623,49.41408],[20.47635,49.41398],[20.47644,49.41389],[20.4765,49.41382],[20.47664,49.41367],[20.47674,49.41359],[20.47681,49.41343],[20.4769,49.41333],[20.47704,49.41318],[20.47707,49.41299],[20.47711,49.41284],[20.47726,49.41261],[20.47733,49.41251],[20.47764,49.41226],[20.47796,49.412],[20.47817,49.41185],[20.47833,49.41174],[20.47843,49.41166],[20.47875,49.41142],[20.47902,49.41132],[20.4793,49.41126],[20.47939,49.41121],[20.47959,49.411],[20.47992,49.41077],[20.48007,49.41073],[20.48023,49.41073],[20.48045,49.41062],[20.48064,49.41055],[20.48083,49.41052],[20.48098,49.41047],[20.48111,49.41034],[20.48144,49.41012],[20.48158,49.41009],[20.48165,49.41007],[20.48241,49.40978],[20.48311,49.40963],[20.48378,49.40959],[20.48418,49.40958],[20.48435,49.40957],[20.48459,49.40952],[20.48475,49.40946],[20.48492,49.4094],[20.48529,49.40924],[20.48563,49.40906],[20.48594,49.40897],[20.48634,49.40884],[20.48688,49.4087],[20.48734,49.40855],[20.48794,49.40846],[20.48862,49.40841],[20.48871,49.40833],[20.48878,49.40821],[20.48879,49.40819],[20.48892,49.40783],[20.48924,49.40741],[20.48939,49.40733],[20.48954,49.40725],[20.48986,49.40714],[20.49001,49.40698],[20.49059,49.40678],[20.49085,49.40674],[20.49121,49.40678],[20.49147,49.4068],[20.49178,49.40687],[20.49195,49.40688],[20.49228,49.40679],[20.49262,49.4068],[20.49293,49.40676],[20.49327,49.40672],[20.49339,49.40668],[20.49361,49.40661],[20.49394,49.40648],[20.4943,49.40625],[20.4948,49.40588],[20.49502,49.40579],[20.49519,49.40575],[20.49548,49.40567],[20.49573,49.4056],[20.49595,49.40557],[20.49656,49.40554],[20.4967,49.40554],[20.49682,49.40551],[20.49707,49.40546],[20.49729,49.40537],[20.49734,49.40532],[20.49761,49.40524],[20.4981,49.40511],[20.4983,49.40507],[20.49856,49.405],[20.49877,49.40492],[20.49895,49.40485],[20.49913,49.40482],[20.49933,49.40477],[20.49954,49.40469],[20.49976,49.40462],[20.50003,49.40454],[20.50022,49.40451],[20.50044,49.40447],[20.50064,49.40444],[20.5008,49.40438],[20.50091,49.40434],[20.50105,49.40433],[20.50131,49.40432],[20.50173,49.40425],[20.50198,49.40422],[20.50221,49.4042],[20.50235,49.4042],[20.50248,49.40419],[20.50261,49.40417],[20.50309,49.40409],[20.50329,49.40407],[20.50352,49.40401],[20.50378,49.40397],[20.50414,49.40386],[20.50427,49.40379],[20.50436,49.40374],[20.50443,49.40372],[20.50453,49.40372],[20.50461,49.40369],[20.50475,49.40364],[20.50485,49.4036],[20.50493,49.40352],[20.50491,49.40345],[20.50494,49.4034],[20.50508,49.40335],[20.5052,49.40327],[20.50529,49.4032],[20.50557,49.40288],[20.50574,49.40271],[20.50604,49.40255],[20.50632,49.40234],[20.5065,49.40226],[20.50671,49.40212],[20.50726,49.40176],[20.50748,49.40168],[20.508,49.40152],[20.5086,49.40121],[20.50941,49.40081],[20.50975,49.40057],[20.51092,49.39987],[20.51116,49.39964],[20.51134,49.39929]]}},{"type":"Feature","properties":{"id":"8D","nazwa":"Lawendowe Wzgórza","slug":"lawendowe-wzgorza","adres":"/szlaki/lawendowe-wzgorza","dlugoscKm":1.9,"czasMin":42,"podejscieM":137,"trudnosc":"latwa","petla":false,"maSlad":true,"kolor":"#2f5d43"},"geometry":{"type":"LineString","coordinates":[[20.48259,49.42514],[20.48378,49.42579],[20.48461,49.42611],[20.48484,49.42639],[20.48553,49.42688],[20.48624,49.42764],[20.48699,49.42871],[20.48728,49.42883],[20.48752,49.42875],[20.48774,49.42882],[20.48785,49.42872],[20.4874,49.42846],[20.48717,49.42796],[20.48719,49.42746],[20.48792,49.42742],[20.48819,49.4277],[20.49062,49.42762],[20.49109,49.42767],[20.49156,49.42924],[20.49175,49.42933],[20.49287,49.42944],[20.49374,49.42975],[20.49432,49.42999],[20.49523,49.43074],[20.49532,49.43089],[20.49528,49.43207],[20.49538,49.43296],[20.49562,49.43363],[20.49543,49.4337]]}},{"type":"Feature","properties":{"id":"KP24","nazwa":"Majerz","slug":"majerz","adres":"/szlaki/majerz","dlugoscKm":1,"czasMin":18,"podejscieM":31,"trudnosc":"latwa","petla":false,"maSlad":true,"kolor":"#1f6dad"},"geometry":{"type":"LineString","coordinates":[[20.33141,49.4381],[20.3315,49.43805],[20.33204,49.43773],[20.3325,49.43757],[20.33262,49.43753],[20.33262,49.43743],[20.33268,49.43732],[20.33275,49.43726],[20.33285,49.43723],[20.33296,49.43725],[20.33325,49.43738],[20.33343,49.43723],[20.33351,49.43718],[20.3336,49.43718],[20.33367,49.4372],[20.3337,49.43723],[20.33376,49.43739],[20.33393,49.43732],[20.33409,49.43723],[20.33425,49.43712],[20.33437,49.43694],[20.33447,49.43666],[20.33456,49.43653],[20.3347,49.4363],[20.33477,49.43624],[20.33499,49.43607],[20.33557,49.43576],[20.33606,49.43554],[20.33672,49.43523],[20.33756,49.43492],[20.33794,49.43476],[20.33829,49.43468],[20.33877,49.43452],[20.34039,49.4339],[20.34139,49.43357],[20.34151,49.43353]]}},{"type":"Feature","properties":{"id":"6A","nazwa":"Mało znany Średniak","slug":"malo-znany-sredniak","adres":"/szlaki/malo-znany-sredniak","dlugoscKm":12,"czasMin":195,"podejscieM":490,"trudnosc":"trudna","petla":true,"maSlad":true,"kolor":"#d69a00"},"geometry":{"type":"LineString","coordinates":[[20.46807,49.42647],[20.46802,49.42697],[20.46823,49.42729],[20.46927,49.42742],[20.46906,49.42864],[20.46789,49.42989],[20.46794,49.43068],[20.46738,49.43206],[20.46761,49.43264],[20.4673,49.43374],[20.46754,49.43474],[20.46736,49.43527],[20.46753,49.43702],[20.46886,49.43799],[20.46886,49.43866],[20.46826,49.43953],[20.46946,49.43905],[20.47019,49.43922],[20.47272,49.44084],[20.47311,49.44165],[20.47276,49.44176],[20.47152,49.44123],[20.47113,49.44157],[20.47238,49.44313],[20.47238,49.44405],[20.47302,49.44639],[20.47364,49.44678],[20.47525,49.44853],[20.47588,49.44886],[20.47751,49.45026],[20.47721,49.45089],[20.4775,49.45119],[20.47749,49.45178],[20.47825,49.45212],[20.47899,49.45324],[20.47973,49.45347],[20.48044,49.45388],[20.48145,49.45398],[20.48184,49.45416],[20.48202,49.45521],[20.48251,49.45539],[20.48286,49.45539],[20.48435,49.45445],[20.4853,49.45409],[20.48623,49.45323],[20.48615,49.45302],[20.48751,49.45172],[20.48822,49.45155],[20.48915,49.45111],[20.48982,49.45099],[20.49001,49.4508],[20.49034,49.45017],[20.49033,49.44859],[20.49106,49.44738],[20.49103,49.44689],[20.49128,49.44644],[20.49122,49.44535],[20.49096,49.44498],[20.49096,49.44442],[20.49045,49.44374],[20.49069,49.44301],[20.49054,49.44274],[20.49,49.44236],[20.48767,49.4414],[20.48692,49.44052],[20.48578,49.44021],[20.48569,49.43959],[20.48632,49.43924],[20.48626,49.43913],[20.48519,49.43907],[20.48448,49.43881],[20.48273,49.43858],[20.48156,49.43792],[20.4811,49.43755],[20.48,49.43604],[20.47924,49.43574],[20.47879,49.43535],[20.47916,49.43488],[20.47879,49.43458],[20.4788,49.43433],[20.4791,49.43399],[20.47923,49.4327],[20.47965,49.43142],[20.48265,49.43037],[20.48303,49.4304],[20.48452,49.43086],[20.48486,49.43218],[20.48512,49.43227],[20.48564,49.43211],[20.48599,49.43176],[20.48682,49.43133],[20.48727,49.43085],[20.48819,49.42942],[20.48809,49.42915],[20.48685,49.42863],[20.4863,49.4277],[20.48466,49.42617],[20.48284,49.4253],[20.48256,49.42522],[20.48225,49.4253],[20.48121,49.42575],[20.48101,49.42574],[20.48101,49.42561],[20.48045,49.42565],[20.48031,49.42521],[20.4806,49.42501],[20.48022,49.42432],[20.47449,49.42542],[20.47281,49.42552],[20.47032,49.42543],[20.46789,49.42604],[20.46807,49.42647]]}},{"type":"Feature","properties":{"id":"1C","nazwa":"Mnisia ścieżka","slug":"mnisia-sciezka","adres":"/szlaki/mnisia-sciezka","dlugoscKm":23,"czasMin":380,"podejscieM":620,"trudnosc":"trudna","petla":true,"maSlad":true,"kolor":"#d69a00"},"geometry":{"type":"LineString","coordinates":[[20.46807,49.42647],[20.47038,49.4258],[20.47088,49.42577],[20.47249,49.42598],[20.47336,49.42592],[20.47488,49.42576],[20.47992,49.42481],[20.48027,49.42501],[20.48031,49.42521],[20.4806,49.42501],[20.48022,49.42432],[20.48129,49.42414],[20.48191,49.42362],[20.48145,49.42356],[20.4819,49.42312],[20.4823,49.42227],[20.4822,49.4222],[20.48106,49.42237],[20.48071,49.42231],[20.48035,49.42219],[20.48022,49.4216],[20.47989,49.42126],[20.47876,49.42132],[20.47797,49.42096],[20.47716,49.42079],[20.47671,49.42047],[20.47687,49.42006],[20.47671,49.41986],[20.47702,49.41947],[20.47672,49.41939],[20.47687,49.41929],[20.47634,49.41899],[20.47628,49.41883],[20.47653,49.41872],[20.47643,49.41843],[20.47657,49.41821],[20.47585,49.4178],[20.47676,49.41684],[20.4769,49.4164],[20.47674,49.41359],[20.47624,49.41405],[20.47208,49.41542],[20.47084,49.41571],[20.46981,49.41547],[20.46661,49.41605],[20.46426,49.41603],[20.46456,49.4156],[20.46873,49.41364],[20.46944,49.41348],[20.46923,49.4131],[20.46952,49.4124],[20.46885,49.41176],[20.46813,49.41142],[20.46596,49.41078],[20.4639,49.4106],[20.4638,49.41026],[20.46432,49.40944],[20.46466,49.40778],[20.46494,49.40745],[20.465,49.40713],[20.46471,49.4066],[20.46752,49.40392],[20.46756,49.4033],[20.4695,49.40268],[20.47191,49.40108],[20.4727,49.40039],[20.47296,49.40011],[20.47201,49.39926],[20.47055,49.39858],[20.46909,49.3989],[20.46857,49.39872],[20.4683,49.39879],[20.46819,49.399],[20.46761,49.39887],[20.46741,49.39901],[20.46744,49.39926],[20.46658,49.39911],[20.46629,49.39957],[20.46515,49.39995],[20.4647,49.39881],[20.46384,49.39818],[20.46205,49.39777],[20.45957,49.39686],[20.45864,49.39689],[20.45748,49.39659],[20.45677,49.39655],[20.45621,49.39622],[20.45371,49.3966],[20.45087,49.39647],[20.4498,49.39612],[20.44944,49.39637],[20.44845,49.39648],[20.44645,49.39636],[20.44259,49.39535],[20.44036,49.3934],[20.43902,49.3933],[20.43796,49.39305],[20.43426,49.39172],[20.43302,49.39144],[20.4315,49.39148],[20.43106,49.3917],[20.42844,49.39188],[20.4283,49.39181],[20.42794,49.3919],[20.42778,49.39175],[20.42623,49.392],[20.42577,49.3919],[20.42533,49.39206],[20.42379,49.39225],[20.42311,49.39259],[20.42266,49.39324],[20.42125,49.39448],[20.42008,49.39491],[20.41875,49.39571],[20.41772,49.39765],[20.41656,49.3986],[20.41579,49.39901],[20.41699,49.40032],[20.41662,49.40091],[20.41687,49.40185],[20.41684,49.40249],[20.41643,49.4034],[20.41644,49.40468],[20.41675,49.40508],[20.41755,49.40536],[20.41956,49.40532],[20.42048,49.40505],[20.42144,49.4044],[20.42423,49.4031],[20.42727,49.40209],[20.42756,49.40186],[20.42908,49.39799],[20.4299,49.3964],[20.43086,49.39563],[20.43126,49.3955],[20.43177,49.39555],[20.4336,49.39634],[20.4341,49.39671],[20.43481,49.39761],[20.43568,49.39928],[20.43564,49.40029],[20.43501,49.40187],[20.43513,49.4023],[20.43724,49.40507],[20.43749,49.40585],[20.43745,49.40677],[20.43687,49.40741],[20.43608,49.40779],[20.43528,49.4081],[20.43382,49.40845],[20.432,49.40848],[20.42995,49.40807],[20.42923,49.40815],[20.42915,49.40838],[20.42979,49.40987],[20.4298,49.41134],[20.42946,49.41212],[20.42973,49.41281],[20.43009,49.41492],[20.43049,49.41595],[20.43098,49.41642],[20.43218,49.41699],[20.43357,49.41735],[20.43548,49.41754],[20.43601,49.41749],[20.43638,49.41735],[20.43663,49.41706],[20.43712,49.41533],[20.43791,49.41455],[20.43825,49.41439],[20.43869,49.41425],[20.4403,49.41416],[20.44247,49.41372],[20.44322,49.41337],[20.44388,49.41259],[20.44427,49.41233],[20.44596,49.41169],[20.4468,49.41158],[20.44866,49.4117],[20.44973,49.41189],[20.45039,49.41186],[20.45111,49.41206],[20.45149,49.41233],[20.4516,49.41262],[20.45138,49.41319],[20.45054,49.4136],[20.45025,49.41395],[20.44932,49.41389],[20.44842,49.41441],[20.44648,49.41589],[20.44644,49.41627],[20.44764,49.41663],[20.44998,49.41652],[20.45405,49.41757],[20.45539,49.41806],[20.45795,49.41985],[20.45869,49.42073],[20.45915,49.42207],[20.46021,49.42343],[20.46172,49.42396],[20.46397,49.42404],[20.46601,49.42453],[20.46672,49.42579],[20.46728,49.42603],[20.46789,49.42604],[20.46807,49.42647]]}},{"type":"Feature","properties":{"id":"5B","nazwa":"Nie mam roweru","slug":"nie-mam-roweru","adres":"/szlaki/nie-mam-roweru","dlugoscKm":21,"czasMin":305,"podejscieM":610,"trudnosc":"trudna","petla":true,"maSlad":true,"kolor":"#d69a00"},"geometry":{"type":"LineString","coordinates":[[20.48256,49.42522],[20.48466,49.42617],[20.4863,49.4277],[20.48685,49.42863],[20.48732,49.42885],[20.48785,49.42873],[20.4874,49.42846],[20.48716,49.42797],[20.48723,49.42596],[20.49103,49.42494],[20.49221,49.42416],[20.49346,49.42455],[20.49377,49.42476],[20.49541,49.4253],[20.49606,49.42628],[20.49676,49.42685],[20.49686,49.42738],[20.49806,49.42846],[20.49892,49.4288],[20.49964,49.43006],[20.5003,49.43044],[20.50046,49.43075],[20.50106,49.43113],[20.50118,49.43133],[20.50104,49.43233],[20.50226,49.4333],[20.50272,49.43395],[20.50297,49.43568],[20.50336,49.43687],[20.50397,49.4377],[20.50401,49.43797],[20.50308,49.43907],[20.50213,49.44101],[20.50243,49.44242],[20.50167,49.44396],[20.50269,49.44505],[20.50302,49.4457],[20.50308,49.44667],[20.5029,49.44787],[20.50432,49.44937],[20.50458,49.45004],[20.50462,49.45048],[20.50426,49.45105],[20.50424,49.45167],[20.50321,49.45262],[20.50304,49.45294],[20.50339,49.45388],[20.50382,49.45422],[20.5061,49.45502],[20.5075,49.45579],[20.50785,49.45636],[20.50857,49.45676],[20.51054,49.45729],[20.51223,49.45729],[20.51283,49.45743],[20.51421,49.45861],[20.51438,49.45858],[20.51446,49.45806],[20.51431,49.45703],[20.51706,49.4567],[20.51873,49.45584],[20.5185,49.45525],[20.51881,49.45459],[20.52011,49.45458],[20.52022,49.4545],[20.52009,49.45388],[20.51984,49.45369],[20.51925,49.45354],[20.519,49.45338],[20.51906,49.45325],[20.51941,49.45319],[20.52075,49.45347],[20.52106,49.45369],[20.52125,49.45408],[20.52402,49.45629],[20.52419,49.45685],[20.52366,49.4575],[20.52376,49.45765],[20.52604,49.45882],[20.52615,49.45927],[20.52667,49.45973],[20.52885,49.46005],[20.52888,49.46016],[20.52759,49.46115],[20.52606,49.46262],[20.52608,49.46279],[20.52872,49.46331],[20.53046,49.46339],[20.5324,49.46336],[20.53293,49.46325],[20.53339,49.46357],[20.53512,49.46402],[20.53625,49.46401],[20.53735,49.46447],[20.53881,49.46444],[20.54045,49.46501],[20.54189,49.46518],[20.54194,49.46537],[20.53972,49.46576],[20.53893,49.46567],[20.53812,49.46585],[20.5344,49.4658],[20.53239,49.46551],[20.52833,49.46592],[20.52658,49.46565],[20.52356,49.4658],[20.5201,49.46571],[20.51823,49.46589],[20.5179,49.46601],[20.51725,49.46673],[20.51639,49.46807],[20.51535,49.46908],[20.51366,49.4698],[20.51292,49.47044],[20.51259,49.47052],[20.51228,49.47047],[20.51165,49.46977],[20.51061,49.4693],[20.50992,49.46922],[20.50801,49.46864],[20.50718,49.46858],[20.50593,49.46891],[20.50374,49.4684],[20.50312,49.46785],[20.50219,49.46607],[20.50119,49.46542],[20.50024,49.46436],[20.50024,49.46322],[20.50051,49.46262],[20.5003,49.46193],[20.50034,49.461],[20.50011,49.45945],[20.50044,49.45694],[20.50034,49.45628],[20.49994,49.45537],[20.50033,49.45465],[20.50032,49.45415],[20.49974,49.45212],[20.50067,49.44985],[20.50166,49.4481],[20.50111,49.4469],[20.50167,49.44558],[20.50143,49.44433],[20.50167,49.44396]]}},{"type":"Feature","properties":{"id":"5A","nazwa":"Od „Pitoniakówki” do „Stefana”","slug":"od-pitoniakowki-do-stefana","adres":"/szlaki/od-pitoniakowki-do-stefana","dlugoscKm":6.6,"czasMin":115,"podejscieM":310,"trudnosc":"srednia","petla":true,"maSlad":true,"kolor":"#d69a00"},"geometry":{"type":"LineString","coordinates":[[20.46807,49.42647],[20.46789,49.42604],[20.47032,49.42543],[20.47281,49.42552],[20.47449,49.42542],[20.48022,49.42432],[20.4806,49.42501],[20.48031,49.42521],[20.48045,49.42565],[20.48101,49.42561],[20.48101,49.42574],[20.48121,49.42575],[20.48256,49.42522],[20.48466,49.42617],[20.4863,49.4277],[20.48685,49.42863],[20.48809,49.42915],[20.48819,49.42942],[20.48682,49.43133],[20.48599,49.43176],[20.48564,49.43211],[20.48512,49.43227],[20.48486,49.43218],[20.48452,49.43086],[20.48303,49.4304],[20.48265,49.43037],[20.47965,49.43142],[20.47923,49.4327],[20.4791,49.43399],[20.4788,49.43433],[20.47879,49.43458],[20.47916,49.43488],[20.47879,49.43535],[20.47625,49.43485],[20.47447,49.43423],[20.47438,49.43437],[20.47458,49.43469],[20.47368,49.43488],[20.47342,49.43479],[20.47231,49.43489],[20.47174,49.43474],[20.47134,49.43442],[20.47139,49.43471],[20.47097,49.43539],[20.47076,49.43642],[20.47053,49.43653],[20.46916,49.43648],[20.46896,49.43644],[20.46836,49.43553],[20.46797,49.43545],[20.46742,49.43574],[20.46736,49.43527],[20.46754,49.43474],[20.46731,49.43357],[20.46761,49.43264],[20.46738,49.43206],[20.46794,49.43068],[20.46789,49.42989],[20.46906,49.42864],[20.46927,49.42742],[20.46823,49.42729],[20.46802,49.42697],[20.46807,49.42647]]}},{"type":"Feature","properties":{"id":"KP23","nazwa":"Palenica","slug":"palenica","adres":"/szlaki/palenica","dlugoscKm":1.6,"czasMin":47,"podejscieM":240,"trudnosc":"latwa","petla":false,"maSlad":true,"kolor":"#d69a00"},"geometry":{"type":"LineString","coordinates":[[20.48259,49.42514],[20.48233,49.42528],[20.48206,49.4254],[20.48187,49.42547],[20.48166,49.42555],[20.48153,49.4256],[20.48131,49.42569],[20.48107,49.42578],[20.48103,49.42574],[20.48097,49.42564],[20.48099,49.42562],[20.48104,49.42555],[20.48079,49.42555],[20.48074,49.42557],[20.48064,49.42542],[20.48034,49.4255],[20.48031,49.4252],[20.48047,49.42517],[20.48054,49.42512],[20.48058,49.42508],[20.48059,49.42503],[20.48057,49.42497],[20.48038,49.42468],[20.48037,49.42467],[20.48036,49.42465],[20.48025,49.42441],[20.48023,49.42436],[20.48021,49.42433],[20.4804,49.42429],[20.48087,49.42423],[20.48126,49.42415],[20.48145,49.42411],[20.4822,49.42392],[20.48249,49.42385],[20.48231,49.42361],[20.48225,49.42357],[20.48217,49.42354],[20.48205,49.42354],[20.48196,49.42356],[20.48193,49.42356],[20.48176,49.42362],[20.48154,49.42362],[20.48149,49.42361],[20.48146,49.42359],[20.48147,49.42356],[20.48151,49.4235],[20.48165,49.42339],[20.48182,49.42324],[20.48194,49.42309],[20.48211,49.42285],[20.48225,49.42257],[20.48229,49.42244],[20.48228,49.42231],[20.48219,49.42222],[20.48203,49.42223],[20.48182,49.42227],[20.48153,49.42233],[20.48131,49.42236],[20.48103,49.42238],[20.48073,49.42232],[20.48053,49.42223],[20.48038,49.42206],[20.48031,49.42194],[20.48028,49.42183],[20.48019,49.42161],[20.48008,49.42143],[20.47994,49.42127],[20.47987,49.42125],[20.47974,49.42124],[20.47939,49.42129],[20.47889,49.42132],[20.47865,49.42127],[20.47828,49.42114],[20.47805,49.42101],[20.47773,49.42091],[20.4775,49.42084],[20.47724,49.42079],[20.47701,49.4207],[20.47685,49.42059],[20.47675,49.42047],[20.4767,49.42029],[20.47671,49.42019],[20.47669,49.42002],[20.47666,49.41989],[20.47668,49.41978],[20.47679,49.41968],[20.47689,49.41963],[20.47692,49.41953],[20.477,49.41943],[20.47708,49.41937],[20.47707,49.41935],[20.47697,49.41929],[20.47691,49.41925],[20.4769,49.41919],[20.47681,49.41916],[20.47681,49.41915],[20.47687,49.4191],[20.47687,49.41906],[20.47684,49.41904],[20.47673,49.41903],[20.47652,49.41904],[20.4764,49.41899],[20.47635,49.41893],[20.47633,49.41892],[20.47631,49.41886],[20.47633,49.41881],[20.47645,49.41871]]}},{"type":"Feature","properties":{"id":"7D","nazwa":"Palenica wyciągiem","slug":"palenica-wyciagiem","adres":"/szlaki/palenica-wyciagiem","dlugoscKm":0.6,"czasMin":19,"podejscieM":35,"trudnosc":"latwa","petla":false,"maSlad":true,"kolor":"#2f5d43"},"geometry":{"type":"LineString","coordinates":[[20.47655,49.41884],[20.47659,49.41882],[20.47655,49.41875],[20.47645,49.41871],[20.47655,49.41863],[20.47645,49.41871],[20.47641,49.41848],[20.47642,49.41842],[20.47657,49.41837],[20.47658,49.4183],[20.47658,49.41821],[20.47643,49.41791],[20.47641,49.41777],[20.47631,49.41719],[20.47662,49.41692],[20.47679,49.41675],[20.47689,49.41648],[20.4769,49.41638],[20.47689,49.41633],[20.47691,49.41624],[20.4769,49.41575],[20.47691,49.41567],[20.47687,49.41554],[20.47688,49.41547],[20.47691,49.41531],[20.4769,49.41483],[20.47686,49.41474],[20.47685,49.41463],[20.47688,49.41427],[20.47668,49.41409],[20.47664,49.41409],[20.47654,49.41409],[20.47644,49.41415],[20.47634,49.41422],[20.47623,49.41428]]}},{"type":"Feature","properties":{"id":"KP09","nazwa":"Plašná (Płaśnie)","slug":"plasna-plasnie","adres":"/szlaki/plasna-plasnie","dlugoscKm":12,"czasMin":269,"podejscieM":899,"trudnosc":"trudna","petla":false,"maSlad":true,"kolor":"#1f6dad"},"geometry":{"type":"LineString","coordinates":[[20.48259,49.42514],[20.48233,49.42528],[20.48206,49.4254],[20.48187,49.42547],[20.48166,49.42555],[20.48153,49.4256],[20.48131,49.42569],[20.48107,49.42578],[20.48103,49.42574],[20.48097,49.42564],[20.48099,49.42562],[20.48104,49.42555],[20.48079,49.42555],[20.48074,49.42557],[20.48064,49.42542],[20.48034,49.4255],[20.48031,49.4252],[20.48047,49.42517],[20.48054,49.42512],[20.48058,49.42508],[20.48059,49.42503],[20.48057,49.42497],[20.48038,49.42468],[20.48037,49.42467],[20.48036,49.42465],[20.48025,49.42441],[20.48023,49.42436],[20.48021,49.42433],[20.4804,49.42429],[20.48087,49.42423],[20.48126,49.42415],[20.48145,49.42411],[20.4822,49.42392],[20.48249,49.42385],[20.48231,49.42361],[20.48225,49.42357],[20.48217,49.42354],[20.48205,49.42354],[20.48196,49.42356],[20.48193,49.42356],[20.48176,49.42362],[20.48154,49.42362],[20.48149,49.42361],[20.48146,49.42359],[20.48147,49.42356],[20.48151,49.4235],[20.48165,49.42339],[20.48182,49.42324],[20.48194,49.42309],[20.48211,49.42285],[20.48225,49.42257],[20.48229,49.42244],[20.48228,49.42231],[20.48219,49.42222],[20.48203,49.42223],[20.48182,49.42227],[20.48153,49.42233],[20.48131,49.42236],[20.48103,49.42238],[20.48073,49.42232],[20.48053,49.42223],[20.48038,49.42206],[20.48031,49.42194],[20.48028,49.42183],[20.48019,49.42161],[20.48008,49.42143],[20.47994,49.42127],[20.47987,49.42125],[20.47974,49.42124],[20.47939,49.42129],[20.47889,49.42132],[20.47865,49.42127],[20.47828,49.42114],[20.47805,49.42101],[20.47773,49.42091],[20.4775,49.42084],[20.47724,49.42079],[20.47701,49.4207],[20.47685,49.42059],[20.47675,49.42047],[20.4767,49.42029],[20.47671,49.42019],[20.47669,49.42002],[20.47666,49.41989],[20.47668,49.41978],[20.47679,49.41968],[20.47689,49.41963],[20.47692,49.41953],[20.477,49.41943],[20.47708,49.41937],[20.47707,49.41935],[20.47697,49.41929],[20.47691,49.41925],[20.4769,49.41919],[20.47681,49.41916],[20.47681,49.41915],[20.47687,49.4191],[20.47687,49.41906],[20.47684,49.41904],[20.47673,49.41903],[20.47652,49.41904],[20.4764,49.41899],[20.47635,49.41893],[20.47633,49.41892],[20.47631,49.41886],[20.47633,49.41881],[20.47645,49.41871],[20.47641,49.41848],[20.47642,49.41842],[20.47657,49.41837],[20.47658,49.4183],[20.47658,49.41821],[20.4759,49.41789],[20.47585,49.41779],[20.47586,49.41768],[20.47618,49.41733],[20.47631,49.41719],[20.47662,49.41692],[20.47679,49.41675],[20.47689,49.41648],[20.4769,49.41638],[20.47689,49.41633],[20.47688,49.41627],[20.4768,49.41597],[20.47668,49.41561],[20.4767,49.4154],[20.47674,49.41504],[20.47678,49.41472],[20.47685,49.41463],[20.47688,49.41427],[20.47668,49.41409],[20.47682,49.41393],[20.47682,49.4138],[20.4768,49.4137],[20.47674,49.41359],[20.47664,49.41367],[20.4765,49.41382],[20.47644,49.41389],[20.47635,49.41398],[20.47623,49.41408],[20.4761,49.41412],[20.47601,49.41414],[20.4758,49.41417],[20.47574,49.41419],[20.47567,49.41419],[20.47566,49.41423],[20.47559,49.41423],[20.47549,49.41425],[20.47547,49.41429],[20.47537,49.41429],[20.47531,49.41435],[20.47525,49.41436],[20.47487,49.4145],[20.47462,49.41457],[20.47438,49.41462],[20.47412,49.41473],[20.47392,49.41476],[20.47375,49.41483],[20.47362,49.41487],[20.47348,49.4149],[20.47329,49.41495],[20.47292,49.41512],[20.47269,49.41522],[20.47259,49.41526],[20.47237,49.41531],[20.47233,49.4152],[20.47217,49.41493],[20.47211,49.41476],[20.4721,49.41456],[20.47208,49.41452],[20.47201,49.41449],[20.47198,49.41443],[20.47195,49.41436],[20.47198,49.4143],[20.47205,49.41422],[20.47215,49.4141],[20.47218,49.41399],[20.47222,49.41374],[20.47227,49.41365],[20.47226,49.41351],[20.47234,49.41337],[20.47238,49.41332],[20.47242,49.41322],[20.47244,49.41306],[20.47242,49.41293],[20.47231,49.41278],[20.47221,49.41267],[20.47218,49.41251],[20.47221,49.41237],[20.47233,49.4122],[20.47235,49.41213],[20.47233,49.41208],[20.47214,49.4119],[20.47142,49.41147],[20.4709,49.4112],[20.47074,49.41113],[20.47055,49.41109],[20.47033,49.41101],[20.47014,49.41098],[20.46999,49.41097],[20.46981,49.41098],[20.46954,49.41103],[20.46938,49.41105],[20.4691,49.41109],[20.46879,49.41112],[20.46866,49.41113],[20.46842,49.41119],[20.46823,49.41122],[20.46795,49.41125],[20.46773,49.41123],[20.46754,49.41121],[20.46731,49.41114],[20.46663,49.41098],[20.4663,49.41087],[20.46606,49.4108],[20.46575,49.41076],[20.46541,49.41076],[20.4649,49.41076],[20.46443,49.41073],[20.46423,49.4107],[20.46404,49.41065],[20.46391,49.41061],[20.46353,49.41077],[20.46328,49.41085],[20.46294,49.41088],[20.46265,49.41092],[20.46224,49.41105],[20.46175,49.41122],[20.46148,49.41126],[20.46128,49.41128],[20.46103,49.41128],[20.46083,49.41129],[20.46064,49.41128],[20.46046,49.41124],[20.46038,49.41122],[20.46035,49.4112],[20.46033,49.41119],[20.46033,49.41116],[20.46033,49.4111],[20.46034,49.41104],[20.46033,49.41101],[20.4603,49.41098],[20.46025,49.41103],[20.46019,49.41108],[20.46012,49.41113],[20.46008,49.41115],[20.46001,49.41119],[20.45995,49.41122],[20.45929,49.4115],[20.45843,49.41186],[20.45792,49.41207],[20.45762,49.41219],[20.4575,49.41227],[20.45739,49.41233],[20.45726,49.4124],[20.45705,49.41253],[20.45693,49.41259],[20.45682,49.41266],[20.45677,49.41268],[20.45656,49.4128],[20.45629,49.41287],[20.45602,49.41295],[20.45524,49.41313],[20.45475,49.41323],[20.45446,49.4133],[20.45434,49.41333],[20.45422,49.41336],[20.45409,49.41342],[20.45397,49.41348],[20.45386,49.41354],[20.45377,49.4136],[20.4535,49.41384],[20.45336,49.41393],[20.45322,49.414],[20.45217,49.41448],[20.45199,49.41457],[20.45195,49.41458],[20.45178,49.41465],[20.45164,49.41468],[20.4515,49.41469],[20.45122,49.4147],[20.45099,49.41466],[20.45077,49.41461],[20.45065,49.41457],[20.45053,49.4145],[20.45042,49.41443],[20.45034,49.41435],[20.45028,49.41425],[20.45016,49.41406],[20.45011,49.41398],[20.45028,49.4139],[20.45011,49.41398],[20.45016,49.41406],[20.45028,49.41425],[20.45034,49.41435],[20.45042,49.41443],[20.45053,49.4145],[20.45065,49.41457],[20.45077,49.41461],[20.45099,49.41466],[20.45122,49.4147],[20.4515,49.41469],[20.45164,49.41468],[20.45178,49.41465],[20.45195,49.41458],[20.45199,49.41457],[20.45217,49.41448],[20.45322,49.414],[20.45336,49.41393],[20.4535,49.41384],[20.45377,49.4136],[20.45386,49.41354],[20.45397,49.41348],[20.45409,49.41342],[20.45422,49.41336],[20.45434,49.41333],[20.45446,49.4133],[20.45475,49.41323],[20.45524,49.41313],[20.45602,49.41295],[20.45629,49.41287],[20.45656,49.4128],[20.45677,49.41268],[20.45682,49.41266],[20.45693,49.41259],[20.45705,49.41253],[20.45726,49.4124],[20.45739,49.41233],[20.4575,49.41227],[20.45762,49.41219],[20.45792,49.41207],[20.45843,49.41186],[20.45929,49.4115],[20.45995,49.41122],[20.46001,49.41119],[20.46008,49.41115],[20.46012,49.41113],[20.46019,49.41108],[20.46025,49.41103],[20.4603,49.41098],[20.46034,49.41093],[20.4604,49.41085],[20.46072,49.41039],[20.46102,49.40993],[20.46112,49.4098],[20.46123,49.40968],[20.46149,49.40943],[20.46244,49.40854],[20.46332,49.40773],[20.46337,49.40769],[20.4638,49.40727],[20.464,49.40709],[20.46413,49.407],[20.46425,49.40692],[20.46444,49.40681],[20.46455,49.40673],[20.46471,49.40661],[20.46504,49.40624],[20.46539,49.40591],[20.4657,49.40557],[20.4658,49.40546],[20.46592,49.40536],[20.46615,49.40516],[20.46628,49.40506],[20.46685,49.40458],[20.46699,49.4044],[20.46708,49.40427],[20.46741,49.40403],[20.46751,49.40393],[20.46758,49.40383],[20.46763,49.40371],[20.46764,49.40357],[20.46762,49.40343],[20.46758,49.40336],[20.46758,49.40331],[20.46759,49.40329],[20.46761,49.40327],[20.46766,49.40324],[20.46784,49.40315],[20.46805,49.40308],[20.46846,49.40299],[20.46879,49.40291],[20.46903,49.40286],[20.46916,49.40281],[20.46927,49.40277],[20.46947,49.40268],[20.46969,49.40257],[20.4698,49.40249],[20.47024,49.40218],[20.47037,49.40207],[20.47074,49.40179],[20.47105,49.4016],[20.47184,49.40113],[20.47237,49.40066],[20.47271,49.40039],[20.47295,49.40016],[20.47286,49.40001],[20.47282,49.39995],[20.47267,49.39975],[20.47251,49.39961],[20.47239,49.3995],[20.4722,49.39937],[20.47192,49.3992],[20.47155,49.39898],[20.4715,49.39895],[20.47123,49.39883],[20.47082,49.39867],[20.47054,49.39858],[20.47043,49.39851],[20.4703,49.39844],[20.47021,49.3984],[20.47012,49.39837],[20.46996,49.39833],[20.46971,49.39827],[20.4695,49.3982],[20.46938,49.39814],[20.46918,49.39804],[20.46889,49.39787],[20.46867,49.39772],[20.46833,49.39755],[20.46796,49.39744],[20.46782,49.39738],[20.46765,49.39729],[20.46742,49.39712],[20.46725,49.39704],[20.46703,49.39693],[20.46693,49.39687],[20.46688,49.39679],[20.46697,49.39678],[20.46729,49.39676],[20.46745,49.39678],[20.46772,49.39677],[20.46797,49.39674],[20.46899,49.39651],[20.4696,49.39641],[20.46985,49.39632],[20.47038,49.39612],[20.47064,49.39599],[20.47086,49.39587],[20.47096,49.39579],[20.47105,49.39566],[20.47112,49.39552],[20.47118,49.39529],[20.47124,49.39502],[20.47123,49.39499],[20.47107,49.39476],[20.47076,49.39438],[20.4706,49.3942],[20.47051,49.39413],[20.47037,49.39406],[20.47007,49.39393],[20.46976,49.39384],[20.46942,49.39369],[20.46924,49.39355],[20.46915,49.39345],[20.46909,49.3934],[20.46905,49.39334],[20.46905,49.39329],[20.46903,49.39322],[20.469,49.39307],[20.46899,49.39296],[20.46888,49.39265],[20.46886,49.39254],[20.46879,49.39215],[20.46879,49.39144],[20.46881,49.39131],[20.4688,49.39122],[20.46874,49.39112],[20.4687,49.391],[20.46871,49.3909],[20.46879,49.39068],[20.46883,49.39052],[20.46882,49.3904],[20.46883,49.39028],[20.46881,49.39015],[20.46882,49.38999],[20.46888,49.38985],[20.46897,49.3898],[20.46899,49.38974],[20.46896,49.3897],[20.4687,49.38953],[20.46862,49.38945],[20.4685,49.38938],[20.46838,49.38927],[20.46834,49.38917],[20.46829,49.38912],[20.46804,49.38896],[20.46784,49.38888],[20.46753,49.38873],[20.46722,49.38863],[20.46663,49.38851],[20.46623,49.38847],[20.46613,49.38845],[20.46602,49.38845],[20.46575,49.38842],[20.46562,49.38837],[20.4653,49.38819],[20.46505,49.3881],[20.46467,49.3879],[20.46458,49.38785],[20.46439,49.38779],[20.46418,49.38774],[20.46402,49.38771],[20.46384,49.38764],[20.46373,49.38758],[20.46364,49.38755],[20.46357,49.38751],[20.46346,49.38749],[20.46302,49.38746],[20.46287,49.38741],[20.46273,49.38739],[20.46268,49.38738],[20.46259,49.38735],[20.46254,49.38733],[20.46249,49.38732],[20.4624,49.38732],[20.46236,49.38731],[20.46232,49.38728],[20.46222,49.38723],[20.46192,49.38714],[20.46185,49.38708],[20.46175,49.38702],[20.46172,49.38696],[20.46156,49.38691],[20.46147,49.38683],[20.46136,49.38668],[20.46127,49.3865],[20.4612,49.3864],[20.4612,49.38624],[20.46154,49.38626],[20.4618,49.3863],[20.4622,49.38631],[20.46258,49.38642],[20.4628,49.38641],[20.46304,49.38639],[20.46337,49.3863],[20.46383,49.38632],[20.46428,49.38629],[20.46443,49.38632],[20.46486,49.38643],[20.46605,49.38657],[20.46661,49.38668],[20.46685,49.38672],[20.46715,49.38676],[20.46739,49.38675],[20.4676,49.38671],[20.4679,49.38674],[20.4682,49.38678],[20.46851,49.38676],[20.46865,49.38679],[20.46894,49.38673],[20.46916,49.38665],[20.46955,49.38643],[20.46994,49.38626],[20.47005,49.38615],[20.47007,49.38589],[20.47009,49.38566],[20.47012,49.38549],[20.47017,49.38541],[20.47036,49.38535],[20.47049,49.3853],[20.4708,49.38513],[20.47049,49.3853],[20.47036,49.38535],[20.47017,49.38541],[20.47012,49.38549],[20.47009,49.38566],[20.47007,49.38589],[20.47005,49.38615],[20.46994,49.38626],[20.46955,49.38643],[20.46916,49.38665],[20.46894,49.38673],[20.46865,49.38679],[20.46851,49.38676],[20.4682,49.38678],[20.4679,49.38674],[20.4676,49.38671],[20.46739,49.38675],[20.46715,49.38676],[20.46685,49.38672],[20.46661,49.38668],[20.46605,49.38657],[20.46486,49.38643],[20.46443,49.38632],[20.46428,49.38629],[20.46383,49.38632],[20.46337,49.3863],[20.46304,49.38639],[20.4628,49.38641],[20.46258,49.38642],[20.4622,49.38631],[20.4618,49.3863],[20.46154,49.38626],[20.4612,49.38624],[20.46101,49.38623],[20.46062,49.38625],[20.46028,49.38621],[20.45994,49.38621],[20.45969,49.38626],[20.45956,49.38631],[20.4593,49.38638],[20.45861,49.38633],[20.45812,49.38629],[20.45772,49.38628],[20.4574,49.38631],[20.457,49.38639],[20.45668,49.38646],[20.45599,49.38659],[20.45563,49.38664],[20.45529,49.38664],[20.45504,49.38666],[20.45471,49.38674],[20.45435,49.38684],[20.45412,49.38687],[20.45392,49.38688],[20.45364,49.38694],[20.45318,49.38708]]}},{"type":"Feature","properties":{"id":"4D","nazwa":"Rezerwat Biała Woda","slug":"rezerwat-biala-woda","adres":"/szlaki/rezerwat-biala-woda","dlugoscKm":3.8,"czasMin":79,"podejscieM":218,"trudnosc":"latwa","petla":false,"maSlad":true,"kolor":"#2b7a4b"},"geometry":{"type":"LineString","coordinates":[[20.55306,49.4066],[20.55341,49.4066],[20.55348,49.4066],[20.55354,49.40662],[20.55364,49.40666],[20.55373,49.40672],[20.55379,49.40679],[20.55395,49.40687],[20.55426,49.40691],[20.55447,49.40693],[20.5547,49.40698],[20.55484,49.407],[20.55526,49.40699],[20.55563,49.40691],[20.55611,49.40672],[20.55609,49.40646],[20.55614,49.40635],[20.55688,49.40575],[20.55714,49.40554],[20.55757,49.4052],[20.55764,49.40485],[20.55767,49.40472],[20.5583,49.40396],[20.55868,49.40377],[20.55895,49.40366],[20.55942,49.40343],[20.55982,49.4031],[20.55997,49.4029],[20.56011,49.40263],[20.56035,49.40246],[20.56061,49.40228],[20.56099,49.40161],[20.56128,49.40132],[20.56177,49.40095],[20.56248,49.40047],[20.56339,49.39997],[20.5636,49.39979],[20.56387,49.39957],[20.5644,49.39889],[20.56455,49.39873],[20.56483,49.3986],[20.56502,49.39843],[20.56527,49.39837],[20.56548,49.3983],[20.56572,49.39808],[20.56596,49.39789],[20.56623,49.39786],[20.56692,49.39796],[20.5675,49.39824],[20.56773,49.39833],[20.568,49.39833],[20.56845,49.39821],[20.56959,49.39787],[20.57132,49.39752],[20.57275,49.3974],[20.57367,49.39723],[20.57424,49.39697],[20.57464,49.39668],[20.57473,49.39686],[20.57493,49.39704],[20.57518,49.39715],[20.57636,49.39742],[20.57669,49.39753],[20.57688,49.39769],[20.57721,49.39802],[20.57732,49.39817],[20.57738,49.39828],[20.57756,49.39837],[20.57864,49.39856],[20.57889,49.39854],[20.57912,49.39849],[20.57932,49.39838],[20.57952,49.39817],[20.57967,49.3981],[20.57979,49.39808],[20.57999,49.39806],[20.58028,49.39811],[20.58054,49.39822],[20.58078,49.39841],[20.58107,49.39856],[20.58133,49.39865],[20.58161,49.39867],[20.58194,49.39863],[20.58223,49.39863],[20.5827,49.39886],[20.58275,49.39873],[20.58284,49.39859],[20.58295,49.3985],[20.58307,49.39845],[20.58327,49.39847],[20.58332,49.39847],[20.58341,49.39846],[20.58372,49.39834],[20.58393,49.39825],[20.58415,49.39815],[20.5845,49.39789],[20.5848,49.39768],[20.58514,49.39752],[20.58527,49.39746],[20.58542,49.39744],[20.58562,49.39744],[20.58579,49.39744],[20.58589,49.39742],[20.58597,49.39739],[20.58618,49.39725],[20.58634,49.39713],[20.5864,49.3971],[20.5865,49.39705],[20.58666,49.39697],[20.58687,49.39686],[20.58719,49.39679],[20.58751,49.39678],[20.5879,49.39666],[20.58838,49.39652],[20.58955,49.39582],[20.58972,49.39551],[20.58986,49.39544],[20.5908,49.39499],[20.59118,49.39464],[20.59144,49.39431],[20.59159,49.39396]]}},{"type":"Feature","properties":{"id":"R1","nazwa":"Rowerem do Czerwonego Klasztoru","slug":"rowerem-do-czerwonego-klasztoru","adres":"/szlaki/rowerem-do-czerwonego-klasztoru","dlugoscKm":9.7,"czasMin":58,"podejscieM":219,"trudnosc":"srednia","petla":false,"maSlad":true,"kolor":"#2f5d43"},"geometry":{"type":"LineString","coordinates":[[20.45875,49.42537],[20.4588,49.4254],[20.45909,49.42506],[20.45956,49.42444],[20.46001,49.4239],[20.46012,49.42375],[20.46022,49.42358],[20.4602,49.42349],[20.4602,49.42345],[20.46013,49.42335],[20.45995,49.42316],[20.4597,49.42286],[20.45953,49.42263],[20.45929,49.42232],[20.45915,49.42209],[20.45898,49.42131],[20.45892,49.42115],[20.45868,49.42074],[20.45843,49.42042],[20.45812,49.42008],[20.45793,49.41986],[20.45767,49.41965],[20.4571,49.41924],[20.4564,49.41865],[20.45627,49.41856],[20.456,49.41837],[20.45588,49.41829],[20.4554,49.41806],[20.455,49.4179],[20.45459,49.41777],[20.45421,49.41764],[20.45381,49.41752],[20.4537,49.41748],[20.45359,49.41746],[20.45341,49.41743],[20.45293,49.41734],[20.45268,49.41729],[20.45251,49.41725],[20.45235,49.41719],[20.45223,49.41713],[20.45214,49.41709],[20.45203,49.41703],[20.45191,49.41698],[20.45174,49.41695],[20.45155,49.41695],[20.45136,49.41694],[20.4512,49.41691],[20.45093,49.41685],[20.45071,49.41676],[20.45051,49.41667],[20.45027,49.41658],[20.45006,49.41652],[20.44985,49.4165],[20.44969,49.41649],[20.4494,49.41651],[20.44909,49.41653],[20.44885,49.41656],[20.44865,49.4166],[20.44846,49.41663],[20.44822,49.41664],[20.44804,49.41665],[20.44777,49.41664],[20.44752,49.41663],[20.44728,49.4166],[20.44715,49.41656],[20.44701,49.41652],[20.44684,49.41647],[20.44664,49.4164],[20.44653,49.41633],[20.44652,49.41627],[20.44652,49.41625],[20.44662,49.41604],[20.44661,49.416],[20.44668,49.4159],[20.4468,49.41573],[20.44685,49.41559],[20.44796,49.41472],[20.44833,49.41446],[20.44864,49.41431],[20.4488,49.41423],[20.44892,49.41415],[20.44896,49.41413],[20.44905,49.41406],[20.44917,49.41397],[20.44926,49.41392],[20.44938,49.41387],[20.44954,49.41385],[20.4497,49.41385],[20.44981,49.41386],[20.4499,49.41388],[20.45011,49.41398],[20.45028,49.4139],[20.45035,49.41384],[20.45038,49.41381],[20.45043,49.41373],[20.45055,49.41362],[20.45077,49.41346],[20.45145,49.41316],[20.45158,49.41304],[20.45162,49.41291],[20.45164,49.41273],[20.45162,49.41259],[20.45148,49.41242],[20.45128,49.41224],[20.45106,49.41211],[20.45081,49.41199],[20.45056,49.4119],[20.45028,49.41185],[20.45006,49.41186],[20.4498,49.41188],[20.44948,49.41184],[20.449,49.41175],[20.44864,49.4117],[20.44823,49.41168],[20.44791,49.41167],[20.44757,49.41165],[20.44683,49.41162],[20.4464,49.41164],[20.44603,49.41171],[20.44543,49.41187],[20.44496,49.412],[20.44453,49.41219],[20.44429,49.41231],[20.44394,49.41255],[20.44353,49.41298],[20.44312,49.41335],[20.44288,49.41351],[20.44247,49.41372],[20.44181,49.41389],[20.4412,49.41404],[20.44047,49.41415],[20.44008,49.41419],[20.43911,49.41422],[20.43875,49.41425],[20.43855,49.41429],[20.43831,49.41435],[20.43792,49.41451],[20.43776,49.4147],[20.43745,49.41499],[20.43704,49.41552],[20.43691,49.41593],[20.43677,49.41641],[20.43665,49.41687],[20.43652,49.41718],[20.43645,49.41726],[20.43624,49.41737],[20.43603,49.41743],[20.43571,49.41746],[20.43458,49.41746],[20.43358,49.41735],[20.43285,49.41721],[20.43227,49.41705],[20.43147,49.41667],[20.43101,49.41643],[20.43076,49.41625],[20.43056,49.41606],[20.43048,49.41589],[20.43042,49.41574],[20.43024,49.41524],[20.43012,49.41491],[20.42995,49.41431],[20.42989,49.41395],[20.42974,49.41291],[20.42965,49.4126],[20.42953,49.41232],[20.4295,49.41215],[20.42953,49.41203],[20.4298,49.41139],[20.42983,49.41118],[20.42985,49.41076],[20.42984,49.41046],[20.4298,49.40989],[20.42969,49.40938],[20.42929,49.40858],[20.42918,49.40837],[20.42917,49.40828],[20.42923,49.40815],[20.42938,49.40809],[20.42962,49.40806],[20.42988,49.40805],[20.43026,49.40811],[20.43052,49.40817],[20.43083,49.40828],[20.43107,49.40836],[20.43129,49.4084],[20.43188,49.40847],[20.43242,49.40848],[20.43328,49.40848],[20.43358,49.40845],[20.43405,49.40839],[20.43517,49.40815],[20.43581,49.40792],[20.43668,49.40751],[20.43696,49.40733],[20.43716,49.40718],[20.43734,49.40696],[20.43748,49.40669],[20.43752,49.40635],[20.43749,49.40575],[20.43738,49.40539],[20.43651,49.40402],[20.43649,49.40398],[20.43633,49.40388],[20.43615,49.40366],[20.43562,49.40293],[20.43534,49.40257],[20.43521,49.40235],[20.43515,49.40215],[20.43512,49.40185],[20.43516,49.40131],[20.43556,49.40063],[20.43561,49.40048],[20.43569,49.40008],[20.43569,49.40001],[20.43569,49.39995],[20.4357,49.39932],[20.43555,49.39886],[20.43471,49.39749],[20.43438,49.39704],[20.43431,49.39696],[20.43418,49.39676],[20.43391,49.39654],[20.4337,49.39639],[20.43303,49.39611],[20.43248,49.39586],[20.43206,49.39567],[20.43177,49.39555],[20.43162,49.39553],[20.43137,49.39553],[20.43109,49.39555],[20.43088,49.39561],[20.43061,49.39575],[20.43035,49.39595],[20.42995,49.39638],[20.42959,49.39708],[20.42946,49.39733],[20.42914,49.398],[20.42895,49.39872],[20.42757,49.40186],[20.42727,49.4021],[20.42697,49.40225],[20.42623,49.40253],[20.42544,49.40272],[20.42503,49.40285],[20.42429,49.40311],[20.42281,49.40379],[20.42151,49.40441],[20.42124,49.40457],[20.42079,49.40484],[20.42037,49.40508],[20.41986,49.40526],[20.41935,49.40537],[20.4191,49.40541],[20.41873,49.40539],[20.41831,49.4054],[20.41783,49.4054],[20.41738,49.40531],[20.41701,49.40519],[20.41676,49.40508],[20.41663,49.405],[20.41648,49.40484],[20.41644,49.40469],[20.41643,49.40452],[20.41642,49.40421],[20.41641,49.4037],[20.41643,49.4034],[20.41647,49.40325],[20.41656,49.40309],[20.41665,49.40294],[20.41674,49.40278],[20.41685,49.40247],[20.41686,49.40227],[20.41687,49.40192],[20.41687,49.40185],[20.41681,49.40161],[20.41667,49.40117],[20.41662,49.40092],[20.41652,49.4008],[20.41647,49.40074],[20.41639,49.4007],[20.41634,49.40067],[20.41631,49.40062],[20.41627,49.40048],[20.41625,49.4004],[20.41626,49.40032],[20.41626,49.40024],[20.41633,49.40013],[20.41641,49.40002],[20.41648,49.39992],[20.41657,49.39984],[20.41655,49.39982],[20.4164,49.39965],[20.41621,49.39943],[20.41613,49.39933],[20.41604,49.39924],[20.41617,49.39919],[20.41631,49.39914],[20.41644,49.39905],[20.4165,49.39901],[20.41658,49.39897],[20.41662,49.39896],[20.41658,49.39892],[20.41649,49.39884],[20.41666,49.3987],[20.41668,49.39867],[20.41675,49.39857],[20.41679,49.39852],[20.41685,49.39854],[20.4171,49.39865]]}},{"type":"Feature","properties":{"id":"RUBIN","nazwa":"Rubin Szczawnicy","slug":"rubin-szczawnicy","adres":"/szlaki/rubin-szczawnicy","dlugoscKm":42,"czasMin":800,"podejscieM":1700,"trudnosc":"trudna","petla":true,"maSlad":true,"kolor":"#1f6dad"},"geometry":{"type":"LineString","coordinates":[[20.45793,49.41986],[20.45868,49.42074],[20.45892,49.42114],[20.45915,49.42209],[20.4602,49.42349],[20.46042,49.42349],[20.46172,49.42396],[20.46338,49.42404],[20.46332,49.42436],[20.46312,49.42441],[20.46323,49.42496],[20.46305,49.42523],[20.46439,49.42545],[20.46471,49.42578],[20.46472,49.42609],[20.46514,49.42669],[20.46562,49.42712],[20.46642,49.42734],[20.46732,49.42728],[20.46803,49.42776],[20.46794,49.42906],[20.46764,49.429],[20.46747,49.42882],[20.467,49.42874],[20.46687,49.42916],[20.46626,49.42988],[20.46471,49.4302],[20.46376,49.4302],[20.46329,49.43031],[20.46297,49.43122],[20.46276,49.4332],[20.46179,49.43522],[20.46116,49.43585],[20.46102,49.43667],[20.46142,49.43789],[20.46184,49.43826],[20.4622,49.43927],[20.46147,49.44171],[20.46166,49.44228],[20.46157,49.44308],[20.46179,49.445],[20.46223,49.44517],[20.46242,49.44533],[20.46255,49.44604],[20.46358,49.44741],[20.46363,49.4478],[20.46348,49.44797],[20.46349,49.44849],[20.46331,49.4487],[20.46327,49.44899],[20.46351,49.44935],[20.46354,49.44963],[20.46298,49.45039],[20.46312,49.45091],[20.46372,49.45152],[20.46423,49.4523],[20.46568,49.45316],[20.46618,49.45358],[20.46652,49.45424],[20.46736,49.45488],[20.46744,49.45519],[20.46771,49.45541],[20.46769,49.45585],[20.46747,49.45618],[20.46741,49.45757],[20.46834,49.45976],[20.46788,49.46123],[20.46813,49.46145],[20.46884,49.46177],[20.47,49.46294],[20.46979,49.46355],[20.46981,49.46419],[20.46999,49.46469],[20.4708,49.46524],[20.47137,49.4654],[20.4718,49.4654],[20.47272,49.46576],[20.47374,49.46569],[20.47593,49.46531],[20.47689,49.46561],[20.47801,49.46583],[20.47948,49.46548],[20.48163,49.46463],[20.48231,49.46526],[20.48347,49.46577],[20.48507,49.46599],[20.48682,49.46549],[20.48744,49.46616],[20.48769,49.46675],[20.48784,49.4668],[20.48947,49.46686],[20.49061,49.4671],[20.49219,49.46724],[20.49434,49.46732],[20.49487,49.46748],[20.49515,49.46769],[20.4956,49.46854],[20.49742,49.46933],[20.4983,49.4702],[20.49856,49.47082],[20.49923,49.47134],[20.49978,49.47221],[20.5002,49.47257],[20.50046,49.47267],[20.50095,49.47275],[20.50155,49.47254],[20.50396,49.47207],[20.50463,49.47187],[20.50493,49.47183],[20.50574,49.47195],[20.50702,49.47173],[20.50858,49.47223],[20.50885,49.47222],[20.51074,49.47267],[20.51249,49.47322],[20.51292,49.47347],[20.51507,49.47325],[20.51616,49.47293],[20.51827,49.47279],[20.51877,49.47277],[20.52039,49.47302],[20.52196,49.47258],[20.52275,49.47246],[20.52383,49.47212],[20.52623,49.4719],[20.52659,49.47194],[20.52782,49.47237],[20.52886,49.4725],[20.53014,49.47257],[20.53254,49.47236],[20.53389,49.47275],[20.53548,49.47291],[20.54068,49.47256],[20.54239,49.47205],[20.54276,49.47179],[20.54431,49.47027],[20.54487,49.46934],[20.54517,49.46929],[20.54667,49.46994],[20.54768,49.46989],[20.5493,49.4696],[20.55175,49.46843],[20.55369,49.4668],[20.55455,49.46667],[20.55568,49.46671],[20.55541,49.46681],[20.55668,49.46636],[20.55724,49.46633],[20.558,49.46614],[20.55834,49.46597],[20.55969,49.46489],[20.56008,49.46511],[20.56314,49.46616],[20.56553,49.46637],[20.56643,49.4666],[20.56694,49.46686],[20.56833,49.46682],[20.5694,49.46663],[20.57033,49.46618],[20.57132,49.46593],[20.57167,49.46565],[20.57208,49.46552],[20.57452,49.46601],[20.57539,49.4659],[20.57676,49.46544],[20.57734,49.46496],[20.57738,49.46419],[20.5776,49.46349],[20.57764,49.46231],[20.578,49.46164],[20.57826,49.4614],[20.57756,49.4595],[20.5776,49.45928],[20.57777,49.45904],[20.5782,49.4588],[20.57903,49.45794],[20.57963,49.45701],[20.58035,49.45642],[20.58092,49.45578],[20.58101,49.45491],[20.58179,49.45398],[20.58366,49.45342],[20.58488,49.45326],[20.58581,49.45329],[20.58749,49.45294],[20.58935,49.45316],[20.59169,49.45306],[20.5927,49.45323],[20.59368,49.45304],[20.59438,49.45286],[20.59526,49.45231],[20.59643,49.45205],[20.59757,49.45161],[20.59876,49.45092],[20.59966,49.45081],[20.60165,49.45024],[20.60328,49.4497],[20.60469,49.44906],[20.60577,49.44877],[20.60673,49.44828],[20.60684,49.44793],[20.60619,49.44695],[20.60584,49.44587],[20.60541,49.445],[20.60538,49.44429],[20.60558,49.44333],[20.60585,49.44297],[20.60639,49.44267],[20.60704,49.4421],[20.6076,49.44189],[20.60795,49.44155],[20.60823,49.44024],[20.60983,49.43908],[20.61059,49.43813],[20.6106,49.4382],[20.61009,49.43743],[20.60937,49.43698],[20.60867,49.43634],[20.60839,49.43535],[20.60787,49.43469],[20.60753,49.43456],[20.60701,49.43461],[20.60636,49.43446],[20.60582,49.43396],[20.60504,49.43358],[20.60529,49.43191],[20.6051,49.43174],[20.60517,49.43126],[20.60489,49.43037],[20.60476,49.42824],[20.60556,49.42712],[20.60645,49.42677],[20.60641,49.42611],[20.60786,49.42581],[20.60852,49.42547],[20.60919,49.42531],[20.60995,49.42494],[20.61096,49.42422],[20.61189,49.42326],[20.61303,49.42253],[20.6142,49.42196],[20.61588,49.4209],[20.61619,49.42058],[20.61689,49.42028],[20.6163,49.41974],[20.61583,49.41954],[20.61507,49.419],[20.61484,49.41821],[20.61431,49.41736],[20.6136,49.41665],[20.61284,49.41614],[20.61163,49.41438],[20.61125,49.41347],[20.61124,49.41211],[20.61165,49.41158],[20.6121,49.41002],[20.61156,49.40877],[20.61147,49.40744],[20.61177,49.40718],[20.61199,49.40676],[20.61219,49.40549],[20.6129,49.40473],[20.61316,49.40426],[20.61307,49.40359],[20.61318,49.40277],[20.61305,49.40261],[20.61285,49.40256],[20.61187,49.4026],[20.61069,49.40244],[20.60972,49.40254],[20.60939,49.40248],[20.60859,49.40231],[20.60769,49.40185],[20.60604,49.4015],[20.60588,49.40136],[20.6059,49.39995],[20.6054,49.39949],[20.60483,49.39861],[20.60367,49.39795],[20.6029,49.39731],[20.60231,49.39641],[20.60219,49.39599],[20.60113,49.39499],[20.60093,49.39467],[20.6009,49.39398],[20.60173,49.39147],[20.60168,49.39118],[20.60145,49.39084],[20.60146,49.39042],[20.60121,49.38978],[20.6009,49.38923],[20.60035,49.3886],[20.59971,49.38809],[20.59899,49.38781],[20.59805,49.38725],[20.59782,49.38665],[20.59761,49.38646],[20.59613,49.38552],[20.59552,49.38529],[20.59329,49.38392],[20.59174,49.38412],[20.58667,49.38561],[20.5856,49.38553],[20.5852,49.38541],[20.58478,49.38516],[20.58188,49.38409],[20.57998,49.38292],[20.57964,49.38179],[20.57819,49.38051],[20.57693,49.37896],[20.57666,49.37806],[20.57632,49.37742],[20.57553,49.37698],[20.57474,49.37684],[20.57374,49.37689],[20.57302,49.37707],[20.57243,49.37743],[20.57036,49.37781],[20.56972,49.37799],[20.56874,49.37857],[20.56731,49.37898],[20.56608,49.37902],[20.56313,49.37945],[20.56244,49.37937],[20.56204,49.37917],[20.56172,49.37913],[20.56107,49.37915],[20.55915,49.37891],[20.55876,49.37896],[20.55816,49.37919],[20.5575,49.37974],[20.55724,49.38094],[20.55692,49.38136],[20.55601,49.38212],[20.55512,49.38241],[20.55424,49.38255],[20.55354,49.38205],[20.55278,49.38199],[20.55239,49.38186],[20.55282,49.38148],[20.55346,49.38125],[20.55395,49.38092],[20.55441,49.38103],[20.55467,49.38101],[20.55545,49.38037],[20.55467,49.38101],[20.55441,49.38103],[20.55395,49.38092],[20.55346,49.38125],[20.55282,49.38148],[20.55239,49.38186],[20.55159,49.38232],[20.5513,49.38271],[20.55125,49.38294],[20.55071,49.38314],[20.54924,49.38398],[20.54809,49.38434],[20.54752,49.38464],[20.54648,49.38556],[20.54485,49.38558],[20.5434,49.38576],[20.54046,49.38651],[20.5378,49.38706],[20.53735,49.3871],[20.5359,49.38689],[20.53466,49.38706],[20.53322,49.38757],[20.53005,49.38893],[20.52685,49.38979],[20.52593,49.39014],[20.52403,49.39068],[20.52151,49.3921],[20.52055,49.39244],[20.51978,49.39264],[20.51875,49.39263],[20.51754,49.39249],[20.51703,49.39255],[20.5157,49.39274],[20.51488,49.39307],[20.51323,49.39334],[20.51359,49.39331],[20.51312,49.39442],[20.51256,49.39531],[20.51252,49.39652],[20.51116,49.39964],[20.50941,49.40081],[20.508,49.40152],[20.50726,49.40176],[20.50632,49.40234],[20.50574,49.40271],[20.50521,49.40327],[20.50493,49.4034],[20.50485,49.4036],[20.50329,49.40407],[20.50091,49.40434],[20.49761,49.40523],[20.49707,49.40546],[20.49574,49.4056],[20.49503,49.40578],[20.49393,49.40647],[20.49327,49.40672],[20.49195,49.40688],[20.49084,49.40674],[20.49001,49.40698],[20.48986,49.40714],[20.48924,49.40742],[20.48862,49.40841],[20.48734,49.40855],[20.48563,49.40906],[20.48435,49.40958],[20.48312,49.40963],[20.48242,49.40978],[20.48145,49.41011],[20.48098,49.41047],[20.47992,49.41078],[20.47939,49.41121],[20.47875,49.41142],[20.47732,49.41251],[20.47703,49.41318],[20.47623,49.41408],[20.47329,49.41495],[20.47211,49.41541],[20.47139,49.41554],[20.47076,49.41577],[20.47004,49.41549],[20.46972,49.41548],[20.4689,49.4157],[20.46629,49.41608],[20.46426,49.41607],[20.46441,49.41603],[20.46382,49.41595],[20.46336,49.41572],[20.46278,49.41573],[20.46248,49.41594],[20.46197,49.41606],[20.46149,49.4163],[20.46152,49.41655],[20.46127,49.4167],[20.46073,49.41671],[20.45988,49.41729],[20.4588,49.41778],[20.45771,49.41808],[20.45776,49.41822],[20.45752,49.4186],[20.4576,49.41879],[20.45736,49.41879],[20.45724,49.41891],[20.45793,49.41971]]}},{"type":"Feature","properties":{"id":"1A","nazwa":"Słowacki akcent","slug":"slowacki-akcent","adres":"/szlaki/slowacki-akcent","dlugoscKm":10.5,"czasMin":175,"podejscieM":350,"trudnosc":"srednia","petla":true,"maSlad":true,"kolor":"#d69a00"},"geometry":{"type":"LineString","coordinates":[[20.46807,49.42647],[20.47038,49.4258],[20.47088,49.42577],[20.47249,49.42598],[20.47336,49.42592],[20.47488,49.42576],[20.47874,49.42502],[20.47953,49.4259],[20.48026,49.42554],[20.48031,49.42521],[20.48056,49.42513],[20.48022,49.42432],[20.48129,49.42414],[20.48191,49.42362],[20.48145,49.42356],[20.4819,49.42312],[20.4823,49.42227],[20.4822,49.4222],[20.48106,49.42237],[20.48071,49.42231],[20.48035,49.42219],[20.48022,49.4216],[20.47989,49.42126],[20.47876,49.42132],[20.47797,49.42096],[20.47716,49.42079],[20.47671,49.42047],[20.47687,49.42006],[20.47671,49.41986],[20.47702,49.41947],[20.47672,49.41939],[20.47687,49.41929],[20.47634,49.41899],[20.47628,49.41883],[20.47653,49.41872],[20.47643,49.41843],[20.47657,49.41821],[20.47585,49.4178],[20.47676,49.41684],[20.4769,49.4164],[20.47674,49.41359],[20.47624,49.41405],[20.47208,49.41542],[20.47084,49.41571],[20.46981,49.41547],[20.46661,49.41605],[20.46426,49.41603],[20.46456,49.4156],[20.46873,49.41364],[20.46944,49.41348],[20.46923,49.4131],[20.46952,49.4124],[20.46885,49.41176],[20.46751,49.41121],[20.46596,49.41078],[20.4639,49.4106],[20.4638,49.41026],[20.46432,49.40944],[20.46466,49.40778],[20.46494,49.40745],[20.465,49.40713],[20.46471,49.4066],[20.46391,49.40715],[20.46129,49.40962],[20.46033,49.41101],[20.45993,49.41125],[20.45755,49.41222],[20.45657,49.4128],[20.45399,49.41346],[20.45351,49.41385],[20.45178,49.41464],[20.45077,49.41462],[20.45005,49.41395],[20.44932,49.41389],[20.44842,49.41441],[20.44648,49.41589],[20.44644,49.41627],[20.44764,49.41663],[20.44998,49.41652],[20.45405,49.41757],[20.45539,49.41806],[20.45795,49.41985],[20.45869,49.42073],[20.45915,49.42207],[20.46021,49.42343],[20.46172,49.42396],[20.46339,49.42403],[20.46328,49.42442],[20.46544,49.42475],[20.46581,49.42493],[20.46631,49.42602],[20.46684,49.4263],[20.46807,49.42647]]}},{"type":"Feature","properties":{"id":"3B","nazwa":"Słowackie widoki","slug":"slowackie-widoki","adres":"/szlaki/slowackie-widoki","dlugoscKm":18,"czasMin":310,"podejscieM":540,"trudnosc":"trudna","petla":false,"maSlad":true,"kolor":"#d69a00"},"geometry":{"type":"LineString","coordinates":[[20.52661,49.41068],[20.52641,49.40968],[20.52592,49.40935],[20.52482,49.40952],[20.52373,49.40933],[20.52105,49.40994],[20.52067,49.40971],[20.52067,49.4094],[20.52046,49.40915],[20.51848,49.40905],[20.51842,49.40842],[20.51819,49.4082],[20.51931,49.40819],[20.51931,49.40783],[20.51881,49.40738],[20.51697,49.40653],[20.51601,49.40572],[20.51563,49.40574],[20.51548,49.40559],[20.51584,49.40498],[20.51569,49.40462],[20.51647,49.40334],[20.51629,49.40283],[20.51466,49.40224],[20.51332,49.40202],[20.5094,49.40188],[20.50905,49.40177],[20.50863,49.40131],[20.51091,49.39988],[20.51252,49.39651],[20.51453,49.39528],[20.51646,49.39436],[20.51721,49.39368],[20.51983,49.39263],[20.51751,49.3925],[20.51563,49.39281],[20.51487,49.39307],[20.51267,49.39337],[20.51061,49.39335],[20.50921,49.39278],[20.50926,49.39254],[20.51039,49.39198],[20.51062,49.39167],[20.51012,49.39117],[20.50898,49.39045],[20.50747,49.38739],[20.50723,49.38599],[20.50652,49.3837],[20.50295,49.38201],[20.5018,49.38168],[20.49968,49.38167],[20.49898,49.38179],[20.49799,49.38233],[20.49559,49.38283],[20.49512,49.38277],[20.49419,49.38286],[20.49383,49.38262],[20.49279,49.38283],[20.49213,49.38275],[20.49085,49.38287],[20.49015,49.3831],[20.48546,49.38365],[20.48127,49.38491],[20.48,49.38511],[20.47746,49.38523],[20.47544,49.38482],[20.4742,49.38433],[20.47218,49.38438],[20.47187,49.38451],[20.47154,49.38496],[20.47007,49.38544],[20.47005,49.38616],[20.46874,49.38678],[20.4672,49.38677],[20.46476,49.38641],[20.46432,49.38625],[20.46262,49.38642],[20.46115,49.38625],[20.46158,49.38693],[20.4623,49.38731],[20.46471,49.38786],[20.46564,49.38839],[20.46727,49.38863],[20.46791,49.38885],[20.46858,49.38952],[20.46906,49.38978],[20.46882,49.38993],[20.46889,49.39047],[20.4687,49.39102],[20.46874,49.39229],[20.46904,49.39324],[20.4694,49.39371],[20.47014,49.3939],[20.47069,49.39423],[20.47125,49.39505],[20.47103,49.39569],[20.47072,49.39598],[20.46953,49.39644],[20.46781,49.39679],[20.46688,49.39678],[20.46773,49.39735],[20.46833,49.39754],[20.46957,49.39824],[20.47021,49.39839],[20.47158,49.399],[20.47296,49.40011],[20.47191,49.40108],[20.4695,49.40268],[20.46756,49.4033],[20.46752,49.40392],[20.46129,49.40962],[20.46033,49.41101],[20.45755,49.41222],[20.45657,49.4128],[20.45399,49.41346],[20.45351,49.41385],[20.45178,49.41464],[20.45077,49.41462],[20.45005,49.41395],[20.44932,49.41389],[20.44842,49.41441],[20.44648,49.41589],[20.44644,49.41627],[20.44764,49.41663],[20.44998,49.41652],[20.45405,49.41757],[20.45539,49.41806],[20.45795,49.41985],[20.45869,49.42073],[20.45915,49.42207],[20.46021,49.42343],[20.46172,49.42396],[20.46397,49.42404],[20.46601,49.42453],[20.46672,49.42579],[20.46728,49.42603],[20.46789,49.42604],[20.47032,49.42543],[20.47281,49.42552],[20.47449,49.42542],[20.48022,49.42432],[20.4806,49.42501],[20.48031,49.42521],[20.48045,49.42565],[20.48101,49.42561],[20.48101,49.42574],[20.48121,49.42575],[20.48256,49.42522]]}},{"type":"Feature","properties":{"id":"KP19","nazwa":"Sokolica","slug":"sokolica","adres":"/szlaki/sokolica","dlugoscKm":3.2,"czasMin":78,"podejscieM":292,"trudnosc":"latwa","petla":false,"maSlad":true,"kolor":"#c0392b"},"geometry":{"type":"LineString","coordinates":[[20.42791,49.44058],[20.4279,49.44055],[20.42789,49.44052],[20.42789,49.44049],[20.4279,49.44046],[20.42792,49.4404],[20.42795,49.44033],[20.42795,49.44025],[20.42794,49.44012],[20.42795,49.44008],[20.42795,49.44005],[20.42804,49.43975],[20.42831,49.43926],[20.42835,49.43919],[20.42839,49.43913],[20.42853,49.43902],[20.42886,49.43871],[20.42893,49.43865],[20.42907,49.43853],[20.42945,49.43824],[20.42988,49.43798],[20.42995,49.43794],[20.43025,49.43774],[20.4308,49.4374],[20.43084,49.43737],[20.43088,49.43735],[20.43095,49.4373],[20.43099,49.43727],[20.43115,49.43717],[20.43141,49.43699],[20.43157,49.43689],[20.43189,49.43668],[20.43206,49.43656],[20.43219,49.43648],[20.43248,49.43628],[20.43266,49.43617],[20.43282,49.43606],[20.43304,49.43594],[20.43343,49.43572],[20.43367,49.43559],[20.4343,49.43525],[20.43454,49.43512],[20.43484,49.43498],[20.43545,49.43468],[20.43578,49.43454],[20.43584,49.43451],[20.43592,49.43444],[20.43595,49.43441],[20.43603,49.43431],[20.43605,49.43428],[20.4364,49.43382],[20.43661,49.43358],[20.43665,49.43353],[20.43733,49.43285],[20.43736,49.43282],[20.43796,49.43227],[20.43804,49.43217],[20.43822,49.4319],[20.43841,49.43156],[20.43849,49.4312],[20.43849,49.43119],[20.43851,49.43066],[20.43857,49.43035],[20.43887,49.42971],[20.43911,49.42906],[20.43938,49.42851],[20.43968,49.42819],[20.44001,49.42796],[20.44006,49.42793],[20.44019,49.42779],[20.44033,49.42756],[20.44054,49.42736],[20.44066,49.42707],[20.4407,49.42686],[20.44066,49.42662],[20.44069,49.42646],[20.44072,49.42638],[20.44086,49.42606],[20.44109,49.42573],[20.44157,49.42526],[20.44183,49.42505],[20.44198,49.42495],[20.44267,49.42466],[20.44297,49.42421],[20.44306,49.42396],[20.44318,49.42374],[20.44327,49.42354],[20.44339,49.42325],[20.44342,49.42284],[20.44348,49.42259],[20.44348,49.42247],[20.44341,49.42224],[20.44344,49.42187],[20.44346,49.4217],[20.44373,49.42151],[20.44394,49.42131],[20.44396,49.42115],[20.44391,49.42106],[20.44378,49.42099],[20.44355,49.42101],[20.44346,49.42093],[20.44349,49.42074],[20.44351,49.42056],[20.44346,49.4204],[20.44335,49.42026],[20.4432,49.4202],[20.44306,49.42017],[20.44286,49.42013],[20.44265,49.42017],[20.44244,49.42025],[20.44227,49.42032],[20.44206,49.4203],[20.44191,49.42026],[20.44175,49.42017],[20.44159,49.42002],[20.44144,49.41994],[20.44121,49.41991],[20.441,49.41991],[20.44081,49.41997],[20.44066,49.42],[20.44049,49.41997],[20.44032,49.41992],[20.44022,49.41983],[20.43999,49.41978],[20.43986,49.41977],[20.4397,49.41973],[20.43933,49.41961],[20.43914,49.41948],[20.43925,49.41937],[20.43952,49.4192],[20.43989,49.41892],[20.43993,49.41868],[20.44002,49.41854],[20.44018,49.41842],[20.44045,49.41827],[20.44058,49.41815],[20.44077,49.41808]]}},{"type":"Feature","properties":{"id":"2C","nazwa":"Spacer Harnasia","slug":"spacer-harnasia","adres":"/szlaki/spacer-harnasia","dlugoscKm":21,"czasMin":400,"podejscieM":765,"trudnosc":"trudna","petla":true,"maSlad":true,"kolor":"#2b7a4b"},"geometry":{"type":"LineString","coordinates":[[20.55354,49.40691],[20.5526,49.40668],[20.55065,49.40665],[20.54759,49.40598],[20.54722,49.40569],[20.54785,49.40514],[20.54797,49.40487],[20.54789,49.40396],[20.54815,49.40359],[20.54802,49.40333],[20.54817,49.40301],[20.54902,49.40239],[20.54912,49.40174],[20.5495,49.40157],[20.55037,49.40079],[20.55065,49.39882],[20.55111,49.39849],[20.5523,49.39816],[20.55276,49.39734],[20.55323,49.39701],[20.55327,49.39676],[20.55398,49.3968],[20.55502,49.39547],[20.55504,49.39505],[20.55534,49.39442],[20.55536,49.39348],[20.55512,49.39286],[20.5548,49.39262],[20.555,49.39208],[20.55469,49.39161],[20.55547,49.38936],[20.55511,49.38889],[20.55502,49.38829],[20.55596,49.38744],[20.55652,49.38579],[20.55708,49.38488],[20.55606,49.38323],[20.55476,49.38289],[20.55418,49.3825],[20.55525,49.38232],[20.55627,49.38194],[20.55747,49.38033],[20.55749,49.37976],[20.55853,49.37903],[20.55926,49.37888],[20.56214,49.37917],[20.56302,49.37947],[20.56609,49.37901],[20.56723,49.37897],[20.56873,49.37857],[20.56984,49.37795],[20.57241,49.37743],[20.57302,49.37706],[20.57429,49.37684],[20.57534,49.37695],[20.57631,49.37744],[20.57702,49.37895],[20.57965,49.38191],[20.58005,49.38307],[20.58057,49.38324],[20.58175,49.38402],[20.5851,49.38546],[20.58649,49.3857],[20.59062,49.38454],[20.59184,49.38408],[20.59345,49.38398],[20.59515,49.38514],[20.59732,49.38626],[20.59779,49.38662],[20.59803,49.38722],[20.60022,49.38846],[20.60078,49.38911],[20.6014,49.39026],[20.60171,49.39159],[20.60091,49.39401],[20.60093,49.3946],[20.60221,49.39601],[20.60257,49.39702],[20.60334,49.39777],[20.6047,49.3985],[20.6054,49.39951],[20.60588,49.3999],[20.60598,49.4006],[20.60576,49.40121],[20.60584,49.40138],[20.60791,49.40195],[20.60882,49.40238],[20.60983,49.40254],[20.61063,49.40243],[20.61173,49.40259],[20.61296,49.40257],[20.61318,49.40272],[20.61315,49.40407],[20.61225,49.40537],[20.61201,49.40659],[20.61156,49.40745],[20.61162,49.40899],[20.6119,49.4093],[20.61214,49.41003],[20.61178,49.41085],[20.6117,49.41153],[20.61122,49.4122],[20.61119,49.41326],[20.61162,49.41437],[20.61287,49.41619],[20.61351,49.4166],[20.61442,49.41752],[20.61509,49.41902],[20.61571,49.41948],[20.61634,49.41972],[20.61687,49.42032],[20.6163,49.42053],[20.61401,49.42208],[20.61311,49.42248],[20.60982,49.42503],[20.60768,49.42585],[20.60536,49.42625],[20.60414,49.4269],[20.60306,49.42805],[20.60133,49.42837],[20.59884,49.42791],[20.59755,49.42801],[20.59684,49.42792],[20.59619,49.4276],[20.59536,49.42658],[20.59571,49.42518],[20.59567,49.42413],[20.5964,49.42317],[20.59614,49.4226],[20.5956,49.42216],[20.59507,49.42137],[20.59504,49.42078],[20.59462,49.42045],[20.59466,49.42014],[20.59492,49.4199],[20.59489,49.41949],[20.5945,49.41891],[20.59478,49.41843],[20.59433,49.4177],[20.59273,49.41643],[20.59263,49.41622],[20.59254,49.41419],[20.59226,49.41327],[20.59248,49.41275],[20.59263,49.41095],[20.5915,49.40979],[20.59125,49.40867],[20.59085,49.40807],[20.58906,49.40639],[20.58908,49.40615],[20.58878,49.4061],[20.5885,49.40584],[20.58582,49.40542],[20.58446,49.40532],[20.57983,49.40582],[20.57852,49.40589],[20.57714,49.40575],[20.57502,49.40608],[20.57259,49.40603],[20.57266,49.40577],[20.57413,49.4052],[20.5743,49.40494],[20.57314,49.40445],[20.57269,49.40403],[20.57196,49.4039],[20.57207,49.40351],[20.57018,49.40331],[20.56826,49.40405],[20.56781,49.40434],[20.56664,49.4055],[20.56636,49.40632],[20.56528,49.40732],[20.56431,49.40787],[20.56368,49.40847],[20.5621,49.40936],[20.55839,49.40878],[20.55726,49.40804],[20.55665,49.40702],[20.55616,49.40675],[20.55507,49.40702],[20.55354,49.40691]]}},{"type":"Feature","properties":{"id":"KP20","nazwa":"Szafranówka","slug":"szafranowka","adres":"/szlaki/szafranowka","dlugoscKm":2.3,"czasMin":62,"podejscieM":278,"trudnosc":"latwa","petla":false,"maSlad":true,"kolor":"#d69a00"},"geometry":{"type":"LineString","coordinates":[[20.48259,49.42514],[20.48233,49.42528],[20.48206,49.4254],[20.48187,49.42547],[20.48166,49.42555],[20.48153,49.4256],[20.48131,49.42569],[20.48107,49.42578],[20.48103,49.42574],[20.48097,49.42564],[20.48099,49.42562],[20.48104,49.42555],[20.48079,49.42555],[20.48074,49.42557],[20.48064,49.42542],[20.48034,49.4255],[20.48031,49.4252],[20.48047,49.42517],[20.48054,49.42512],[20.48058,49.42508],[20.48059,49.42503],[20.48057,49.42497],[20.48038,49.42468],[20.48037,49.42467],[20.48036,49.42465],[20.48025,49.42441],[20.48023,49.42436],[20.48021,49.42433],[20.4804,49.42429],[20.48087,49.42423],[20.48126,49.42415],[20.48145,49.42411],[20.4822,49.42392],[20.48249,49.42385],[20.48231,49.42361],[20.48225,49.42357],[20.48217,49.42354],[20.48205,49.42354],[20.48196,49.42356],[20.48193,49.42356],[20.48176,49.42362],[20.48154,49.42362],[20.48149,49.42361],[20.48146,49.42359],[20.48147,49.42356],[20.48151,49.4235],[20.48165,49.42339],[20.48182,49.42324],[20.48194,49.42309],[20.48211,49.42285],[20.48225,49.42257],[20.48229,49.42244],[20.48228,49.42231],[20.48219,49.42222],[20.48203,49.42223],[20.48182,49.42227],[20.48153,49.42233],[20.48131,49.42236],[20.48103,49.42238],[20.48073,49.42232],[20.48053,49.42223],[20.48038,49.42206],[20.48031,49.42194],[20.48028,49.42183],[20.48019,49.42161],[20.48008,49.42143],[20.47994,49.42127],[20.47987,49.42125],[20.47974,49.42124],[20.47939,49.42129],[20.47889,49.42132],[20.47865,49.42127],[20.47828,49.42114],[20.47805,49.42101],[20.47773,49.42091],[20.4775,49.42084],[20.47724,49.42079],[20.47701,49.4207],[20.47685,49.42059],[20.47675,49.42047],[20.4767,49.42029],[20.47671,49.42019],[20.47669,49.42002],[20.47666,49.41989],[20.47668,49.41978],[20.47679,49.41968],[20.47689,49.41963],[20.47692,49.41953],[20.477,49.41943],[20.47708,49.41937],[20.47707,49.41935],[20.47697,49.41929],[20.47691,49.41925],[20.4769,49.41919],[20.47681,49.41916],[20.47681,49.41915],[20.47687,49.4191],[20.47687,49.41906],[20.47684,49.41904],[20.47673,49.41903],[20.47652,49.41904],[20.4764,49.41899],[20.47635,49.41893],[20.47633,49.41892],[20.47631,49.41886],[20.47633,49.41881],[20.47645,49.41871],[20.47641,49.41848],[20.47642,49.41842],[20.47657,49.41837],[20.47658,49.4183],[20.47658,49.41821],[20.4759,49.41789],[20.47585,49.41779],[20.47586,49.41768],[20.47618,49.41733],[20.47631,49.41719],[20.47662,49.41692],[20.47679,49.41675],[20.47689,49.41648],[20.4769,49.41638],[20.47689,49.41633],[20.47688,49.41627],[20.4768,49.41597],[20.47668,49.41561],[20.4767,49.4154],[20.47674,49.41504],[20.47678,49.41472],[20.47685,49.41463],[20.47688,49.41427],[20.47668,49.41409],[20.47682,49.41393],[20.47682,49.4138],[20.4768,49.4137],[20.47674,49.41359],[20.47664,49.41367],[20.4765,49.41382],[20.47644,49.41389],[20.47635,49.41398],[20.47623,49.41408],[20.4761,49.41412]]}},{"type":"Feature","properties":{"id":"3C","nazwa":"Śladem św. Kingi","slug":"sladem-sw-kingi","adres":"/szlaki/sladem-sw-kingi","dlugoscKm":24,"czasMin":400,"podejscieM":950,"trudnosc":"trudna","petla":true,"maSlad":true,"kolor":"#1f6dad"},"geometry":{"type":"LineString","coordinates":[[20.48256,49.42522],[20.48466,49.42617],[20.4863,49.4277],[20.48685,49.42863],[20.48732,49.42885],[20.48785,49.42873],[20.4874,49.42846],[20.48716,49.42797],[20.48723,49.42596],[20.49103,49.42494],[20.49221,49.42416],[20.49346,49.42455],[20.49377,49.42476],[20.49541,49.4253],[20.49606,49.42628],[20.49676,49.42685],[20.49686,49.42738],[20.49806,49.42846],[20.49892,49.4288],[20.49964,49.43006],[20.5003,49.43044],[20.50046,49.43075],[20.50106,49.43113],[20.50118,49.43133],[20.50104,49.43233],[20.50226,49.4333],[20.50272,49.43395],[20.50297,49.43568],[20.50336,49.43687],[20.50397,49.4377],[20.50401,49.43797],[20.50308,49.43907],[20.50213,49.44101],[20.50243,49.44242],[20.50167,49.44396],[20.50269,49.44505],[20.50302,49.4457],[20.50308,49.44667],[20.5029,49.44787],[20.50432,49.44937],[20.50458,49.45004],[20.50462,49.45048],[20.50426,49.45105],[20.50424,49.45167],[20.50321,49.45262],[20.50304,49.45294],[20.50339,49.45388],[20.50382,49.45422],[20.5061,49.45502],[20.5075,49.45579],[20.50785,49.45636],[20.50857,49.45676],[20.51054,49.45729],[20.51223,49.45729],[20.51283,49.45743],[20.51421,49.45861],[20.51438,49.45858],[20.51446,49.45806],[20.51431,49.45703],[20.51706,49.4567],[20.51873,49.45584],[20.5185,49.45525],[20.51881,49.45459],[20.52011,49.45458],[20.52022,49.4545],[20.52009,49.45388],[20.51984,49.45369],[20.51925,49.45354],[20.519,49.45338],[20.51906,49.45325],[20.51941,49.45319],[20.52075,49.45347],[20.52106,49.45369],[20.52125,49.45408],[20.52402,49.45629],[20.52419,49.45664],[20.52405,49.45712],[20.52428,49.45768],[20.5266,49.45869],[20.52712,49.45914],[20.52751,49.45926],[20.52802,49.45924],[20.52931,49.45891],[20.53087,49.45916],[20.53166,49.45907],[20.5322,49.45924],[20.53332,49.45931],[20.53382,49.45946],[20.5357,49.46094],[20.53622,49.46113],[20.53733,49.46133],[20.53841,49.46131],[20.53906,49.46153],[20.54069,49.46174],[20.54201,49.4618],[20.54321,49.46249],[20.5446,49.46303],[20.54629,49.46325],[20.54859,49.46404],[20.55371,49.46683],[20.55182,49.46832],[20.55072,49.47039],[20.55041,49.47068],[20.54998,49.47087],[20.54839,49.47085],[20.54762,49.47102],[20.54631,49.472],[20.54369,49.47336],[20.54347,49.47383],[20.54353,49.47408],[20.54318,49.47401],[20.54223,49.47415],[20.54115,49.47449],[20.54056,49.47473],[20.54018,49.47517],[20.53991,49.47528],[20.5388,49.47493],[20.53777,49.47477],[20.53583,49.47474],[20.53318,49.47492],[20.53233,49.47468],[20.53141,49.47497],[20.53016,49.4749],[20.52893,49.47447],[20.52795,49.47455],[20.52657,49.47423],[20.52553,49.47415],[20.52337,49.47433],[20.52262,49.47427],[20.52168,49.47401],[20.52008,49.47415],[20.51869,49.47383],[20.51792,49.47388],[20.51644,49.47425],[20.51391,49.47438],[20.51276,49.47475],[20.51201,49.47483],[20.51129,49.47468],[20.51106,49.47424],[20.51058,49.47381],[20.50817,49.47307],[20.50624,49.47186],[20.50576,49.47196],[20.50472,49.47181],[20.50059,49.47279],[20.50013,49.47279],[20.49981,49.47261],[20.49976,49.47222],[20.49926,49.47137],[20.49844,49.47071],[20.49833,49.47024],[20.49785,49.46977],[20.49733,49.4693],[20.49556,49.46853],[20.49528,49.46782],[20.49459,49.46735],[20.49065,49.46711],[20.48976,49.4669],[20.48767,49.46667],[20.48687,49.46545],[20.48599,49.46579],[20.485,49.46598],[20.48351,49.4658],[20.48298,49.46533],[20.48218,49.46521],[20.48158,49.46458],[20.48181,49.46447],[20.48213,49.46362],[20.48313,49.46205],[20.48318,49.46097],[20.48363,49.46023],[20.48438,49.45953],[20.48515,49.45913],[20.48552,49.45876],[20.48563,49.4584],[20.48533,49.45812],[20.48542,49.45789],[20.48807,49.45633],[20.48928,49.4559],[20.48972,49.45522],[20.49143,49.45449],[20.49168,49.45419],[20.49118,49.45162],[20.49061,49.45124],[20.49034,49.45017],[20.49033,49.44859],[20.49106,49.44738],[20.49103,49.44689],[20.49128,49.44644],[20.49122,49.44535],[20.49096,49.44498],[20.49096,49.44442],[20.49045,49.44374],[20.49067,49.4429],[20.49,49.44236],[20.48767,49.4414],[20.48692,49.44052],[20.48578,49.44021],[20.48569,49.43959],[20.48632,49.43924],[20.48626,49.43913],[20.48519,49.43907],[20.48448,49.43881],[20.48273,49.43858],[20.48224,49.43836],[20.4811,49.43755],[20.48,49.43604],[20.47924,49.43574],[20.47877,49.43532],[20.47916,49.43488],[20.47879,49.43458],[20.4788,49.43433],[20.4791,49.43399],[20.47923,49.4327],[20.47966,49.4316],[20.47956,49.43148],[20.48265,49.43037],[20.48303,49.4304],[20.48452,49.43086],[20.48486,49.43218],[20.48512,49.43227],[20.48564,49.43211],[20.48599,49.43176],[20.48682,49.43133],[20.48819,49.42942],[20.48809,49.42915],[20.48732,49.42885]]}},{"type":"Feature","properties":{"id":"KP02","nazwa":"Trzy Korony — Okrąglica","slug":"trzy-korony-okraglica","adres":"/szlaki/trzy-korony-okraglica","dlugoscKm":4.2,"czasMin":114,"podejscieM":515,"trudnosc":"srednia","petla":false,"maSlad":true,"kolor":"#c0392b"},"geometry":{"type":"LineString","coordinates":[[20.42791,49.44058],[20.42775,49.44061],[20.42771,49.44062],[20.42766,49.44061],[20.42744,49.4406],[20.42691,49.44057],[20.42669,49.4406],[20.42651,49.44063],[20.42637,49.44065],[20.42606,49.4407],[20.4259,49.44071],[20.42584,49.44074],[20.42553,49.44067],[20.42529,49.44062],[20.42517,49.44059],[20.42499,49.44055],[20.42485,49.44053],[20.42469,49.4405],[20.42396,49.4404],[20.42373,49.44038],[20.42363,49.44037],[20.4235,49.44037],[20.42341,49.44037],[20.42331,49.44037],[20.4232,49.44038],[20.42307,49.44039],[20.42298,49.44039],[20.42278,49.44041],[20.42276,49.44035],[20.42274,49.44033],[20.42271,49.44031],[20.42265,49.44027],[20.4224,49.44012],[20.42234,49.44009],[20.42225,49.43996],[20.42193,49.43953],[20.42184,49.43935],[20.42181,49.4393],[20.42178,49.43916],[20.42187,49.43893],[20.42187,49.43891],[20.42188,49.43882],[20.42186,49.43847],[20.42187,49.43838],[20.42196,49.43825],[20.42201,49.43822],[20.42224,49.438],[20.42232,49.43782],[20.42232,49.43774],[20.42231,49.43749],[20.42232,49.43739],[20.42237,49.43727],[20.42257,49.43689],[20.42265,49.43671],[20.42261,49.43628],[20.42264,49.43616],[20.42303,49.43552],[20.42311,49.43534],[20.42329,49.43517],[20.42339,49.43503],[20.42348,49.43489],[20.4235,49.43481],[20.4235,49.43473],[20.42355,49.43468],[20.4236,49.43454],[20.42364,49.43441],[20.42363,49.43434],[20.42369,49.43425],[20.42369,49.43417],[20.42374,49.43404],[20.42376,49.434],[20.42374,49.43387],[20.4236,49.43371],[20.4236,49.43363],[20.4236,49.4336],[20.42361,49.43352],[20.42355,49.43341],[20.42344,49.4332],[20.42335,49.43307],[20.42326,49.43301],[20.42305,49.43269],[20.42299,49.43253],[20.42296,49.43244],[20.42279,49.43223],[20.42228,49.4314],[20.42212,49.43124],[20.42198,49.43113],[20.42186,49.43101],[20.42182,49.43092],[20.42176,49.43071],[20.42154,49.43046],[20.42128,49.43012],[20.4212,49.43],[20.42111,49.42992],[20.42096,49.4298],[20.42074,49.4297],[20.42055,49.42965],[20.42038,49.42961],[20.41981,49.42935],[20.41904,49.42895],[20.41802,49.42854],[20.41751,49.42834],[20.41681,49.42803],[20.41645,49.42785],[20.4156,49.42752],[20.41472,49.42707],[20.41437,49.42687],[20.41413,49.42673],[20.41385,49.42664],[20.41333,49.42647],[20.41308,49.42639],[20.41275,49.42621],[20.41262,49.42607],[20.41262,49.42588],[20.41259,49.42567],[20.41248,49.42553],[20.41227,49.42542],[20.41172,49.42531],[20.41102,49.42501],[20.41069,49.42468],[20.41057,49.4246],[20.41052,49.42455],[20.41053,49.42453],[20.41053,49.42452],[20.41054,49.42449],[20.41056,49.42446],[20.41067,49.42441],[20.41136,49.42417],[20.41148,49.4241],[20.41154,49.42394],[20.41149,49.42378],[20.41132,49.42351],[20.41116,49.42335],[20.41097,49.42324],[20.41082,49.42315],[20.41054,49.42296],[20.41037,49.42285],[20.41004,49.42264],[20.41,49.42254],[20.40998,49.42237],[20.40992,49.42221],[20.40979,49.42198],[20.40965,49.42187],[20.40943,49.4217],[20.40931,49.42161],[20.40926,49.42148],[20.40928,49.42139],[20.40936,49.42129],[20.40937,49.42121],[20.40931,49.42111],[20.40923,49.42097],[20.4092,49.42086],[20.40903,49.42042],[20.40901,49.42037],[20.40866,49.41994],[20.40858,49.41981],[20.40835,49.41935],[20.40819,49.41918],[20.40807,49.419],[20.40848,49.4189],[20.40867,49.41882],[20.40887,49.41875],[20.40908,49.4187],[20.4093,49.41868],[20.40939,49.41866],[20.40944,49.41866],[20.4095,49.41865],[20.40962,49.41866],[20.40978,49.41864],[20.4099,49.41861],[20.41029,49.41831],[20.41052,49.4182],[20.41092,49.41806],[20.41121,49.41799],[20.41141,49.41796],[20.41164,49.41788],[20.41178,49.41784],[20.41194,49.41774],[20.41211,49.41766],[20.4123,49.41761],[20.41258,49.41752],[20.4128,49.4174],[20.41284,49.41733],[20.41286,49.41722],[20.4129,49.41716],[20.413,49.41713],[20.41338,49.41703],[20.41354,49.41697],[20.41371,49.41685],[20.41382,49.41678],[20.41385,49.41672],[20.41384,49.41652],[20.4138,49.41644],[20.41375,49.41638],[20.41367,49.41634],[20.41339,49.41629],[20.4133,49.41625],[20.41322,49.41615],[20.41322,49.41601],[20.41325,49.41595],[20.41334,49.41583],[20.41337,49.41567],[20.4134,49.41551],[20.41345,49.41545],[20.41362,49.41537],[20.41395,49.41534],[20.41404,49.41531],[20.41412,49.41525],[20.4144,49.41506],[20.4145,49.41497],[20.41456,49.41486],[20.41457,49.41478],[20.41457,49.41472],[20.4146,49.41466],[20.41465,49.41464]]}},{"type":"Feature","properties":{"id":"TK2","nazwa":"Trzy Korony z Krościenka (przez Przełęcz Szopka)","slug":"trzy-korony-z-kroscienka-przez-przelecz-szopka","adres":"/szlaki/trzy-korony-z-kroscienka-przez-przelecz-szopka","dlugoscKm":4.6,"czasMin":128,"podejscieM":595,"trudnosc":"srednia","petla":false,"maSlad":true,"kolor":"#d69a00"},"geometry":{"type":"LineString","coordinates":[[20.42856,49.44071],[20.42856,49.44071],[20.42815,49.44064],[20.42802,49.4406],[20.42791,49.44058],[20.42775,49.44061],[20.42766,49.44061],[20.42744,49.4406],[20.42691,49.44057],[20.42669,49.4406],[20.42651,49.44063],[20.4265,49.4406],[20.4261,49.44064],[20.42592,49.44065],[20.42532,49.44054],[20.42507,49.44049],[20.42433,49.44038],[20.42374,49.44033],[20.42351,49.44032],[20.42326,49.44032],[20.42297,49.44035],[20.42276,49.44035],[20.42271,49.44031],[20.42265,49.44027],[20.4224,49.44012],[20.42234,49.44009],[20.42225,49.43996],[20.42193,49.43953],[20.42184,49.43935],[20.42181,49.4393],[20.42178,49.43916],[20.42187,49.43891],[20.42188,49.43882],[20.42186,49.43847],[20.42187,49.43838],[20.42196,49.43825],[20.42201,49.43822],[20.42224,49.438],[20.42232,49.43782],[20.42232,49.43774],[20.42231,49.43749],[20.42232,49.43739],[20.42237,49.43727],[20.42257,49.43689],[20.42265,49.43671],[20.42261,49.43628],[20.42264,49.43616],[20.42303,49.43552],[20.42311,49.43534],[20.42329,49.43517],[20.42339,49.43503],[20.42348,49.43489],[20.4235,49.43481],[20.4235,49.43473],[20.42355,49.43468],[20.4236,49.43454],[20.42364,49.43441],[20.42363,49.43434],[20.42369,49.43425],[20.42369,49.43417],[20.42374,49.43404],[20.42376,49.434],[20.42374,49.43387],[20.4236,49.43371],[20.4236,49.43363],[20.42361,49.43352],[20.42355,49.43341],[20.42344,49.4332],[20.42335,49.43307],[20.42326,49.43301],[20.42305,49.43269],[20.42299,49.43253],[20.42296,49.43244],[20.42279,49.43223],[20.42228,49.4314],[20.42212,49.43124],[20.42198,49.43113],[20.42186,49.43101],[20.42182,49.43092],[20.42176,49.43071],[20.42154,49.43046],[20.4212,49.43],[20.42111,49.42992],[20.42096,49.4298],[20.42074,49.4297],[20.42038,49.42961],[20.41981,49.42935],[20.41904,49.42895],[20.41802,49.42854],[20.41751,49.42834],[20.41681,49.42803],[20.41645,49.42785],[20.4156,49.42752],[20.41472,49.42707],[20.41413,49.42673],[20.41333,49.42647],[20.41377,49.42641],[20.4141,49.42635],[20.41443,49.42625],[20.41443,49.42625],[20.4141,49.42635],[20.41377,49.42641],[20.41333,49.42647],[20.41308,49.42639],[20.41275,49.42621],[20.41262,49.42607],[20.41262,49.42588],[20.41259,49.42567],[20.41248,49.42553],[20.41227,49.42542],[20.41172,49.42531],[20.41102,49.42501],[20.41069,49.42468],[20.41057,49.4246],[20.41052,49.42455],[20.41053,49.42453],[20.41053,49.42452],[20.41056,49.42446],[20.41067,49.42441],[20.41136,49.42417],[20.41148,49.4241],[20.41154,49.42394],[20.41149,49.42378],[20.41132,49.42351],[20.41116,49.42335],[20.41082,49.42315],[20.41054,49.42296],[20.41037,49.42285],[20.41004,49.42264],[20.41,49.42254],[20.40998,49.42238],[20.40992,49.42221],[20.40979,49.42198],[20.40965,49.42187],[20.40931,49.42161],[20.40926,49.42148],[20.40928,49.42139],[20.40936,49.42129],[20.40937,49.42121],[20.40923,49.42097],[20.4092,49.42086],[20.40901,49.42037],[20.40866,49.41994],[20.40858,49.41981],[20.40835,49.41935],[20.40819,49.41918],[20.40807,49.419],[20.40807,49.419],[20.40807,49.419],[20.40848,49.4189],[20.40867,49.41882],[20.40887,49.41875],[20.40908,49.4187],[20.4093,49.41868],[20.40944,49.41866],[20.4095,49.41865],[20.40962,49.41866],[20.40978,49.41864],[20.4099,49.41861],[20.41029,49.41831],[20.41052,49.4182],[20.41092,49.41806],[20.41121,49.41799],[20.41141,49.41796],[20.41178,49.41784],[20.41194,49.41774],[20.41211,49.41766],[20.4123,49.41761],[20.41258,49.41752],[20.4128,49.4174],[20.41284,49.41733],[20.41286,49.41722],[20.4129,49.41716],[20.413,49.41713],[20.41338,49.41703],[20.41354,49.41697],[20.41382,49.41678],[20.41385,49.41672],[20.41384,49.41652],[20.4138,49.41644],[20.41375,49.41638],[20.41367,49.41634],[20.41339,49.41629],[20.4133,49.41625],[20.41322,49.41615],[20.41322,49.41601],[20.41325,49.41595],[20.41334,49.41583],[20.4134,49.41551],[20.41345,49.41545],[20.41362,49.41537],[20.41395,49.41534],[20.41404,49.41531],[20.41412,49.41525],[20.4144,49.41506],[20.4145,49.41497],[20.41456,49.41486],[20.41457,49.41478],[20.41457,49.41472],[20.4146,49.41466],[20.41465,49.41464],[20.41481,49.41461],[20.41498,49.41455],[20.41511,49.41452],[20.4152,49.41446],[20.41518,49.41443],[20.41511,49.41443],[20.41503,49.41441],[20.41483,49.41436],[20.41472,49.41429],[20.41465,49.41425],[20.41454,49.41423],[20.41445,49.41419],[20.41441,49.41416],[20.41435,49.41404],[20.41434,49.41398],[20.41431,49.41391],[20.41422,49.41383]]}},{"type":"Feature","properties":{"id":"TK3","nazwa":"Trzy Korony ze Sromowiec Niżnych (spod schroniska)","slug":"trzy-korony-ze-sromowiec-niznych-spod-schroniska","adres":"/szlaki/trzy-korony-ze-sromowiec-niznych-spod-schroniska","dlugoscKm":2.8,"czasMin":93,"podejscieM":500,"trudnosc":"latwa","petla":false,"maSlad":true,"kolor":"#d69a00"},"geometry":{"type":"LineString","coordinates":[[20.41109,49.40519],[20.41111,49.40561],[20.41108,49.40572],[20.41108,49.40639],[20.41102,49.4066],[20.41091,49.4068],[20.41073,49.40704],[20.41072,49.40709],[20.41063,49.40716],[20.41058,49.40725],[20.41056,49.40741],[20.41053,49.40754],[20.41044,49.40766],[20.41024,49.40783],[20.40999,49.40798],[20.40937,49.40859],[20.40926,49.40871],[20.40891,49.40908],[20.40866,49.40935],[20.40862,49.4095],[20.40862,49.40982],[20.40848,49.4104],[20.40841,49.41045],[20.40809,49.41057],[20.40802,49.41063],[20.40781,49.41087],[20.40762,49.41112],[20.40724,49.41131],[20.40711,49.41141],[20.40703,49.41151],[20.4067,49.41168],[20.40633,49.41204],[20.40615,49.41215],[20.40602,49.41225],[20.40567,49.4126],[20.40537,49.41277],[20.40535,49.41286],[20.40537,49.41298],[20.40536,49.41323],[20.40539,49.41334],[20.40542,49.41345],[20.40555,49.41367],[20.40558,49.41381],[20.40567,49.41393],[20.4063,49.4144],[20.40642,49.41466],[20.40648,49.41479],[20.40651,49.41486],[20.40654,49.41501],[20.40675,49.41539],[20.40681,49.41554],[20.40686,49.41562],[20.40687,49.41575],[20.40689,49.41591],[20.40683,49.41608],[20.40678,49.4161],[20.4066,49.41614],[20.40637,49.41609],[20.40628,49.41613],[20.40617,49.41623],[20.40597,49.41628],[20.40598,49.41643],[20.40585,49.41648],[20.40588,49.41661],[20.40577,49.41663],[20.40572,49.41685],[20.40563,49.41691],[20.40554,49.41691],[20.40539,49.41707],[20.40539,49.4171],[20.40545,49.41715],[20.40549,49.41724],[20.40551,49.41735],[20.4055,49.4174],[20.40553,49.41745],[20.40555,49.41753],[20.40567,49.4176],[20.40579,49.41768],[20.40605,49.41785],[20.40625,49.41792],[20.40647,49.41798],[20.4069,49.41812],[20.40741,49.41842],[20.40807,49.419],[20.40807,49.419],[20.40848,49.4189],[20.40867,49.41882],[20.40887,49.41875],[20.40908,49.4187],[20.4093,49.41868],[20.40944,49.41866],[20.4095,49.41865],[20.40962,49.41866],[20.40978,49.41864],[20.4099,49.41861],[20.41029,49.41831],[20.41052,49.4182],[20.41092,49.41806],[20.41121,49.41799],[20.41141,49.41796],[20.41178,49.41784],[20.41194,49.41774],[20.41211,49.41766],[20.4123,49.41761],[20.41258,49.41752],[20.4128,49.4174],[20.41284,49.41733],[20.41286,49.41722],[20.4129,49.41716],[20.413,49.41713],[20.41338,49.41703],[20.41354,49.41697],[20.41382,49.41678],[20.41385,49.41672],[20.41384,49.41652],[20.4138,49.41644],[20.41375,49.41638],[20.41367,49.41634],[20.41339,49.41629],[20.4133,49.41625],[20.41322,49.41615],[20.41322,49.41601],[20.41325,49.41595],[20.41334,49.41583],[20.4134,49.41551],[20.41345,49.41545],[20.41362,49.41537],[20.41395,49.41534],[20.41404,49.41531],[20.41412,49.41525],[20.4144,49.41506],[20.4145,49.41497],[20.41456,49.41486],[20.41457,49.41478],[20.41457,49.41472],[20.4146,49.41466],[20.41465,49.41464],[20.41481,49.41461],[20.41498,49.41455],[20.41511,49.41452],[20.4152,49.41446],[20.41518,49.41443],[20.41511,49.41443],[20.41503,49.41441],[20.41483,49.41436],[20.41472,49.41429],[20.41465,49.41425],[20.41454,49.41423],[20.41445,49.41419],[20.41441,49.41416],[20.41435,49.41404],[20.41434,49.41398],[20.41431,49.41391],[20.41422,49.41383]]}},{"type":"Feature","properties":{"id":"TK1","nazwa":"Trzy Korony ze Szczawnicy (przez przewóz i Sokolicę)","slug":"trzy-korony-ze-szczawnicy-przez-przewoz-i-sokolice","adres":"/szlaki/trzy-korony-ze-szczawnicy-przez-przewoz-i-sokolice","dlugoscKm":7.8,"czasMin":209,"podejscieM":909,"trudnosc":"trudna","petla":false,"maSlad":true,"kolor":"#1f6dad"},"geometry":{"type":"LineString","coordinates":[[20.45954,49.423],[20.45254,49.4176],[20.45254,49.4176],[20.45222,49.41775],[20.45207,49.41784],[20.45184,49.41775],[20.45138,49.41757],[20.45133,49.41759],[20.45125,49.41759],[20.45109,49.41755],[20.45092,49.41755],[20.45073,49.41759],[20.45026,49.41767],[20.44997,49.41769],[20.4497,49.4177],[20.44943,49.41776],[20.44918,49.41794],[20.44912,49.41808],[20.44907,49.41844],[20.44895,49.41857],[20.44877,49.41865],[20.44849,49.41872],[20.44816,49.41877],[20.44779,49.41893],[20.4473,49.41902],[20.44703,49.41907],[20.44683,49.41911],[20.44659,49.4191],[20.44635,49.41906],[20.44612,49.41909],[20.44609,49.4191],[20.44594,49.41908],[20.4458,49.41909],[20.44562,49.41907],[20.4454,49.41903],[20.44502,49.41901],[20.4447,49.41895],[20.44439,49.41888],[20.44422,49.41886],[20.44402,49.41887],[20.44383,49.41888],[20.44375,49.41884],[20.44371,49.41878],[20.44365,49.41872],[20.4435,49.41867],[20.44342,49.41856],[20.44333,49.41853],[20.44322,49.4185],[20.44317,49.41843],[20.44314,49.41835],[20.4431,49.4183],[20.44299,49.4183],[20.44294,49.41826],[20.44297,49.4182],[20.44291,49.41817],[20.44278,49.41819],[20.44271,49.41815],[20.44266,49.41808],[20.44252,49.41807],[20.44249,49.41801],[20.44249,49.41793],[20.44243,49.41786],[20.44233,49.41788],[20.44206,49.41802],[20.44191,49.41799],[20.44177,49.41793],[20.44178,49.41788],[20.44173,49.41781],[20.44162,49.41782],[20.44144,49.41785],[20.44058,49.41815],[20.44052,49.41809],[20.44036,49.41807],[20.44035,49.41803],[20.4406,49.4179],[20.44059,49.41786],[20.44049,49.41786],[20.44033,49.41788],[20.44026,49.41787],[20.44024,49.41783],[20.44026,49.41779],[20.44026,49.41773],[20.4404,49.41768],[20.44026,49.41773],[20.44026,49.41779],[20.44024,49.41783],[20.44026,49.41787],[20.44033,49.41788],[20.44049,49.41786],[20.44059,49.41786],[20.4406,49.4179],[20.44035,49.41803],[20.44036,49.41807],[20.44052,49.41809],[20.44058,49.41815],[20.44045,49.41827],[20.44018,49.41842],[20.44002,49.41854],[20.43993,49.41868],[20.43989,49.41892],[20.43952,49.4192],[20.43925,49.41937],[20.43914,49.41948],[20.43914,49.41948],[20.43914,49.41948],[20.43888,49.41971],[20.4388,49.41982],[20.43878,49.42012],[20.43874,49.42027],[20.43866,49.42037],[20.43854,49.42043],[20.43851,49.4205],[20.43856,49.42063],[20.43849,49.42068],[20.43824,49.4208],[20.43816,49.42088],[20.43798,49.42095],[20.4379,49.42104],[20.438,49.42111],[20.43804,49.42119],[20.43787,49.42117],[20.43776,49.42118],[20.43796,49.4213],[20.438,49.42137],[20.43773,49.42137],[20.43794,49.42146],[20.43768,49.42147],[20.4377,49.42156],[20.43775,49.42162],[20.43778,49.4217],[20.43779,49.42177],[20.43779,49.42186],[20.43775,49.42191],[20.43766,49.42191],[20.43753,49.42183],[20.43738,49.42176],[20.43727,49.42173],[20.43721,49.42179],[20.43716,49.42193],[20.43708,49.42197],[20.43696,49.42198],[20.4368,49.42195],[20.43635,49.42201],[20.43595,49.42208],[20.4354,49.42213],[20.43505,49.42225],[20.4347,49.4223],[20.43453,49.42229],[20.43437,49.42226],[20.43425,49.42224],[20.43435,49.42233],[20.43437,49.42241],[20.43435,49.42247],[20.43424,49.42257],[20.43424,49.42257],[20.43414,49.42259],[20.43393,49.42265],[20.43365,49.4227],[20.43344,49.42282],[20.43334,49.42287],[20.43319,49.42292],[20.43292,49.42294],[20.43273,49.42298],[20.43256,49.42304],[20.43243,49.42306],[20.43228,49.42309],[20.43218,49.42317],[20.43215,49.42326],[20.43205,49.42331],[20.43188,49.42336],[20.43164,49.42347],[20.43159,49.42354],[20.43156,49.42366],[20.43146,49.42371],[20.43132,49.42381],[20.43124,49.4239],[20.43119,49.42405],[20.4311,49.42419],[20.43093,49.4243],[20.4306,49.42447],[20.43036,49.42482],[20.43004,49.42508],[20.42944,49.42524],[20.42883,49.42527],[20.42846,49.42538],[20.42819,49.42544],[20.42774,49.4255],[20.42734,49.4256],[20.42709,49.42562],[20.42681,49.42568],[20.42661,49.42571],[20.4263,49.42573],[20.42605,49.42579],[20.42547,49.42596],[20.42522,49.42605],[20.42503,49.42614],[20.42485,49.42629],[20.42461,49.42651],[20.42454,49.42666],[20.42453,49.4269],[20.4245,49.42697],[20.42444,49.42702],[20.42425,49.42709],[20.42405,49.42721],[20.42396,49.4273],[20.42392,49.42739],[20.42399,49.42761],[20.42399,49.42801],[20.42391,49.42831],[20.42317,49.4288],[20.42245,49.42946],[20.42239,49.42959],[20.42237,49.42973],[20.42238,49.42989],[20.42235,49.43008],[20.422,49.43039],[20.42202,49.43047],[20.422,49.43057],[20.42176,49.43071],[20.42154,49.43046],[20.4212,49.43],[20.42111,49.42992],[20.42096,49.4298],[20.42074,49.4297],[20.42038,49.42961],[20.41981,49.42935],[20.41904,49.42895],[20.41802,49.42854],[20.41751,49.42834],[20.41681,49.42803],[20.41645,49.42785],[20.4156,49.42752],[20.41472,49.42707],[20.41413,49.42673],[20.41333,49.42647],[20.41308,49.42639],[20.41275,49.42621],[20.41262,49.42607],[20.41262,49.42588],[20.41259,49.42567],[20.41248,49.42553],[20.41227,49.42542],[20.41172,49.42531],[20.41102,49.42501],[20.41069,49.42468],[20.41057,49.4246],[20.41052,49.42455],[20.41053,49.42453],[20.41053,49.42452],[20.41056,49.42446],[20.41067,49.42441],[20.41136,49.42417],[20.41148,49.4241],[20.41154,49.42394],[20.41149,49.42378],[20.41132,49.42351],[20.41116,49.42335],[20.41082,49.42315],[20.41054,49.42296],[20.41037,49.42285],[20.41043,49.42264],[20.41046,49.42252],[20.41047,49.42242],[20.4105,49.42233],[20.41072,49.42187],[20.41081,49.42175],[20.41089,49.42168],[20.41103,49.4216],[20.41142,49.42142],[20.41149,49.42138],[20.41153,49.42134],[20.41162,49.42122],[20.41175,49.42108],[20.41191,49.42094],[20.41202,49.42089],[20.41222,49.42083],[20.41251,49.42077],[20.41274,49.42075],[20.41295,49.42075],[20.41328,49.4208],[20.41362,49.42084],[20.41386,49.42079],[20.4142,49.42066],[20.41466,49.42056],[20.41483,49.42047],[20.41515,49.42025],[20.41542,49.41993],[20.4155,49.41982],[20.41552,49.41961],[20.41548,49.41947],[20.41543,49.41937],[20.41546,49.4193],[20.41554,49.41923],[20.41569,49.4192],[20.41587,49.4192],[20.416,49.41918],[20.41612,49.41911],[20.4162,49.41901],[20.41628,49.41882],[20.41659,49.41867],[20.41673,49.41859],[20.4169,49.41856],[20.41718,49.41861],[20.41751,49.41858],[20.41778,49.41852],[20.41801,49.41842],[20.41822,49.41827],[20.41831,49.41822],[20.41837,49.41823],[20.41843,49.41828],[20.41854,49.41844],[20.41862,49.41862],[20.41869,49.41875],[20.41882,49.41886],[20.41894,49.41894],[20.4191,49.41911],[20.41917,49.41923],[20.41919,49.41933],[20.41927,49.4194],[20.41956,49.41954],[20.4197,49.41967],[20.41991,49.41982],[20.41999,49.41968],[20.42006,49.41957],[20.42024,49.41951],[20.42029,49.41939],[20.4203,49.41929],[20.42023,49.41919],[20.42008,49.41904],[20.42005,49.41892],[20.4201,49.41883],[20.4202,49.41879],[20.42031,49.4188],[20.42035,49.41871],[20.42031,49.41862],[20.4203,49.41851],[20.42019,49.41835],[20.42014,49.41825],[20.42011,49.41812],[20.42003,49.41803],[20.42006,49.41789],[20.42019,49.4177],[20.42025,49.41757],[20.42028,49.41737],[20.42021,49.41707],[20.41999,49.41687],[20.41993,49.41675],[20.41974,49.41663],[20.41957,49.41648],[20.41932,49.41633],[20.41909,49.41616],[20.41879,49.41596],[20.41864,49.41571],[20.41847,49.41562],[20.4183,49.4155],[20.41815,49.41536],[20.41795,49.41508],[20.4179,49.41497],[20.41787,49.41484],[20.41787,49.41477],[20.41784,49.4147],[20.41772,49.41464],[20.41767,49.41463],[20.41761,49.41466],[20.41757,49.41469],[20.41752,49.41482],[20.41744,49.41487],[20.41731,49.41489],[20.41709,49.41488],[20.41691,49.41482],[20.41682,49.41477],[20.41657,49.41476],[20.41627,49.41468],[20.41611,49.41464],[20.41589,49.41448],[20.41575,49.41444],[20.41561,49.41444],[20.41547,49.41447],[20.41529,49.41448],[20.4152,49.41446],[20.41518,49.41443],[20.41511,49.41443],[20.41503,49.41441],[20.41483,49.41436],[20.41472,49.41429],[20.41465,49.41425],[20.41454,49.41423],[20.41445,49.41419],[20.41441,49.41416],[20.41435,49.41404],[20.41434,49.41398],[20.41431,49.41391],[20.41422,49.41383]]}},{"type":"Feature","properties":{"id":"R2","nazwa":"Velo Czorsztyn","slug":"velo-czorsztyn","adres":"/szlaki/velo-czorsztyn","dlugoscKm":27.1,"czasMin":136,"podejscieM":177,"trudnosc":"trudna","petla":false,"maSlad":true,"kolor":"#2f5d43"},"geometry":{"type":"LineString","coordinates":[[20.31778,49.42157],[20.31678,49.42206],[20.31491,49.42231],[20.31494,49.42239],[20.31181,49.42358],[20.31115,49.42416],[20.31066,49.42489],[20.31043,49.42581],[20.30959,49.42609],[20.30889,49.42614],[20.30837,49.426],[20.30805,49.42521],[20.30732,49.42468],[20.30677,49.42627],[20.30647,49.42643],[20.30472,49.42654],[20.30237,49.42705],[20.30024,49.42698],[20.29905,49.42676],[20.29856,49.42703],[20.29837,49.42731],[20.29673,49.42755],[20.29572,49.42795],[20.29455,49.42769],[20.29292,49.4277],[20.29212,49.42783],[20.29085,49.42768],[20.29035,49.42782],[20.29106,49.42846],[20.29342,49.42884],[20.29686,49.42961],[20.2986,49.42973],[20.29853,49.42981],[20.29604,49.4299],[20.29534,49.43012],[20.2942,49.43018],[20.28998,49.43004],[20.28676,49.42959],[20.28522,49.42952],[20.28124,49.43033],[20.27971,49.43034],[20.27764,49.42996],[20.27462,49.42987],[20.27575,49.43093],[20.27573,49.43136],[20.27538,49.43168],[20.27282,49.43254],[20.27049,49.43282],[20.27129,49.43336],[20.27319,49.43416],[20.27111,49.43518],[20.26918,49.43538],[20.26887,49.4344],[20.26843,49.43441],[20.26781,49.43475],[20.26699,49.43456],[20.2653,49.43458],[20.26398,49.43474],[20.26235,49.43537],[20.26136,49.43619],[20.2604,49.43643],[20.26027,49.43692],[20.26002,49.43709],[20.25912,49.43706],[20.25857,49.43722],[20.25831,49.43749],[20.25852,49.43794],[20.25734,49.43871],[20.25423,49.43945],[20.25318,49.43981],[20.25164,49.44],[20.24917,49.44086],[20.24634,49.44123],[20.24011,49.44249],[20.2392,49.44237],[20.23854,49.44213],[20.2384,49.44239],[20.23869,49.44252],[20.23879,49.44275],[20.23859,49.44346],[20.23782,49.44431],[20.23665,49.4426],[20.23888,49.44758],[20.23869,49.44804],[20.23583,49.4511],[20.23328,49.45232],[20.23157,49.45388],[20.2308,49.4542],[20.22346,49.45556],[20.21851,49.45503],[20.21802,49.45544],[20.21704,49.45548],[20.21548,49.45585],[20.21515,49.45579],[20.21471,49.45597],[20.21387,49.45564],[20.20945,49.45996],[20.20838,49.46122],[20.21563,49.46306],[20.22054,49.46634],[20.22175,49.46653],[20.22155,49.46678],[20.21997,49.46671],[20.22151,49.46667],[20.22553,49.46769],[20.2255,49.46781],[20.22436,49.46752],[20.2242,49.46734],[20.22426,49.46701],[20.22453,49.46673],[20.22622,49.466],[20.22668,49.46643],[20.22893,49.46627],[20.22996,49.46586],[20.23318,49.46554],[20.23432,49.46529],[20.23484,49.46492],[20.23514,49.46493],[20.23553,49.46465],[20.23703,49.46407],[20.23818,49.46402],[20.2407,49.46359],[20.24126,49.46364],[20.24221,49.46333],[20.24254,49.46348],[20.24275,49.46339],[20.24264,49.46322],[20.24282,49.46305],[20.24338,49.46277],[20.24416,49.4626],[20.2447,49.46262],[20.24505,49.46288],[20.24525,49.46285],[20.24528,49.46231],[20.2467,49.46183],[20.24744,49.46138],[20.24848,49.46117],[20.24847,49.46097],[20.24952,49.46001],[20.25089,49.45911],[20.25154,49.45847],[20.25183,49.4585],[20.25234,49.45902],[20.25295,49.45925],[20.25304,49.45868],[20.25236,49.45795],[20.25226,49.45761],[20.2526,49.45715],[20.25369,49.45644],[20.25423,49.45586],[20.25378,49.45452],[20.25413,49.45391],[20.25495,49.45342],[20.25518,49.45337],[20.25549,49.45354],[20.25572,49.45327],[20.25672,49.45303],[20.25709,49.45315],[20.25721,49.45401],[20.25745,49.45375],[20.25799,49.45355],[20.25813,49.45326],[20.25856,49.4533],[20.25895,49.45298],[20.25938,49.45287],[20.25987,49.45297],[20.25998,49.45316],[20.25981,49.4534],[20.26014,49.4535],[20.26053,49.45331],[20.26116,49.45244],[20.26147,49.45239],[20.26154,49.45198],[20.26225,49.45222],[20.26315,49.45222],[20.26353,49.45252],[20.26389,49.45253],[20.26374,49.45186],[20.26432,49.45142],[20.26546,49.45167],[20.26622,49.45198],[20.26711,49.45203],[20.26669,49.45177],[20.26608,49.45177],[20.26492,49.45148],[20.26449,49.45124],[20.26402,49.4513],[20.26373,49.45147],[20.26282,49.4514],[20.26243,49.45114],[20.26209,49.45041],[20.263,49.45033],[20.2656,49.44955],[20.26721,49.44922],[20.2694,49.44776],[20.26998,49.44667],[20.27074,49.44604],[20.27237,49.44519],[20.27378,49.44583],[20.27516,49.44665],[20.277,49.44843],[20.27862,49.44911],[20.2798,49.45022],[20.28049,49.44979],[20.28129,49.45004],[20.28169,49.45001],[20.28135,49.44742],[20.28152,49.44567],[20.28207,49.4453],[20.28298,49.44509],[20.28341,49.44524],[20.28368,49.44563],[20.28412,49.44581],[20.28462,49.44452],[20.28504,49.44404],[20.28592,49.44353],[20.2874,49.44294],[20.28814,49.44273],[20.28916,49.44274],[20.28939,49.44222],[20.28928,49.44195],[20.28953,49.44194],[20.29041,49.44121],[20.29073,49.44121],[20.29171,49.44047],[20.2924,49.44015],[20.29307,49.43948],[20.2937,49.43915],[20.29404,49.43862],[20.29454,49.43839],[20.29483,49.43801],[20.29455,49.43764],[20.2946,49.43731],[20.29515,49.43691],[20.29616,49.43668],[20.29707,49.43667],[20.2978,49.437],[20.29886,49.43717],[20.29934,49.43751],[20.2992,49.43797],[20.29935,49.43858],[20.29916,49.43907],[20.29973,49.44099],[20.29963,49.44139],[20.29913,49.44185],[20.29966,49.44215],[20.29999,49.44352],[20.29974,49.44395],[20.29959,49.44598],[20.29971,49.44612],[20.3016,49.4449],[20.30243,49.44466],[20.30288,49.44329],[20.30336,49.44287],[20.30411,49.44267],[20.30523,49.44286],[20.30557,49.44282],[20.30512,49.44216],[20.30506,49.44181],[20.30534,49.44149],[20.30631,49.4409],[20.30654,49.44049],[20.30693,49.43788],[20.30852,49.43774],[20.30892,49.43795],[20.30916,49.43842],[20.30988,49.43848],[20.30997,49.43757],[20.31046,49.43729],[20.31052,49.43698],[20.31075,49.4369]]}},{"type":"Feature","properties":{"id":"KP04","nazwa":"Watrisko","slug":"watrisko","adres":"/szlaki/watrisko","dlugoscKm":12.6,"czasMin":270,"podejscieM":807,"trudnosc":"trudna","petla":false,"maSlad":true,"kolor":"#1f6dad"},"geometry":{"type":"LineString","coordinates":[[20.48259,49.42514],[20.48233,49.42528],[20.48206,49.4254],[20.48187,49.42547],[20.48166,49.42555],[20.48153,49.4256],[20.48131,49.42569],[20.48107,49.42578],[20.48103,49.42574],[20.48097,49.42564],[20.48099,49.42562],[20.48104,49.42555],[20.48079,49.42555],[20.48074,49.42557],[20.48064,49.42542],[20.48034,49.4255],[20.48031,49.4252],[20.48047,49.42517],[20.48054,49.42512],[20.48058,49.42508],[20.48059,49.42503],[20.48057,49.42497],[20.48038,49.42468],[20.48037,49.42467],[20.48036,49.42465],[20.48025,49.42441],[20.48023,49.42436],[20.48021,49.42433],[20.4804,49.42429],[20.48087,49.42423],[20.48126,49.42415],[20.48145,49.42411],[20.4822,49.42392],[20.48249,49.42385],[20.48231,49.42361],[20.48225,49.42357],[20.48217,49.42354],[20.48205,49.42354],[20.48196,49.42356],[20.48193,49.42356],[20.48176,49.42362],[20.48154,49.42362],[20.48149,49.42361],[20.48146,49.42359],[20.48147,49.42356],[20.48151,49.4235],[20.48165,49.42339],[20.48182,49.42324],[20.48194,49.42309],[20.48211,49.42285],[20.48225,49.42257],[20.48229,49.42244],[20.48228,49.42231],[20.48219,49.42222],[20.48203,49.42223],[20.48182,49.42227],[20.48153,49.42233],[20.48131,49.42236],[20.48103,49.42238],[20.48073,49.42232],[20.48053,49.42223],[20.48038,49.42206],[20.48031,49.42194],[20.48028,49.42183],[20.48019,49.42161],[20.48008,49.42143],[20.47994,49.42127],[20.47987,49.42125],[20.47974,49.42124],[20.47939,49.42129],[20.47889,49.42132],[20.47865,49.42127],[20.47828,49.42114],[20.47805,49.42101],[20.47773,49.42091],[20.4775,49.42084],[20.47724,49.42079],[20.47701,49.4207],[20.47685,49.42059],[20.47675,49.42047],[20.4767,49.42029],[20.47671,49.42019],[20.47669,49.42002],[20.47666,49.41989],[20.47668,49.41978],[20.47679,49.41968],[20.47689,49.41963],[20.47692,49.41953],[20.477,49.41943],[20.47708,49.41937],[20.47707,49.41935],[20.47697,49.41929],[20.47691,49.41925],[20.4769,49.41919],[20.47681,49.41916],[20.47681,49.41915],[20.47687,49.4191],[20.47687,49.41906],[20.47684,49.41904],[20.47673,49.41903],[20.47652,49.41904],[20.4764,49.41899],[20.47635,49.41893],[20.47633,49.41892],[20.47631,49.41886],[20.47633,49.41881],[20.47645,49.41871],[20.47641,49.41848],[20.47642,49.41842],[20.47657,49.41837],[20.47658,49.4183],[20.47658,49.41821],[20.4759,49.41789],[20.47585,49.41779],[20.47586,49.41768],[20.47618,49.41733],[20.47631,49.41719],[20.47662,49.41692],[20.47679,49.41675],[20.47689,49.41648],[20.4769,49.41638],[20.47689,49.41633],[20.47688,49.41627],[20.4768,49.41597],[20.47668,49.41561],[20.4767,49.4154],[20.47674,49.41504],[20.47678,49.41472],[20.47685,49.41463],[20.47688,49.41427],[20.47668,49.41409],[20.47682,49.41393],[20.47682,49.4138],[20.4768,49.4137],[20.47674,49.41359],[20.47681,49.41343],[20.4769,49.41333],[20.47704,49.41318],[20.47707,49.41299],[20.47711,49.41284],[20.47726,49.41261],[20.47733,49.41251],[20.47764,49.41226],[20.47796,49.412],[20.47817,49.41185],[20.47833,49.41174],[20.47843,49.41166],[20.47875,49.41142],[20.47902,49.41132],[20.4793,49.41126],[20.47939,49.41121],[20.47959,49.411],[20.47992,49.41077],[20.48007,49.41073],[20.48023,49.41073],[20.48045,49.41062],[20.48064,49.41055],[20.48083,49.41052],[20.48098,49.41047],[20.48111,49.41034],[20.48144,49.41012],[20.48158,49.41009],[20.48165,49.41007],[20.48241,49.40978],[20.48311,49.40963],[20.48378,49.40959],[20.48418,49.40958],[20.48435,49.40957],[20.48459,49.40952],[20.48475,49.40946],[20.48492,49.4094],[20.48529,49.40924],[20.48563,49.40906],[20.48594,49.40897],[20.48634,49.40884],[20.48688,49.4087],[20.48734,49.40855],[20.48794,49.40846],[20.48862,49.40841],[20.48871,49.40833],[20.48878,49.40821],[20.48879,49.40819],[20.48892,49.40783],[20.48924,49.40741],[20.48939,49.40733],[20.48954,49.40725],[20.48986,49.40714],[20.49001,49.40698],[20.49059,49.40678],[20.49085,49.40674],[20.49121,49.40678],[20.49147,49.4068],[20.49178,49.40687],[20.49195,49.40688],[20.49228,49.40679],[20.49262,49.4068],[20.49293,49.40676],[20.49327,49.40672],[20.49339,49.40668],[20.49361,49.40661],[20.49394,49.40648],[20.4943,49.40625],[20.4948,49.40588],[20.49502,49.40579],[20.49519,49.40575],[20.49548,49.40567],[20.49573,49.4056],[20.49595,49.40557],[20.49656,49.40554],[20.4967,49.40554],[20.49682,49.40551],[20.49707,49.40546],[20.49729,49.40537],[20.49734,49.40532],[20.49761,49.40524],[20.4981,49.40511],[20.4983,49.40507],[20.49856,49.405],[20.49877,49.40492],[20.49895,49.40485],[20.49913,49.40482],[20.49933,49.40477],[20.49954,49.40469],[20.49976,49.40462],[20.50003,49.40454],[20.50022,49.40451],[20.50044,49.40447],[20.50064,49.40444],[20.5008,49.40438],[20.50091,49.40434],[20.50105,49.40433],[20.50131,49.40432],[20.50173,49.40425],[20.50198,49.40422],[20.50221,49.4042],[20.50235,49.4042],[20.50248,49.40419],[20.50261,49.40417],[20.50309,49.40409],[20.50329,49.40407],[20.50352,49.40401],[20.50378,49.40397],[20.50414,49.40386],[20.50427,49.40379],[20.50436,49.40374],[20.50443,49.40372],[20.50453,49.40372],[20.50461,49.40369],[20.50475,49.40364],[20.50485,49.4036],[20.50493,49.40352],[20.50491,49.40345],[20.50494,49.4034],[20.50508,49.40335],[20.5052,49.40327],[20.50529,49.4032],[20.50557,49.40288],[20.50574,49.40271],[20.50604,49.40255],[20.50632,49.40234],[20.5065,49.40226],[20.50671,49.40212],[20.50726,49.40176],[20.50748,49.40168],[20.508,49.40152],[20.5086,49.40121],[20.50941,49.40081],[20.50975,49.40057],[20.51092,49.39987],[20.51116,49.39964],[20.51134,49.39929],[20.5115,49.39886],[20.51162,49.39863],[20.5119,49.39786],[20.51222,49.39707],[20.51236,49.39677],[20.51252,49.39652],[20.51418,49.39545],[20.51467,49.39518],[20.51488,49.39509],[20.51509,49.39496],[20.51578,49.39474],[20.51599,49.39468],[20.51619,49.3946],[20.51631,49.39452],[20.51645,49.39436],[20.51659,49.39419],[20.51672,49.39409],[20.51699,49.39389],[20.51716,49.39372],[20.51729,49.39364],[20.51746,49.39359],[20.51775,49.39347],[20.51833,49.39317],[20.51969,49.39268],[20.51978,49.39264],[20.52055,49.39244],[20.52096,49.39231],[20.52151,49.3921],[20.52219,49.39175],[20.52321,49.39118],[20.52352,49.39096],[20.52379,49.39079],[20.52403,49.39068],[20.52426,49.39061],[20.52459,49.3905],[20.52593,49.39015],[20.52684,49.3898],[20.52807,49.38945],[20.52922,49.38911],[20.53005,49.38893],[20.5316,49.38831],[20.53245,49.38794],[20.53322,49.38757],[20.53417,49.38724],[20.53467,49.38706],[20.53527,49.38694],[20.5359,49.38689],[20.53676,49.38701],[20.53735,49.3871],[20.5378,49.38706],[20.53845,49.38696],[20.53892,49.38686],[20.53934,49.38675],[20.53999,49.38661],[20.54045,49.38651],[20.54213,49.38607],[20.54256,49.38594],[20.5434,49.38576],[20.54443,49.38562],[20.54485,49.38558],[20.54538,49.38558],[20.5463,49.38557],[20.54648,49.38556],[20.54752,49.38464],[20.54761,49.38459],[20.54809,49.38435],[20.54863,49.38418],[20.54892,49.38407],[20.54924,49.38398],[20.54954,49.38384],[20.55071,49.38314],[20.55096,49.38303],[20.55113,49.38297],[20.55125,49.38294],[20.55129,49.38284],[20.55129,49.38271],[20.55138,49.38256],[20.55159,49.38232],[20.55202,49.38207],[20.5524,49.38187],[20.55256,49.38167],[20.55282,49.38149],[20.55346,49.38125],[20.55361,49.38115],[20.55384,49.38099],[20.55395,49.38092],[20.55405,49.38094],[20.5544,49.38103],[20.55467,49.38101],[20.55507,49.38066],[20.55526,49.38057],[20.55532,49.38053],[20.55543,49.38041],[20.5555,49.38026],[20.55543,49.38041],[20.55532,49.38053],[20.55526,49.38057],[20.55507,49.38066],[20.55467,49.38101],[20.5544,49.38103],[20.55405,49.38094],[20.55395,49.38092],[20.55384,49.38099],[20.55361,49.38115],[20.55346,49.38125],[20.55282,49.38149],[20.55256,49.38167],[20.5524,49.38187],[20.55278,49.38199],[20.55301,49.38201],[20.55338,49.38204],[20.55354,49.38205],[20.55363,49.38209],[20.55373,49.38215],[20.55394,49.38233],[20.55425,49.38255],[20.55444,49.38256],[20.55469,49.38248],[20.55512,49.38241],[20.55535,49.38235],[20.55558,49.38226],[20.55586,49.3822],[20.55602,49.38213],[20.55627,49.38196],[20.55646,49.38176],[20.55692,49.38136],[20.55699,49.38127],[20.55708,49.38112],[20.55724,49.38094],[20.55726,49.38083],[20.55727,49.38076],[20.55731,49.38068],[20.5574,49.38053],[20.55742,49.38036],[20.55747,49.38019],[20.55746,49.38012],[20.55746,49.38007],[20.55746,49.38001],[20.55747,49.37993],[20.55749,49.37985],[20.55748,49.37978],[20.5575,49.37974],[20.55763,49.37961],[20.55778,49.37949],[20.55789,49.37941],[20.55796,49.37933],[20.55816,49.37918],[20.55836,49.3791],[20.55848,49.37905],[20.55861,49.37902],[20.55869,49.379],[20.55877,49.37896],[20.55888,49.37893],[20.55909,49.37891],[20.55915,49.3789],[20.55924,49.37892],[20.55932,49.37892],[20.55959,49.37894],[20.55972,49.379],[20.55983,49.37901],[20.56004,49.37903],[20.56033,49.37901],[20.56047,49.37906],[20.56055,49.37906],[20.56063,49.37906],[20.56072,49.37907],[20.56083,49.37911],[20.56107,49.37915],[20.56118,49.37914],[20.56135,49.37913],[20.56153,49.37912],[20.56171,49.37913],[20.56182,49.37916],[20.56204,49.37918],[20.56222,49.37929],[20.56244,49.37937],[20.56278,49.37942],[20.56313,49.37945],[20.56334,49.37943],[20.56556,49.37912],[20.56578,49.37906],[20.56608,49.37902],[20.56648,49.37902],[20.56691,49.37897],[20.56731,49.37898],[20.5675,49.37894],[20.56775,49.37884],[20.56811,49.37872],[20.56855,49.37862],[20.56875,49.37857],[20.56902,49.37846],[20.56915,49.3783],[20.56929,49.3782],[20.56943,49.37814],[20.56972,49.37799],[20.56985,49.37796],[20.56999,49.37794],[20.57026,49.37783],[20.57036,49.37781],[20.57047,49.37779],[20.57055,49.37775],[20.57063,49.37775],[20.57075,49.37771],[20.57081,49.37769],[20.57092,49.37766],[20.57106,49.37765],[20.57116,49.37762],[20.57125,49.37762],[20.57138,49.37764],[20.57155,49.37762],[20.57177,49.3776],[20.572,49.37752],[20.57209,49.37751],[20.57225,49.37745],[20.57243,49.37743],[20.57265,49.37734],[20.57275,49.37726],[20.57284,49.37716],[20.57302,49.37707],[20.57318,49.37702],[20.57336,49.37699],[20.57351,49.37697],[20.57373,49.37689],[20.57395,49.37688],[20.57421,49.37684],[20.57432,49.37684],[20.57475,49.37684],[20.57514,49.37688],[20.57553,49.37698],[20.57583,49.37712],[20.57596,49.37718],[20.57604,49.37727],[20.57619,49.37732],[20.57632,49.37742],[20.57644,49.37756],[20.57647,49.37765],[20.57666,49.37806],[20.57683,49.3786],[20.57693,49.37895],[20.57733,49.37937],[20.57756,49.37964],[20.57761,49.3797],[20.57793,49.38016],[20.5782,49.38051],[20.57878,49.38104],[20.57907,49.38131],[20.57929,49.38147],[20.57964,49.38179],[20.57971,49.38197],[20.57987,49.38242],[20.57992,49.38263],[20.57998,49.38292],[20.58003,49.38296],[20.58014,49.38301],[20.58025,49.38304],[20.58037,49.3831],[20.58054,49.38323],[20.58076,49.38338],[20.58094,49.3835]]}},{"type":"Feature","properties":{"id":"5D","nazwa":"Wąwóz Homole","slug":"wawoz-homole","adres":"/szlaki/wawoz-homole","dlugoscKm":1.6,"czasMin":38,"podejscieM":146,"trudnosc":"latwa","petla":false,"maSlad":true,"kolor":"#2b7a4b"},"geometry":{"type":"LineString","coordinates":[[20.54762,49.40598],[20.54746,49.40599],[20.54723,49.40568],[20.54723,49.40565],[20.54724,49.40562],[20.54725,49.40557],[20.54749,49.40542],[20.54765,49.40532],[20.54778,49.40518],[20.54804,49.40476],[20.54805,49.40454],[20.54798,49.40437],[20.54791,49.40425],[20.54799,49.40415],[20.54806,49.40402],[20.54795,49.40394],[20.54796,49.40386],[20.54802,49.40376],[20.54816,49.40361],[20.54817,49.40341],[20.54809,49.40324],[20.54805,49.40312],[20.54811,49.40307],[20.54855,49.40273],[20.54875,49.40259],[20.54895,49.40248],[20.549,49.40238],[20.54898,49.40235],[20.54898,49.40235],[20.54896,49.40233],[20.54894,49.4023],[20.54892,49.40227],[20.54891,49.40208],[20.54895,49.40195],[20.549,49.40181],[20.54906,49.40169],[20.54925,49.4015],[20.54951,49.40139],[20.54966,49.4013],[20.54979,49.40122],[20.55016,49.40075],[20.5503,49.40067],[20.55031,49.40053],[20.55039,49.40034],[20.55045,49.4001],[20.55056,49.39953],[20.55054,49.39939],[20.55054,49.39925],[20.55058,49.39915],[20.5506,49.39908],[20.55066,49.39884],[20.55073,49.39878],[20.55098,49.39859],[20.55152,49.3983],[20.55174,49.39818],[20.55193,49.39818],[20.55207,49.39811],[20.55224,49.39808],[20.55233,49.39798],[20.55238,49.39785],[20.55252,49.39759],[20.55275,49.39732],[20.55314,49.39708],[20.55318,49.39682],[20.55327,49.39677],[20.55354,49.39676],[20.55367,49.39676],[20.55392,49.39685],[20.55398,49.39687],[20.55423,49.39696],[20.55436,49.39696],[20.55468,49.39714],[20.55487,49.39719],[20.55492,49.39728],[20.55506,49.39736],[20.55556,49.39739],[20.55597,49.39743],[20.55611,49.39754],[20.55608,49.39766],[20.55597,49.39776],[20.55593,49.39778],[20.5562,49.39788],[20.55626,49.39794],[20.55637,49.39826]]}},{"type":"Feature","properties":{"id":"6D","nazwa":"Wąwóz Szopczański","slug":"wawoz-szopczanski","adres":"/szlaki/wawoz-szopczanski","dlugoscKm":1,"czasMin":30,"podejscieM":149,"trudnosc":"latwa","petla":false,"maSlad":true,"kolor":"#1f6dad"},"geometry":{"type":"LineString","coordinates":[[20.41109,49.40519],[20.41111,49.40561],[20.41108,49.40572],[20.41109,49.40593],[20.41109,49.40622],[20.41108,49.40639],[20.41102,49.4066],[20.41091,49.4068],[20.41073,49.40704],[20.41072,49.40709],[20.41063,49.40716],[20.41058,49.40725],[20.41056,49.40741],[20.41053,49.40754],[20.41044,49.40766],[20.41024,49.40783],[20.40999,49.40798],[20.40977,49.40819],[20.40937,49.40859],[20.40926,49.40871],[20.40891,49.40908],[20.40875,49.40925],[20.40866,49.40935],[20.40862,49.4095],[20.40862,49.40982],[20.40848,49.4104],[20.40841,49.41045],[20.40809,49.41057],[20.40802,49.41063],[20.40781,49.41087],[20.40762,49.41112],[20.40724,49.41131],[20.40711,49.41141],[20.40703,49.41151],[20.4067,49.41168],[20.40633,49.41204],[20.40615,49.41215],[20.40602,49.41225],[20.40567,49.4126],[20.40537,49.41277]]}},{"type":"Feature","properties":{"id":"KP03","nazwa":"Wierchliczka","slug":"wierchliczka","adres":"/szlaki/wierchliczka","dlugoscKm":13.6,"czasMin":286,"podejscieM":823,"trudnosc":"trudna","petla":false,"maSlad":true,"kolor":"#1f6dad"},"geometry":{"type":"LineString","coordinates":[[20.48259,49.42514],[20.48233,49.42528],[20.48206,49.4254],[20.48187,49.42547],[20.48166,49.42555],[20.48153,49.4256],[20.48131,49.42569],[20.48107,49.42578],[20.48103,49.42574],[20.48097,49.42564],[20.48099,49.42562],[20.48104,49.42555],[20.48079,49.42555],[20.48074,49.42557],[20.48064,49.42542],[20.48034,49.4255],[20.48031,49.4252],[20.48047,49.42517],[20.48054,49.42512],[20.48058,49.42508],[20.48059,49.42503],[20.48057,49.42497],[20.48038,49.42468],[20.48037,49.42467],[20.48036,49.42465],[20.48025,49.42441],[20.48023,49.42436],[20.48021,49.42433],[20.4804,49.42429],[20.48087,49.42423],[20.48126,49.42415],[20.48145,49.42411],[20.4822,49.42392],[20.48249,49.42385],[20.48231,49.42361],[20.48225,49.42357],[20.48217,49.42354],[20.48205,49.42354],[20.48196,49.42356],[20.48193,49.42356],[20.48176,49.42362],[20.48154,49.42362],[20.48149,49.42361],[20.48146,49.42359],[20.48147,49.42356],[20.48151,49.4235],[20.48165,49.42339],[20.48182,49.42324],[20.48194,49.42309],[20.48211,49.42285],[20.48225,49.42257],[20.48229,49.42244],[20.48228,49.42231],[20.48219,49.42222],[20.48203,49.42223],[20.48182,49.42227],[20.48153,49.42233],[20.48131,49.42236],[20.48103,49.42238],[20.48073,49.42232],[20.48053,49.42223],[20.48038,49.42206],[20.48031,49.42194],[20.48028,49.42183],[20.48019,49.42161],[20.48008,49.42143],[20.47994,49.42127],[20.47987,49.42125],[20.47974,49.42124],[20.47939,49.42129],[20.47889,49.42132],[20.47865,49.42127],[20.47828,49.42114],[20.47805,49.42101],[20.47773,49.42091],[20.4775,49.42084],[20.47724,49.42079],[20.47701,49.4207],[20.47685,49.42059],[20.47675,49.42047],[20.4767,49.42029],[20.47671,49.42019],[20.47669,49.42002],[20.47666,49.41989],[20.47668,49.41978],[20.47679,49.41968],[20.47689,49.41963],[20.47692,49.41953],[20.477,49.41943],[20.47708,49.41937],[20.47707,49.41935],[20.47697,49.41929],[20.47691,49.41925],[20.4769,49.41919],[20.47681,49.41916],[20.47681,49.41915],[20.47687,49.4191],[20.47687,49.41906],[20.47684,49.41904],[20.47673,49.41903],[20.47652,49.41904],[20.4764,49.41899],[20.47635,49.41893],[20.47633,49.41892],[20.47631,49.41886],[20.47633,49.41881],[20.47645,49.41871],[20.47641,49.41848],[20.47642,49.41842],[20.47657,49.41837],[20.47658,49.4183],[20.47658,49.41821],[20.4759,49.41789],[20.47585,49.41779],[20.47586,49.41768],[20.47618,49.41733],[20.47631,49.41719],[20.47662,49.41692],[20.47679,49.41675],[20.47689,49.41648],[20.4769,49.41638],[20.47689,49.41633],[20.47688,49.41627],[20.4768,49.41597],[20.47668,49.41561],[20.4767,49.4154],[20.47674,49.41504],[20.47678,49.41472],[20.47685,49.41463],[20.47688,49.41427],[20.47668,49.41409],[20.47682,49.41393],[20.47682,49.4138],[20.4768,49.4137],[20.47674,49.41359],[20.47681,49.41343],[20.4769,49.41333],[20.47704,49.41318],[20.47707,49.41299],[20.47711,49.41284],[20.47726,49.41261],[20.47733,49.41251],[20.47764,49.41226],[20.47796,49.412],[20.47817,49.41185],[20.47833,49.41174],[20.47843,49.41166],[20.47875,49.41142],[20.47902,49.41132],[20.4793,49.41126],[20.47939,49.41121],[20.47959,49.411],[20.47992,49.41077],[20.48007,49.41073],[20.48023,49.41073],[20.48045,49.41062],[20.48064,49.41055],[20.48083,49.41052],[20.48098,49.41047],[20.48111,49.41034],[20.48144,49.41012],[20.48158,49.41009],[20.48165,49.41007],[20.48241,49.40978],[20.48311,49.40963],[20.48378,49.40959],[20.48418,49.40958],[20.48435,49.40957],[20.48459,49.40952],[20.48475,49.40946],[20.48492,49.4094],[20.48529,49.40924],[20.48563,49.40906],[20.48594,49.40897],[20.48634,49.40884],[20.48688,49.4087],[20.48734,49.40855],[20.48794,49.40846],[20.48862,49.40841],[20.48871,49.40833],[20.48878,49.40821],[20.48879,49.40819],[20.48892,49.40783],[20.48924,49.40741],[20.48939,49.40733],[20.48954,49.40725],[20.48986,49.40714],[20.49001,49.40698],[20.49059,49.40678],[20.49085,49.40674],[20.49121,49.40678],[20.49147,49.4068],[20.49178,49.40687],[20.49195,49.40688],[20.49228,49.40679],[20.49262,49.4068],[20.49293,49.40676],[20.49327,49.40672],[20.49339,49.40668],[20.49361,49.40661],[20.49394,49.40648],[20.4943,49.40625],[20.4948,49.40588],[20.49502,49.40579],[20.49519,49.40575],[20.49548,49.40567],[20.49573,49.4056],[20.49595,49.40557],[20.49656,49.40554],[20.4967,49.40554],[20.49682,49.40551],[20.49707,49.40546],[20.49729,49.40537],[20.49734,49.40532],[20.49761,49.40524],[20.4981,49.40511],[20.4983,49.40507],[20.49856,49.405],[20.49877,49.40492],[20.49895,49.40485],[20.49913,49.40482],[20.49933,49.40477],[20.49954,49.40469],[20.49976,49.40462],[20.50003,49.40454],[20.50022,49.40451],[20.50044,49.40447],[20.50064,49.40444],[20.5008,49.40438],[20.50091,49.40434],[20.50105,49.40433],[20.50131,49.40432],[20.50173,49.40425],[20.50198,49.40422],[20.50221,49.4042],[20.50235,49.4042],[20.50248,49.40419],[20.50261,49.40417],[20.50309,49.40409],[20.50329,49.40407],[20.50352,49.40401],[20.50378,49.40397],[20.50414,49.40386],[20.50427,49.40379],[20.50436,49.40374],[20.50443,49.40372],[20.50453,49.40372],[20.50461,49.40369],[20.50475,49.40364],[20.50485,49.4036],[20.50493,49.40352],[20.50491,49.40345],[20.50494,49.4034],[20.50508,49.40335],[20.5052,49.40327],[20.50529,49.4032],[20.50557,49.40288],[20.50574,49.40271],[20.50604,49.40255],[20.50632,49.40234],[20.5065,49.40226],[20.50671,49.40212],[20.50726,49.40176],[20.50748,49.40168],[20.508,49.40152],[20.5086,49.40121],[20.50941,49.40081],[20.50975,49.40057],[20.51092,49.39987],[20.51116,49.39964],[20.51134,49.39929],[20.5115,49.39886],[20.51162,49.39863],[20.5119,49.39786],[20.51222,49.39707],[20.51236,49.39677],[20.51252,49.39652],[20.51418,49.39545],[20.51467,49.39518],[20.51488,49.39509],[20.51509,49.39496],[20.51578,49.39474],[20.51599,49.39468],[20.51619,49.3946],[20.51631,49.39452],[20.51645,49.39436],[20.51659,49.39419],[20.51672,49.39409],[20.51699,49.39389],[20.51716,49.39372],[20.51729,49.39364],[20.51746,49.39359],[20.51775,49.39347],[20.51833,49.39317],[20.51969,49.39268],[20.51978,49.39264],[20.52055,49.39244],[20.52096,49.39231],[20.52151,49.3921],[20.52219,49.39175],[20.52321,49.39118],[20.52352,49.39096],[20.52379,49.39079],[20.52403,49.39068],[20.52426,49.39061],[20.52459,49.3905],[20.52593,49.39015],[20.52684,49.3898],[20.52807,49.38945],[20.52922,49.38911],[20.53005,49.38893],[20.5316,49.38831],[20.53245,49.38794],[20.53322,49.38757],[20.53417,49.38724],[20.53467,49.38706],[20.53527,49.38694],[20.5359,49.38689],[20.53676,49.38701],[20.53735,49.3871],[20.5378,49.38706],[20.53845,49.38696],[20.53892,49.38686],[20.53934,49.38675],[20.53999,49.38661],[20.54045,49.38651],[20.54213,49.38607],[20.54256,49.38594],[20.5434,49.38576],[20.54443,49.38562],[20.54485,49.38558],[20.54538,49.38558],[20.5463,49.38557],[20.54648,49.38556],[20.54752,49.38464],[20.54761,49.38459],[20.54809,49.38435],[20.54863,49.38418],[20.54892,49.38407],[20.54924,49.38398],[20.54954,49.38384],[20.55071,49.38314],[20.55096,49.38303],[20.55113,49.38297],[20.55125,49.38294],[20.55129,49.38284],[20.55129,49.38271],[20.55138,49.38256],[20.55159,49.38232],[20.55202,49.38207],[20.5524,49.38187],[20.55256,49.38167],[20.55282,49.38149],[20.55346,49.38125],[20.55361,49.38115],[20.55384,49.38099],[20.55395,49.38092],[20.55405,49.38094],[20.5544,49.38103],[20.55467,49.38101],[20.55507,49.38066],[20.55526,49.38057],[20.55532,49.38053],[20.55543,49.38041],[20.5555,49.38026],[20.55543,49.38041],[20.55532,49.38053],[20.55526,49.38057],[20.55507,49.38066],[20.55467,49.38101],[20.5544,49.38103],[20.55405,49.38094],[20.55395,49.38092],[20.55384,49.38099],[20.55361,49.38115],[20.55346,49.38125],[20.55282,49.38149],[20.55256,49.38167],[20.5524,49.38187],[20.55278,49.38199],[20.55301,49.38201],[20.55338,49.38204],[20.55354,49.38205],[20.55363,49.38209],[20.55373,49.38215],[20.55394,49.38233],[20.55425,49.38255],[20.55444,49.38256],[20.55469,49.38248],[20.55512,49.38241],[20.55535,49.38235],[20.55558,49.38226],[20.55586,49.3822],[20.55602,49.38213],[20.55627,49.38196],[20.55646,49.38176],[20.55692,49.38136],[20.55699,49.38127],[20.55708,49.38112],[20.55724,49.38094],[20.55726,49.38083],[20.55727,49.38076],[20.55731,49.38068],[20.5574,49.38053],[20.55742,49.38036],[20.55747,49.38019],[20.55746,49.38012],[20.55746,49.38007],[20.55746,49.38001],[20.55747,49.37993],[20.55749,49.37985],[20.55748,49.37978],[20.5575,49.37974],[20.55763,49.37961],[20.55778,49.37949],[20.55789,49.37941],[20.55796,49.37933],[20.55816,49.37918],[20.55836,49.3791],[20.55848,49.37905],[20.55861,49.37902],[20.55869,49.379],[20.55877,49.37896],[20.55888,49.37893],[20.55909,49.37891],[20.55915,49.3789],[20.55924,49.37892],[20.55932,49.37892],[20.55959,49.37894],[20.55972,49.379],[20.55983,49.37901],[20.56004,49.37903],[20.56033,49.37901],[20.56047,49.37906],[20.56055,49.37906],[20.56063,49.37906],[20.56072,49.37907],[20.56083,49.37911],[20.56107,49.37915],[20.56118,49.37914],[20.56135,49.37913],[20.56153,49.37912],[20.56171,49.37913],[20.56182,49.37916],[20.56204,49.37918],[20.56222,49.37929],[20.56244,49.37937],[20.56278,49.37942],[20.56313,49.37945],[20.56334,49.37943],[20.56556,49.37912],[20.56578,49.37906],[20.56608,49.37902],[20.56648,49.37902],[20.56691,49.37897],[20.56731,49.37898],[20.5675,49.37894],[20.56775,49.37884],[20.56811,49.37872],[20.56855,49.37862],[20.56875,49.37857],[20.56902,49.37846],[20.56915,49.3783],[20.56929,49.3782],[20.56943,49.37814],[20.56972,49.37799],[20.56985,49.37796],[20.56999,49.37794],[20.57026,49.37783],[20.57036,49.37781],[20.57047,49.37779],[20.57055,49.37775],[20.57063,49.37775],[20.57075,49.37771],[20.57081,49.37769],[20.57092,49.37766],[20.57106,49.37765],[20.57116,49.37762],[20.57125,49.37762],[20.57138,49.37764],[20.57155,49.37762],[20.57177,49.3776],[20.572,49.37752],[20.57209,49.37751],[20.57225,49.37745],[20.57243,49.37743],[20.57265,49.37734],[20.57275,49.37726],[20.57284,49.37716],[20.57302,49.37707],[20.57318,49.37702],[20.57336,49.37699],[20.57351,49.37697],[20.57373,49.37689],[20.57395,49.37688],[20.57421,49.37684],[20.57432,49.37684],[20.57475,49.37684],[20.57514,49.37688],[20.57553,49.37698],[20.57583,49.37712],[20.57596,49.37718],[20.57604,49.37727],[20.57619,49.37732],[20.57632,49.37742],[20.57644,49.37756],[20.57647,49.37765],[20.57666,49.37806],[20.57683,49.3786],[20.57693,49.37895],[20.57733,49.37937],[20.57756,49.37964],[20.57761,49.3797],[20.57793,49.38016],[20.5782,49.38051],[20.57878,49.38104],[20.57907,49.38131],[20.57929,49.38147],[20.57964,49.38179],[20.57971,49.38197],[20.57987,49.38242],[20.57992,49.38263],[20.57998,49.38292],[20.58003,49.38296],[20.58014,49.38301],[20.58025,49.38304],[20.58037,49.3831],[20.58054,49.38323],[20.58076,49.38338],[20.58094,49.3835],[20.58111,49.38359],[20.58125,49.38367],[20.58139,49.38381],[20.58156,49.38393],[20.58189,49.38409],[20.58207,49.38415],[20.58252,49.38432],[20.58281,49.38444],[20.58344,49.38466],[20.58367,49.3848],[20.5839,49.38487],[20.58452,49.38506],[20.58478,49.38516],[20.58503,49.3853],[20.5852,49.38542],[20.58544,49.38548],[20.58561,49.38553],[20.58585,49.38553],[20.58604,49.38555],[20.58639,49.38561],[20.58667,49.38561],[20.58686,49.38556],[20.58748,49.38539],[20.58793,49.38527],[20.58859,49.38503],[20.58882,49.38493],[20.58897,49.3849],[20.58919,49.38484],[20.58969,49.3847],[20.59031,49.38454],[20.59046,49.38452],[20.59105,49.38436],[20.59137,49.38426],[20.59174,49.38412],[20.59195,49.38406],[20.5922,49.38402],[20.59252,49.38397]]}},{"type":"Feature","properties":{"id":"KP21","nazwa":"Witkula","slug":"witkula","adres":"/szlaki/witkula","dlugoscKm":2.6,"czasMin":67,"podejscieM":280,"trudnosc":"latwa","petla":false,"maSlad":true,"kolor":"#d69a00"},"geometry":{"type":"LineString","coordinates":[[20.48259,49.42514],[20.48233,49.42528],[20.48206,49.4254],[20.48187,49.42547],[20.48166,49.42555],[20.48153,49.4256],[20.48131,49.42569],[20.48107,49.42578],[20.48103,49.42574],[20.48097,49.42564],[20.48099,49.42562],[20.48104,49.42555],[20.48079,49.42555],[20.48074,49.42557],[20.48064,49.42542],[20.48034,49.4255],[20.48031,49.4252],[20.48047,49.42517],[20.48054,49.42512],[20.48058,49.42508],[20.48059,49.42503],[20.48057,49.42497],[20.48038,49.42468],[20.48037,49.42467],[20.48036,49.42465],[20.48025,49.42441],[20.48023,49.42436],[20.48021,49.42433],[20.4804,49.42429],[20.48087,49.42423],[20.48126,49.42415],[20.48145,49.42411],[20.4822,49.42392],[20.48249,49.42385],[20.48231,49.42361],[20.48225,49.42357],[20.48217,49.42354],[20.48205,49.42354],[20.48196,49.42356],[20.48193,49.42356],[20.48176,49.42362],[20.48154,49.42362],[20.48149,49.42361],[20.48146,49.42359],[20.48147,49.42356],[20.48151,49.4235],[20.48165,49.42339],[20.48182,49.42324],[20.48194,49.42309],[20.48211,49.42285],[20.48225,49.42257],[20.48229,49.42244],[20.48228,49.42231],[20.48219,49.42222],[20.48203,49.42223],[20.48182,49.42227],[20.48153,49.42233],[20.48131,49.42236],[20.48103,49.42238],[20.48073,49.42232],[20.48053,49.42223],[20.48038,49.42206],[20.48031,49.42194],[20.48028,49.42183],[20.48019,49.42161],[20.48008,49.42143],[20.47994,49.42127],[20.47987,49.42125],[20.47974,49.42124],[20.47939,49.42129],[20.47889,49.42132],[20.47865,49.42127],[20.47828,49.42114],[20.47805,49.42101],[20.47773,49.42091],[20.4775,49.42084],[20.47724,49.42079],[20.47701,49.4207],[20.47685,49.42059],[20.47675,49.42047],[20.4767,49.42029],[20.47671,49.42019],[20.47669,49.42002],[20.47666,49.41989],[20.47668,49.41978],[20.47679,49.41968],[20.47689,49.41963],[20.47692,49.41953],[20.477,49.41943],[20.47708,49.41937],[20.47707,49.41935],[20.47697,49.41929],[20.47691,49.41925],[20.4769,49.41919],[20.47681,49.41916],[20.47681,49.41915],[20.47687,49.4191],[20.47687,49.41906],[20.47684,49.41904],[20.47673,49.41903],[20.47652,49.41904],[20.4764,49.41899],[20.47635,49.41893],[20.47633,49.41892],[20.47631,49.41886],[20.47633,49.41881],[20.47645,49.41871],[20.47641,49.41848],[20.47642,49.41842],[20.47657,49.41837],[20.47658,49.4183],[20.47658,49.41821],[20.4759,49.41789],[20.47585,49.41779],[20.47586,49.41768],[20.47618,49.41733],[20.47631,49.41719],[20.47662,49.41692],[20.47679,49.41675],[20.47689,49.41648],[20.4769,49.41638],[20.47689,49.41633],[20.47688,49.41627],[20.4768,49.41597],[20.47668,49.41561],[20.4767,49.4154],[20.47674,49.41504],[20.47678,49.41472],[20.47685,49.41463],[20.47688,49.41427],[20.47668,49.41409],[20.47682,49.41393],[20.47682,49.4138],[20.4768,49.4137],[20.47674,49.41359],[20.47664,49.41367],[20.4765,49.41382],[20.47644,49.41389],[20.47635,49.41398],[20.47623,49.41408],[20.4761,49.41412],[20.47623,49.41408],[20.47635,49.41398],[20.47644,49.41389],[20.4765,49.41382],[20.47664,49.41367],[20.47674,49.41359],[20.47681,49.41343],[20.4769,49.41333],[20.47704,49.41318],[20.47707,49.41299],[20.47711,49.41284],[20.47726,49.41261],[20.47733,49.41251],[20.47764,49.41226],[20.47796,49.412],[20.47817,49.41185]]}},{"type":"Feature","properties":{"id":"1D","nazwa":"Wodospad Zaskalnik","slug":"wodospad-zaskalnik","adres":"/szlaki/wodospad-zaskalnik","dlugoscKm":2.7,"czasMin":53,"podejscieM":121,"trudnosc":"latwa","petla":false,"maSlad":true,"kolor":"#2b7a4b"},"geometry":{"type":"LineString","coordinates":[[20.48259,49.42514],[20.48271,49.42521],[20.48288,49.4253],[20.48303,49.42538],[20.48307,49.42536],[20.48317,49.42538],[20.48355,49.42558],[20.48386,49.42575],[20.484,49.42581],[20.48455,49.42599],[20.48465,49.42605],[20.48471,49.42602],[20.48482,49.42596],[20.48485,49.42594],[20.48502,49.42589],[20.48502,49.42587],[20.485,49.42584],[20.48519,49.42581],[20.48516,49.42574],[20.48531,49.42572],[20.48532,49.42575],[20.48549,49.42572],[20.48556,49.42574],[20.48563,49.4259],[20.48604,49.42584],[20.48614,49.42598],[20.48624,49.42606],[20.48633,49.42614],[20.48669,49.42637],[20.48693,49.42651],[20.48695,49.4265],[20.48712,49.4263],[20.48722,49.42626],[20.48723,49.42594],[20.48746,49.42588],[20.48758,49.42585],[20.48764,49.42586],[20.48806,49.4257],[20.48811,49.42569],[20.48829,49.42564],[20.48833,49.42562],[20.4884,49.4256],[20.48843,49.42558],[20.48854,49.42555],[20.48856,49.42555],[20.48903,49.42543],[20.48975,49.42524],[20.491,49.42492],[20.49104,49.42492],[20.49112,49.42491],[20.49147,49.42475],[20.49184,49.42455],[20.49194,49.42449],[20.49241,49.4242],[20.49267,49.42429],[20.49325,49.42449],[20.49343,49.42456],[20.49364,49.42468],[20.49385,49.42476],[20.49441,49.42489],[20.49483,49.42504],[20.49529,49.4252],[20.49544,49.42529],[20.49557,49.42544],[20.49577,49.42584],[20.49586,49.42599],[20.49619,49.42639],[20.49672,49.42678],[20.49687,49.42701],[20.49691,49.42742],[20.49724,49.4277],[20.49793,49.42833],[20.49831,49.42855],[20.49846,49.42861],[20.49894,49.42882],[20.49906,49.42894],[20.49909,49.42923],[20.49935,49.42963],[20.49963,49.43006],[20.49972,49.43012],[20.50009,49.4304],[20.50014,49.43041],[20.50019,49.43043],[20.5003,49.43041],[20.50044,49.43071],[20.50063,49.43087],[20.50093,49.43103],[20.50115,49.43118],[20.50122,49.4314],[20.50115,49.43168],[20.50106,49.43231],[20.50114,49.43244],[20.50157,49.43279],[20.50244,49.43349],[20.50269,49.43383],[20.50291,49.4347],[20.50293,49.43544],[20.50304,49.43587],[20.50331,49.43646],[20.50333,49.43673],[20.50335,49.43683],[20.50339,49.43691],[20.50345,49.43698],[20.50351,49.43706],[20.50366,49.43705],[20.50369,49.43704],[20.50372,49.43702],[20.50376,49.43701],[20.50379,49.43699]]}},{"type":"Feature","properties":{"id":"KP01","nazwa":"Wysoka (Wysokie Skałki)","slug":"wysoka-wysokie-skalki","adres":"/szlaki/wysoka-wysokie-skalki","dlugoscKm":10.8,"czasMin":233,"podejscieM":714,"trudnosc":"trudna","petla":false,"maSlad":true,"kolor":"#d69a00"},"geometry":{"type":"LineString","coordinates":[[20.48259,49.42514],[20.48233,49.42528],[20.48206,49.4254],[20.48187,49.42547],[20.48166,49.42555],[20.48153,49.4256],[20.48131,49.42569],[20.48107,49.42578],[20.48103,49.42574],[20.48097,49.42564],[20.48099,49.42562],[20.48104,49.42555],[20.48079,49.42555],[20.48074,49.42557],[20.48064,49.42542],[20.48034,49.4255],[20.48031,49.4252],[20.48047,49.42517],[20.48054,49.42512],[20.48058,49.42508],[20.48059,49.42503],[20.48057,49.42497],[20.48038,49.42468],[20.48037,49.42467],[20.48036,49.42465],[20.48025,49.42441],[20.48023,49.42436],[20.48021,49.42433],[20.4804,49.42429],[20.48087,49.42423],[20.48126,49.42415],[20.48145,49.42411],[20.4822,49.42392],[20.48249,49.42385],[20.48231,49.42361],[20.48225,49.42357],[20.48217,49.42354],[20.48205,49.42354],[20.48196,49.42356],[20.48193,49.42356],[20.48176,49.42362],[20.48154,49.42362],[20.48149,49.42361],[20.48146,49.42359],[20.48147,49.42356],[20.48151,49.4235],[20.48165,49.42339],[20.48182,49.42324],[20.48194,49.42309],[20.48211,49.42285],[20.48225,49.42257],[20.48229,49.42244],[20.48228,49.42231],[20.48219,49.42222],[20.48203,49.42223],[20.48182,49.42227],[20.48153,49.42233],[20.48131,49.42236],[20.48103,49.42238],[20.48073,49.42232],[20.48053,49.42223],[20.48038,49.42206],[20.48031,49.42194],[20.48028,49.42183],[20.48019,49.42161],[20.48008,49.42143],[20.47994,49.42127],[20.47987,49.42125],[20.47974,49.42124],[20.47939,49.42129],[20.47889,49.42132],[20.47865,49.42127],[20.47828,49.42114],[20.47805,49.42101],[20.47773,49.42091],[20.4775,49.42084],[20.47724,49.42079],[20.47701,49.4207],[20.47685,49.42059],[20.47675,49.42047],[20.4767,49.42029],[20.47671,49.42019],[20.47669,49.42002],[20.47666,49.41989],[20.47668,49.41978],[20.47679,49.41968],[20.47689,49.41963],[20.47692,49.41953],[20.477,49.41943],[20.47708,49.41937],[20.47707,49.41935],[20.47697,49.41929],[20.47691,49.41925],[20.4769,49.41919],[20.47681,49.41916],[20.47681,49.41915],[20.47687,49.4191],[20.47687,49.41906],[20.47684,49.41904],[20.47673,49.41903],[20.47652,49.41904],[20.4764,49.41899],[20.47635,49.41893],[20.47633,49.41892],[20.47631,49.41886],[20.47633,49.41881],[20.47645,49.41871],[20.47641,49.41848],[20.47642,49.41842],[20.47657,49.41837],[20.47658,49.4183],[20.47658,49.41821],[20.4759,49.41789],[20.47585,49.41779],[20.47586,49.41768],[20.47618,49.41733],[20.47631,49.41719],[20.47662,49.41692],[20.47679,49.41675],[20.47689,49.41648],[20.4769,49.41638],[20.47689,49.41633],[20.47688,49.41627],[20.4768,49.41597],[20.47668,49.41561],[20.4767,49.4154],[20.47674,49.41504],[20.47678,49.41472],[20.47685,49.41463],[20.47688,49.41427],[20.47668,49.41409],[20.47682,49.41393],[20.47682,49.4138],[20.4768,49.4137],[20.47674,49.41359],[20.47664,49.41367],[20.4765,49.41382],[20.47644,49.41389],[20.47635,49.41398],[20.47623,49.41408],[20.4761,49.41412],[20.47623,49.41408],[20.47635,49.41398],[20.47644,49.41389],[20.4765,49.41382],[20.47664,49.41367],[20.47674,49.41359],[20.47681,49.41343],[20.4769,49.41333],[20.47704,49.41318],[20.47707,49.41299],[20.47711,49.41284],[20.47726,49.41261],[20.47733,49.41251],[20.47764,49.41226],[20.47796,49.412],[20.47817,49.41185],[20.47833,49.41174],[20.47843,49.41166],[20.47875,49.41142],[20.47902,49.41132],[20.4793,49.41126],[20.47939,49.41121],[20.47959,49.411],[20.47992,49.41077],[20.48007,49.41073],[20.48023,49.41073],[20.48045,49.41062],[20.48064,49.41055],[20.48083,49.41052],[20.48098,49.41047],[20.48111,49.41034],[20.48144,49.41012],[20.48158,49.41009],[20.48165,49.41007],[20.48241,49.40978],[20.48311,49.40963],[20.48378,49.40959],[20.48418,49.40958],[20.48435,49.40957],[20.48459,49.40952],[20.48475,49.40946],[20.48492,49.4094],[20.48529,49.40924],[20.48563,49.40906],[20.48594,49.40897],[20.48634,49.40884],[20.48688,49.4087],[20.48734,49.40855],[20.48794,49.40846],[20.48862,49.40841],[20.48871,49.40833],[20.48878,49.40821],[20.48879,49.40819],[20.48892,49.40783],[20.48924,49.40741],[20.48939,49.40733],[20.48954,49.40725],[20.48986,49.40714],[20.49001,49.40698],[20.49059,49.40678],[20.49085,49.40674],[20.49121,49.40678],[20.49147,49.4068],[20.49178,49.40687],[20.49195,49.40688],[20.49228,49.40679],[20.49262,49.4068],[20.49293,49.40676],[20.49327,49.40672],[20.49339,49.40668],[20.49361,49.40661],[20.49394,49.40648],[20.4943,49.40625],[20.4948,49.40588],[20.49502,49.40579],[20.49519,49.40575],[20.49548,49.40567],[20.49573,49.4056],[20.49595,49.40557],[20.49656,49.40554],[20.4967,49.40554],[20.49682,49.40551],[20.49707,49.40546],[20.49729,49.40537],[20.49734,49.40532],[20.49761,49.40524],[20.4981,49.40511],[20.4983,49.40507],[20.49856,49.405],[20.49877,49.40492],[20.49895,49.40485],[20.49913,49.40482],[20.49933,49.40477],[20.49954,49.40469],[20.49976,49.40462],[20.50003,49.40454],[20.50022,49.40451],[20.50044,49.40447],[20.50064,49.40444],[20.5008,49.40438],[20.50091,49.40434],[20.50105,49.40433],[20.50131,49.40432],[20.50173,49.40425],[20.50198,49.40422],[20.50221,49.4042],[20.50235,49.4042],[20.50248,49.40419],[20.50261,49.40417],[20.50309,49.40409],[20.50329,49.40407],[20.50352,49.40401],[20.50378,49.40397],[20.50414,49.40386],[20.50427,49.40379],[20.50436,49.40374],[20.50443,49.40372],[20.50453,49.40372],[20.50461,49.40369],[20.50475,49.40364],[20.50485,49.4036],[20.50493,49.40352],[20.50491,49.40345],[20.50494,49.4034],[20.50508,49.40335],[20.5052,49.40327],[20.50529,49.4032],[20.50557,49.40288],[20.50574,49.40271],[20.50604,49.40255],[20.50632,49.40234],[20.5065,49.40226],[20.50671,49.40212],[20.50726,49.40176],[20.50748,49.40168],[20.508,49.40152],[20.5086,49.40121],[20.50941,49.40081],[20.50975,49.40057],[20.51092,49.39987],[20.51116,49.39964],[20.51134,49.39929],[20.5115,49.39886],[20.51162,49.39863],[20.5119,49.39786],[20.51222,49.39707],[20.51236,49.39677],[20.51252,49.39652],[20.51418,49.39545],[20.51467,49.39518],[20.51488,49.39509],[20.51509,49.39496],[20.51578,49.39474],[20.51599,49.39468],[20.51619,49.3946],[20.51631,49.39452],[20.51645,49.39436],[20.51659,49.39419],[20.51672,49.39409],[20.51699,49.39389],[20.51716,49.39372],[20.51729,49.39364],[20.51746,49.39359],[20.51775,49.39347],[20.51833,49.39317],[20.51969,49.39268],[20.51978,49.39264],[20.52055,49.39244],[20.52096,49.39231],[20.52151,49.3921],[20.52219,49.39175],[20.52321,49.39118],[20.52352,49.39096],[20.52379,49.39079],[20.52403,49.39068],[20.52426,49.39061],[20.52459,49.3905],[20.52593,49.39015],[20.52684,49.3898],[20.52807,49.38945],[20.52922,49.38911],[20.53005,49.38893],[20.53069,49.38886],[20.5315,49.38881],[20.53223,49.38874],[20.53266,49.3887],[20.53323,49.38861],[20.53339,49.3886],[20.53356,49.38861],[20.53397,49.38862],[20.53421,49.38863],[20.53446,49.38867],[20.53502,49.38874],[20.5352,49.38881],[20.53534,49.38891],[20.53557,49.38908],[20.53568,49.38925],[20.53578,49.38945],[20.53584,49.38963],[20.53606,49.38985],[20.53611,49.39029],[20.53619,49.39055],[20.53611,49.39029],[20.53606,49.38985],[20.53584,49.38963],[20.53578,49.38945],[20.53568,49.38925],[20.53557,49.38908],[20.53534,49.38891],[20.5352,49.38881],[20.53502,49.38874],[20.53446,49.38867],[20.53421,49.38863],[20.53397,49.38862],[20.53356,49.38861],[20.53339,49.3886],[20.53323,49.38861],[20.53266,49.3887],[20.53223,49.38874],[20.5315,49.38881],[20.53069,49.38886],[20.53005,49.38893],[20.5316,49.38831],[20.53245,49.38794],[20.53322,49.38757],[20.53417,49.38724],[20.53467,49.38706],[20.53527,49.38694],[20.5359,49.38689],[20.53676,49.38701],[20.53735,49.3871],[20.5378,49.38706],[20.53845,49.38696],[20.53892,49.38686],[20.53934,49.38675],[20.53999,49.38661],[20.54045,49.38651],[20.54213,49.38607],[20.54256,49.38594],[20.5434,49.38576],[20.54443,49.38562],[20.54485,49.38558],[20.54538,49.38558],[20.5463,49.38557],[20.54648,49.38556],[20.54752,49.38464],[20.54761,49.38459],[20.54809,49.38435],[20.54863,49.38418],[20.54892,49.38407],[20.54924,49.38398],[20.54954,49.38384],[20.55071,49.38314],[20.55096,49.38303],[20.55113,49.38297],[20.55125,49.38294],[20.55129,49.38284],[20.55129,49.38271],[20.55138,49.38256],[20.55159,49.38232],[20.55202,49.38207],[20.5524,49.38187],[20.55256,49.38167],[20.55282,49.38149],[20.55346,49.38125],[20.55361,49.38115],[20.55384,49.38099],[20.55395,49.38092],[20.55405,49.38094],[20.5544,49.38103],[20.55467,49.38101],[20.55507,49.38066],[20.55526,49.38057],[20.55532,49.38053],[20.55543,49.38041],[20.5555,49.38026]]}},{"type":"Feature","properties":{"id":"KP08","nazwa":"Wysoki Wierch","slug":"wysoki-wierch","adres":"/szlaki/wysoki-wierch","dlugoscKm":7,"czasMin":156,"podejscieM":512,"trudnosc":"srednia","petla":false,"maSlad":true,"kolor":"#d69a00"},"geometry":{"type":"LineString","coordinates":[[20.48259,49.42514],[20.48233,49.42528],[20.48206,49.4254],[20.48187,49.42547],[20.48166,49.42555],[20.48153,49.4256],[20.48131,49.42569],[20.48107,49.42578],[20.48103,49.42574],[20.48097,49.42564],[20.48099,49.42562],[20.48104,49.42555],[20.48079,49.42555],[20.48074,49.42557],[20.48064,49.42542],[20.48034,49.4255],[20.48031,49.4252],[20.48047,49.42517],[20.48054,49.42512],[20.48058,49.42508],[20.48059,49.42503],[20.48057,49.42497],[20.48038,49.42468],[20.48037,49.42467],[20.48036,49.42465],[20.48025,49.42441],[20.48023,49.42436],[20.48021,49.42433],[20.4804,49.42429],[20.48087,49.42423],[20.48126,49.42415],[20.48145,49.42411],[20.4822,49.42392],[20.48249,49.42385],[20.48231,49.42361],[20.48225,49.42357],[20.48217,49.42354],[20.48205,49.42354],[20.48196,49.42356],[20.48193,49.42356],[20.48176,49.42362],[20.48154,49.42362],[20.48149,49.42361],[20.48146,49.42359],[20.48147,49.42356],[20.48151,49.4235],[20.48165,49.42339],[20.48182,49.42324],[20.48194,49.42309],[20.48211,49.42285],[20.48225,49.42257],[20.48229,49.42244],[20.48228,49.42231],[20.48219,49.42222],[20.48203,49.42223],[20.48182,49.42227],[20.48153,49.42233],[20.48131,49.42236],[20.48103,49.42238],[20.48073,49.42232],[20.48053,49.42223],[20.48038,49.42206],[20.48031,49.42194],[20.48028,49.42183],[20.48019,49.42161],[20.48008,49.42143],[20.47994,49.42127],[20.47987,49.42125],[20.47974,49.42124],[20.47939,49.42129],[20.47889,49.42132],[20.47865,49.42127],[20.47828,49.42114],[20.47805,49.42101],[20.47773,49.42091],[20.4775,49.42084],[20.47724,49.42079],[20.47701,49.4207],[20.47685,49.42059],[20.47675,49.42047],[20.4767,49.42029],[20.47671,49.42019],[20.47669,49.42002],[20.47666,49.41989],[20.47668,49.41978],[20.47679,49.41968],[20.47689,49.41963],[20.47692,49.41953],[20.477,49.41943],[20.47708,49.41937],[20.47707,49.41935],[20.47697,49.41929],[20.47691,49.41925],[20.4769,49.41919],[20.47681,49.41916],[20.47681,49.41915],[20.47687,49.4191],[20.47687,49.41906],[20.47684,49.41904],[20.47673,49.41903],[20.47652,49.41904],[20.4764,49.41899],[20.47635,49.41893],[20.47633,49.41892],[20.47631,49.41886],[20.47633,49.41881],[20.47645,49.41871],[20.47641,49.41848],[20.47642,49.41842],[20.47657,49.41837],[20.47658,49.4183],[20.47658,49.41821],[20.4759,49.41789],[20.47585,49.41779],[20.47586,49.41768],[20.47618,49.41733],[20.47631,49.41719],[20.47662,49.41692],[20.47679,49.41675],[20.47689,49.41648],[20.4769,49.41638],[20.47689,49.41633],[20.47688,49.41627],[20.4768,49.41597],[20.47668,49.41561],[20.4767,49.4154],[20.47674,49.41504],[20.47678,49.41472],[20.47685,49.41463],[20.47688,49.41427],[20.47668,49.41409],[20.47682,49.41393],[20.47682,49.4138],[20.4768,49.4137],[20.47674,49.41359],[20.47664,49.41367],[20.4765,49.41382],[20.47644,49.41389],[20.47635,49.41398],[20.47623,49.41408],[20.4761,49.41412],[20.47623,49.41408],[20.47635,49.41398],[20.47644,49.41389],[20.4765,49.41382],[20.47664,49.41367],[20.47674,49.41359],[20.47681,49.41343],[20.4769,49.41333],[20.47704,49.41318],[20.47707,49.41299],[20.47711,49.41284],[20.47726,49.41261],[20.47733,49.41251],[20.47764,49.41226],[20.47796,49.412],[20.47817,49.41185],[20.47833,49.41174],[20.47843,49.41166],[20.47875,49.41142],[20.47902,49.41132],[20.4793,49.41126],[20.47939,49.41121],[20.47959,49.411],[20.47992,49.41077],[20.48007,49.41073],[20.48023,49.41073],[20.48045,49.41062],[20.48064,49.41055],[20.48083,49.41052],[20.48098,49.41047],[20.48111,49.41034],[20.48144,49.41012],[20.48158,49.41009],[20.48165,49.41007],[20.48241,49.40978],[20.48311,49.40963],[20.48378,49.40959],[20.48418,49.40958],[20.48435,49.40957],[20.48459,49.40952],[20.48475,49.40946],[20.48492,49.4094],[20.48529,49.40924],[20.48563,49.40906],[20.48594,49.40897],[20.48634,49.40884],[20.48688,49.4087],[20.48734,49.40855],[20.48794,49.40846],[20.48862,49.40841],[20.48871,49.40833],[20.48878,49.40821],[20.48879,49.40819],[20.48892,49.40783],[20.48924,49.40741],[20.48939,49.40733],[20.48954,49.40725],[20.48986,49.40714],[20.49001,49.40698],[20.49059,49.40678],[20.49085,49.40674],[20.49121,49.40678],[20.49147,49.4068],[20.49178,49.40687],[20.49195,49.40688],[20.49228,49.40679],[20.49262,49.4068],[20.49293,49.40676],[20.49327,49.40672],[20.49339,49.40668],[20.49361,49.40661],[20.49394,49.40648],[20.4943,49.40625],[20.4948,49.40588],[20.49502,49.40579],[20.49519,49.40575],[20.49548,49.40567],[20.49573,49.4056],[20.49595,49.40557],[20.49656,49.40554],[20.4967,49.40554],[20.49682,49.40551],[20.49707,49.40546],[20.49729,49.40537],[20.49734,49.40532],[20.49761,49.40524],[20.4981,49.40511],[20.4983,49.40507],[20.49856,49.405],[20.49877,49.40492],[20.49895,49.40485],[20.49913,49.40482],[20.49933,49.40477],[20.49954,49.40469],[20.49976,49.40462],[20.50003,49.40454],[20.50022,49.40451],[20.50044,49.40447],[20.50064,49.40444],[20.5008,49.40438],[20.50091,49.40434],[20.50105,49.40433],[20.50131,49.40432],[20.50173,49.40425],[20.50198,49.40422],[20.50221,49.4042],[20.50235,49.4042],[20.50248,49.40419],[20.50261,49.40417],[20.50309,49.40409],[20.50329,49.40407],[20.50352,49.40401],[20.50378,49.40397],[20.50414,49.40386],[20.50427,49.40379],[20.50436,49.40374],[20.50443,49.40372],[20.50453,49.40372],[20.50461,49.40369],[20.50475,49.40364],[20.50485,49.4036],[20.50493,49.40352],[20.50491,49.40345],[20.50494,49.4034],[20.50508,49.40335],[20.5052,49.40327],[20.50529,49.4032],[20.50557,49.40288],[20.50574,49.40271],[20.50604,49.40255],[20.50632,49.40234],[20.5065,49.40226],[20.50671,49.40212],[20.50726,49.40176],[20.50748,49.40168],[20.508,49.40152],[20.5086,49.40121],[20.50941,49.40081],[20.50975,49.40057],[20.51092,49.39987],[20.51116,49.39964],[20.51134,49.39929],[20.5115,49.39886],[20.51162,49.39863],[20.5119,49.39786],[20.51222,49.39707],[20.51236,49.39677],[20.51252,49.39652],[20.51418,49.39545],[20.51467,49.39518],[20.51488,49.39509],[20.51509,49.39496],[20.51578,49.39474],[20.51599,49.39468],[20.51619,49.3946],[20.51631,49.39452],[20.51645,49.39436],[20.51659,49.39419],[20.51672,49.39409],[20.51699,49.39389],[20.51716,49.39372],[20.51729,49.39364],[20.51746,49.39359],[20.51775,49.39347],[20.51833,49.39317],[20.51969,49.39268],[20.51978,49.39264],[20.51928,49.39265],[20.51875,49.39263],[20.51857,49.39261],[20.51845,49.3926],[20.51828,49.39257],[20.51801,49.39256],[20.51789,49.39255],[20.51767,49.3925],[20.51754,49.39249],[20.51729,49.39253],[20.51713,49.39254],[20.51703,49.39255],[20.51692,49.39258],[20.51678,49.3926],[20.51649,49.39263],[20.51616,49.39269],[20.5157,49.39274],[20.51544,49.39285],[20.51523,49.39294],[20.51499,49.39303],[20.51488,49.39307],[20.51474,49.39306],[20.51453,49.3931],[20.51418,49.3932],[20.51388,49.39326]]}},{"type":"Feature","properties":{"id":"2B","nazwa":"Z wizytą u św. Kingi","slug":"z-wizyta-u-sw-kingi","adres":"/szlaki/z-wizyta-u-sw-kingi","dlugoscKm":13,"czasMin":295,"podejscieM":780,"trudnosc":"trudna","petla":false,"maSlad":true,"kolor":"#1f6dad"},"geometry":{"type":"LineString","coordinates":[[20.48749,49.4288],[20.48747,49.42881],[20.48743,49.42883],[20.48737,49.42884],[20.48728,49.42883],[20.48719,49.4288],[20.48699,49.42871],[20.48689,49.42861],[20.48681,49.42849],[20.48673,49.42831],[20.48668,49.42823],[20.48661,49.42809],[20.48624,49.42764],[20.48591,49.42729],[20.48553,49.42688],[20.48519,49.4266],[20.48497,49.42647],[20.48484,49.42639],[20.48474,49.42622],[20.48461,49.42611],[20.48446,49.42604],[20.4841,49.42591],[20.48391,49.42584],[20.48378,49.42579],[20.48343,49.42561],[20.48312,49.42544],[20.48303,49.42538],[20.48288,49.4253],[20.48271,49.42521],[20.48259,49.42514],[20.48233,49.42528],[20.48206,49.4254],[20.48187,49.42547],[20.48166,49.42555],[20.48153,49.4256],[20.48131,49.42569],[20.48107,49.42578],[20.48103,49.42574],[20.48097,49.42564],[20.48099,49.42562],[20.48104,49.42555],[20.48079,49.42555],[20.48074,49.42557],[20.48064,49.42542],[20.48034,49.4255],[20.48031,49.4252],[20.48047,49.42517],[20.48054,49.42512],[20.48058,49.42508],[20.48059,49.42503],[20.48057,49.42497],[20.48038,49.42468],[20.48037,49.42467],[20.48036,49.42465],[20.48025,49.42441],[20.48023,49.42436],[20.48021,49.42433],[20.4804,49.42429],[20.48087,49.42423],[20.48126,49.42415],[20.48145,49.42411],[20.4822,49.42392],[20.48249,49.42385],[20.48231,49.42361],[20.48225,49.42357],[20.48217,49.42354],[20.48205,49.42354],[20.48196,49.42356],[20.48193,49.42356],[20.48176,49.42362],[20.48154,49.42362],[20.48149,49.42361],[20.48146,49.42359],[20.48147,49.42356],[20.48151,49.4235],[20.48165,49.42339],[20.48182,49.42324],[20.48194,49.42309],[20.48211,49.42285],[20.48225,49.42257],[20.48229,49.42244],[20.48228,49.42231],[20.48219,49.42222],[20.48203,49.42223],[20.48182,49.42227],[20.48153,49.42233],[20.48131,49.42236],[20.48103,49.42238],[20.48073,49.42232],[20.48053,49.42223],[20.48038,49.42206],[20.48031,49.42194],[20.48028,49.42183],[20.48019,49.42161],[20.48008,49.42143],[20.47994,49.42127],[20.47987,49.42125],[20.47974,49.42124],[20.47939,49.42129],[20.47889,49.42132],[20.47865,49.42127],[20.47828,49.42114],[20.47805,49.42101],[20.47773,49.42091],[20.4775,49.42084],[20.47724,49.42079],[20.47701,49.4207],[20.47685,49.42059],[20.47675,49.42047],[20.4767,49.42029],[20.47671,49.42019],[20.47669,49.42002],[20.47666,49.41989],[20.47668,49.41978],[20.47679,49.41968],[20.47689,49.41963],[20.47692,49.41953],[20.477,49.41943],[20.47708,49.41937],[20.47707,49.41935],[20.47697,49.41929],[20.47691,49.41925],[20.4769,49.41919],[20.47681,49.41916],[20.47681,49.41915],[20.47687,49.4191],[20.47687,49.41906],[20.47684,49.41904],[20.47673,49.41903],[20.47652,49.41904],[20.4764,49.41899],[20.47635,49.41893],[20.47633,49.41892],[20.47631,49.41886],[20.47633,49.41881],[20.47645,49.41871],[20.47641,49.41848],[20.47642,49.41842],[20.47657,49.41837],[20.47658,49.4183],[20.47658,49.41821],[20.4759,49.41789],[20.47585,49.41779],[20.47586,49.41768],[20.47618,49.41733],[20.47631,49.41719],[20.47662,49.41692],[20.47679,49.41675],[20.47689,49.41648],[20.4769,49.41638],[20.47689,49.41633],[20.47688,49.41627],[20.4768,49.41597],[20.47668,49.41561],[20.4767,49.4154],[20.47674,49.41504],[20.47678,49.41472],[20.47685,49.41463],[20.47688,49.41427],[20.47668,49.41409],[20.47682,49.41393],[20.47682,49.4138],[20.4768,49.4137],[20.47674,49.41359],[20.47664,49.41367],[20.4765,49.41382],[20.47644,49.41389],[20.47635,49.41398],[20.47623,49.41408],[20.4761,49.41412],[20.47601,49.41414],[20.4758,49.41417],[20.47574,49.41419],[20.47567,49.41419],[20.47566,49.41423],[20.47559,49.41423],[20.47549,49.41425],[20.47547,49.41429],[20.47537,49.41429],[20.47531,49.41435],[20.47525,49.41436],[20.47487,49.4145],[20.47462,49.41457],[20.47438,49.41462],[20.47412,49.41473],[20.47392,49.41476],[20.47375,49.41483],[20.47362,49.41487],[20.47348,49.4149],[20.47329,49.41495],[20.47292,49.41512],[20.47269,49.41522],[20.47259,49.41526],[20.47237,49.41531],[20.47231,49.41532],[20.47221,49.41535],[20.47211,49.41541],[20.47197,49.41545],[20.47166,49.41548],[20.4714,49.41554],[20.47128,49.41558],[20.47115,49.41565],[20.47096,49.41573],[20.47076,49.41577],[20.47059,49.41573],[20.47039,49.41564],[20.47021,49.41554],[20.47003,49.41549],[20.46972,49.41547],[20.46965,49.41549],[20.46932,49.41559],[20.4689,49.41569],[20.46867,49.41573],[20.46819,49.41579],[20.46789,49.41582],[20.46775,49.41585],[20.46759,49.4159],[20.46734,49.41595],[20.46699,49.41602],[20.46673,49.41606],[20.46654,49.41607],[20.46629,49.41608],[20.46574,49.41609],[20.46529,49.4161],[20.46492,49.41608],[20.4646,49.41607],[20.4645,49.41604],[20.46441,49.41603],[20.46431,49.41602],[20.46425,49.416],[20.46408,49.416],[20.46392,49.41597],[20.46382,49.41595],[20.46367,49.4159],[20.46361,49.41587],[20.46353,49.41582],[20.46347,49.41577],[20.46336,49.41572],[20.46328,49.4157],[20.46319,49.41571],[20.46301,49.41568],[20.46289,49.41569],[20.46278,49.41572],[20.46266,49.41578],[20.46257,49.41586],[20.46248,49.41594],[20.46239,49.41596],[20.46227,49.41602],[20.4622,49.41605],[20.46211,49.41607],[20.46197,49.41606],[20.46187,49.4161],[20.46167,49.41619],[20.4615,49.4163],[20.4615,49.41637],[20.46154,49.41648],[20.46152,49.41655],[20.46143,49.41662],[20.46127,49.41669],[20.46108,49.4167],[20.46086,49.41668],[20.46073,49.41671],[20.4606,49.41679],[20.46038,49.417],[20.46027,49.41708],[20.45988,49.41729],[20.45959,49.41736],[20.45946,49.4174],[20.45934,49.41744],[20.45916,49.41756],[20.45901,49.41767],[20.4588,49.41777],[20.45856,49.41783],[20.45844,49.41784],[20.45834,49.41786],[20.45826,49.4179],[20.45813,49.41796],[20.45797,49.41799],[20.45784,49.41801],[20.45776,49.41805],[20.4577,49.41809],[20.45769,49.41813],[20.45776,49.41822],[20.45763,49.4184],[20.45755,49.41851],[20.45753,49.4186],[20.4576,49.41879],[20.45751,49.41878],[20.45736,49.41879],[20.45727,49.41884],[20.45724,49.41891],[20.45726,49.41895],[20.45748,49.41911],[20.45754,49.41918],[20.45756,49.41923],[20.45758,49.41941],[20.45762,49.41945],[20.45783,49.41961],[20.45794,49.41972],[20.45793,49.41986],[20.45767,49.41965],[20.4571,49.41924],[20.4564,49.41865],[20.45627,49.41856],[20.456,49.41837],[20.45588,49.41829],[20.4554,49.41806],[20.455,49.4179],[20.45459,49.41777],[20.45421,49.41764],[20.45381,49.41752],[20.4537,49.41748],[20.45359,49.41746],[20.45341,49.41743],[20.45293,49.41734],[20.45286,49.41745],[20.45222,49.41775],[20.45213,49.4178],[20.45207,49.41784],[20.45184,49.41775],[20.45153,49.41763],[20.45138,49.41757],[20.45133,49.41759],[20.45125,49.41759],[20.45109,49.41755],[20.45092,49.41755],[20.45073,49.41759],[20.45026,49.41767],[20.44997,49.41769],[20.4497,49.4177],[20.44943,49.41776],[20.44918,49.41794],[20.44912,49.41808],[20.4491,49.41826],[20.44907,49.41844],[20.44895,49.41857],[20.44877,49.41865],[20.44849,49.41872],[20.44816,49.41877],[20.44797,49.41885],[20.44779,49.41893],[20.44755,49.41897],[20.4473,49.41902],[20.44703,49.41907],[20.44683,49.41911],[20.44659,49.4191],[20.44635,49.41906],[20.44612,49.41909],[20.44609,49.4191],[20.44594,49.41908],[20.4458,49.41909],[20.44562,49.41907],[20.4454,49.41903],[20.44521,49.41902],[20.44502,49.41901],[20.4447,49.41895],[20.44439,49.41888],[20.44422,49.41886],[20.44402,49.41887],[20.44383,49.41888],[20.44375,49.41884],[20.44371,49.41878],[20.44365,49.41872],[20.4435,49.41867],[20.44342,49.41856],[20.44333,49.41853],[20.44322,49.4185],[20.44317,49.41843],[20.44314,49.41835],[20.4431,49.4183],[20.44299,49.4183],[20.44294,49.41826],[20.44297,49.4182],[20.44291,49.41817],[20.44278,49.41819],[20.44271,49.41815],[20.44266,49.41808],[20.44252,49.41807],[20.44249,49.41801],[20.44249,49.41793],[20.44243,49.41786],[20.44233,49.41788],[20.44218,49.41796],[20.44206,49.41802],[20.44191,49.41799],[20.44177,49.41793],[20.44178,49.41788],[20.44173,49.41781],[20.44162,49.41782],[20.44144,49.41785],[20.44112,49.41796],[20.44077,49.41808],[20.44058,49.41815],[20.44045,49.41827],[20.44018,49.41842],[20.44002,49.41854],[20.43993,49.41868],[20.43989,49.41892],[20.43952,49.4192],[20.43925,49.41937],[20.43914,49.41948],[20.43903,49.41957],[20.43888,49.41971],[20.4388,49.41982],[20.43878,49.42012],[20.43874,49.42027],[20.43866,49.42037],[20.43854,49.42043],[20.43851,49.4205],[20.43856,49.42063],[20.43849,49.42068],[20.43824,49.4208],[20.43816,49.42088],[20.43798,49.42095],[20.4379,49.42104],[20.438,49.42111],[20.43804,49.42119],[20.43787,49.42117],[20.43776,49.42118],[20.43796,49.4213],[20.438,49.42137],[20.43773,49.42137],[20.43794,49.42146],[20.43768,49.42147],[20.4377,49.42156],[20.43775,49.42162],[20.43778,49.4217],[20.43779,49.42177],[20.43779,49.42186],[20.43775,49.42191],[20.43766,49.42191],[20.43753,49.42183],[20.43738,49.42176],[20.43727,49.42173],[20.43721,49.42179],[20.43716,49.42193],[20.43708,49.42197],[20.43696,49.42198],[20.4368,49.42195],[20.43654,49.42198],[20.43635,49.42201],[20.43614,49.42205],[20.43595,49.42208],[20.43567,49.42211],[20.4354,49.42213],[20.43505,49.42225],[20.4347,49.4223],[20.43453,49.42229],[20.43437,49.42226],[20.43425,49.42224],[20.43435,49.42233],[20.43437,49.42241],[20.43435,49.42247],[20.43424,49.42257],[20.43414,49.42259],[20.43393,49.42265],[20.43365,49.4227],[20.43344,49.42282],[20.43334,49.42287],[20.43319,49.42292],[20.43304,49.42293],[20.43292,49.42294],[20.43273,49.42298],[20.43256,49.42304],[20.43228,49.42309],[20.43218,49.42317],[20.43215,49.42326],[20.43205,49.42331],[20.43188,49.42336],[20.43164,49.42347],[20.43159,49.42354],[20.43156,49.42366],[20.43146,49.42371],[20.43132,49.42381],[20.43124,49.4239],[20.43119,49.42405],[20.4311,49.42419],[20.43093,49.4243],[20.4306,49.42447],[20.43009,49.42461],[20.42991,49.42467],[20.42979,49.42466],[20.42964,49.42462],[20.42953,49.42454],[20.42933,49.42452],[20.42907,49.4245],[20.42873,49.4245],[20.42839,49.42444],[20.42798,49.42449],[20.4277,49.4245],[20.42733,49.42459],[20.42718,49.42462],[20.42694,49.42465],[20.4267,49.42464],[20.42642,49.42464],[20.42611,49.42466],[20.42581,49.42473],[20.4256,49.42477],[20.42533,49.42482],[20.42514,49.42482],[20.42495,49.42483],[20.42474,49.42486],[20.42458,49.4249],[20.4245,49.42501],[20.42446,49.42513],[20.4244,49.42526],[20.42433,49.42535],[20.42421,49.42543],[20.42407,49.42547],[20.42387,49.4255],[20.42371,49.42551],[20.4236,49.42557],[20.42345,49.42562],[20.42338,49.42562],[20.4233,49.42559],[20.42322,49.42551],[20.42304,49.42542],[20.42284,49.42537],[20.42257,49.42536],[20.42225,49.42533],[20.42205,49.42534],[20.42182,49.42536],[20.42172,49.4254],[20.42159,49.42554],[20.42146,49.42566],[20.42132,49.42574],[20.42121,49.42585],[20.42112,49.42606],[20.42107,49.42611],[20.42092,49.42613],[20.42044,49.42616],[20.42012,49.42612],[20.41974,49.42601],[20.41937,49.426],[20.41907,49.42602],[20.4188,49.42605],[20.41861,49.42605],[20.41835,49.42603],[20.4182,49.42606],[20.41801,49.4261],[20.41781,49.42608],[20.41764,49.42604],[20.41734,49.42596],[20.41698,49.42587],[20.41674,49.42578],[20.41642,49.42561],[20.41621,49.42552],[20.41604,49.42552],[20.41587,49.42555],[20.41573,49.42564],[20.41565,49.42579],[20.41559,49.42593],[20.41558,49.42603],[20.41548,49.4261],[20.41526,49.42616],[20.41501,49.42619],[20.41472,49.4262],[20.41443,49.42625],[20.4141,49.42635],[20.41377,49.42641],[20.41342,49.42646],[20.41333,49.42647],[20.41308,49.42639],[20.41275,49.42621],[20.41262,49.42607],[20.41262,49.42588],[20.41259,49.42567],[20.41248,49.42553],[20.41227,49.42542],[20.41172,49.42531],[20.41102,49.42501],[20.41069,49.42468],[20.41057,49.4246],[20.41052,49.42455],[20.41053,49.42453],[20.41053,49.42452],[20.41054,49.42449],[20.41056,49.42446],[20.41067,49.42441],[20.41136,49.42417],[20.41148,49.4241],[20.41154,49.42394],[20.41149,49.42378],[20.41132,49.42351],[20.41116,49.42335],[20.41097,49.42324],[20.41082,49.42315],[20.41054,49.42296],[20.41037,49.42285],[20.41004,49.42264],[20.41,49.42254],[20.40998,49.42237],[20.40992,49.42221],[20.40979,49.42198],[20.40965,49.42187],[20.40943,49.4217],[20.40931,49.42161],[20.40926,49.42148],[20.40928,49.42139],[20.40936,49.42129],[20.40937,49.42121],[20.40931,49.42111],[20.40923,49.42097],[20.4092,49.42086],[20.40903,49.42042],[20.40901,49.42037],[20.40866,49.41994],[20.40858,49.41981],[20.40835,49.41935],[20.40819,49.41918],[20.40807,49.419],[20.40819,49.41918],[20.40835,49.41935],[20.40858,49.41981],[20.40866,49.41994],[20.40901,49.42037],[20.40903,49.42042],[20.4092,49.42086],[20.40923,49.42097],[20.40931,49.42111],[20.40937,49.42121],[20.40936,49.42129],[20.40928,49.42139],[20.40926,49.42148],[20.40931,49.42161],[20.40943,49.4217],[20.40965,49.42187],[20.40979,49.42198],[20.40992,49.42221],[20.40998,49.42237],[20.41,49.42254],[20.41004,49.42264],[20.41037,49.42285],[20.41043,49.42264],[20.41046,49.42252],[20.41047,49.42242],[20.4105,49.42233],[20.41072,49.42187],[20.41081,49.42175],[20.41089,49.42168],[20.41103,49.4216],[20.41134,49.42146],[20.41142,49.42142],[20.41149,49.42138],[20.41153,49.42134],[20.41162,49.42122],[20.41175,49.42108],[20.41191,49.42094],[20.41202,49.42089],[20.41222,49.42083],[20.41251,49.42077],[20.41274,49.42075],[20.41295,49.42075],[20.41328,49.4208],[20.41362,49.42084],[20.41386,49.42079],[20.4142,49.42066],[20.41446,49.4206],[20.41466,49.42056],[20.41483,49.42047],[20.41515,49.42025],[20.41542,49.41993],[20.4155,49.41982],[20.41552,49.41961],[20.41548,49.41947],[20.41543,49.41937],[20.41546,49.4193],[20.41554,49.41923],[20.41569,49.4192],[20.41587,49.4192],[20.416,49.41918],[20.41612,49.41911],[20.4162,49.41901],[20.41624,49.41891],[20.41628,49.41882],[20.41644,49.41874],[20.41659,49.41867],[20.41673,49.41859],[20.4169,49.41856],[20.41718,49.41861],[20.41751,49.41858],[20.41778,49.41852],[20.41801,49.41842],[20.41822,49.41827],[20.41831,49.41822],[20.41837,49.41823],[20.41843,49.41828],[20.41854,49.41844],[20.41862,49.41862],[20.41869,49.41875],[20.41882,49.41886],[20.41894,49.41894],[20.4191,49.41911],[20.41917,49.41923],[20.41919,49.41933],[20.41927,49.4194],[20.41935,49.41944],[20.41956,49.41954],[20.4197,49.41967],[20.41991,49.41982]]}},{"type":"Feature","properties":{"id":"KP10","nazwa":"Żar","slug":"zar","adres":"/szlaki/zar","dlugoscKm":7.7,"czasMin":155,"podejscieM":391,"trudnosc":"srednia","petla":false,"maSlad":true,"kolor":"#c0392b"},"geometry":{"type":"LineString","coordinates":[[20.3191,49.42151],[20.31892,49.42153],[20.31882,49.42154],[20.31878,49.42154],[20.3182,49.42155],[20.31803,49.42156],[20.31793,49.42158],[20.31786,49.42159],[20.31786,49.42155],[20.31785,49.42146],[20.31812,49.42112],[20.31818,49.42091],[20.31821,49.42084],[20.3183,49.42028],[20.31833,49.41963],[20.31831,49.41956],[20.3183,49.4195],[20.31819,49.41946],[20.31804,49.41943],[20.31785,49.41943],[20.31744,49.41957],[20.31725,49.4196],[20.3171,49.41959],[20.31697,49.41955],[20.31666,49.41939],[20.31657,49.41936],[20.3164,49.41934],[20.31593,49.41939],[20.31509,49.4194],[20.31483,49.41945],[20.31435,49.41959],[20.31384,49.41975],[20.31081,49.42059],[20.31023,49.42075],[20.30894,49.42086],[20.30858,49.42087],[20.30842,49.42085],[20.30786,49.42074],[20.30765,49.4207],[20.30733,49.42065],[20.30624,49.42042],[20.30563,49.42033],[20.30376,49.41999],[20.30336,49.41992],[20.30316,49.4199],[20.30295,49.41983],[20.30256,49.41975],[20.30207,49.41967],[20.30159,49.41952],[20.3012,49.41938],[20.30079,49.4192],[20.30039,49.41905],[20.29992,49.41887],[20.29967,49.41873],[20.2993,49.41853],[20.29893,49.41831],[20.29877,49.41823],[20.29756,49.41738],[20.29727,49.41717],[20.29707,49.4171],[20.2967,49.41701],[20.2965,49.41698],[20.29623,49.41697],[20.29585,49.41693],[20.29499,49.4168],[20.29474,49.41683],[20.29385,49.41694],[20.29331,49.41698],[20.29281,49.41707],[20.29158,49.41723],[20.29106,49.41724],[20.2909,49.41725],[20.29044,49.41725],[20.29012,49.41723],[20.28991,49.41722],[20.28967,49.4172],[20.28952,49.41715],[20.28937,49.4171],[20.28898,49.41705],[20.28872,49.41703],[20.28856,49.417],[20.28845,49.41694],[20.28837,49.41686],[20.28828,49.41681],[20.28814,49.41682],[20.28788,49.41686],[20.28762,49.41686],[20.28745,49.41683],[20.28733,49.4168],[20.28715,49.41679],[20.28698,49.4168],[20.28682,49.4168],[20.28662,49.4168],[20.28646,49.41681],[20.28639,49.4168],[20.28605,49.41679],[20.28542,49.41676],[20.28461,49.41678],[20.28393,49.41672],[20.28305,49.41658],[20.28234,49.41652],[20.2818,49.41656],[20.28156,49.41656],[20.28116,49.41645],[20.28074,49.41634],[20.28049,49.41627],[20.28017,49.41625],[20.27965,49.41627],[20.27888,49.41628],[20.27767,49.41646],[20.27721,49.41646],[20.27673,49.41647],[20.27626,49.41645],[20.27588,49.4164],[20.27545,49.41624],[20.27455,49.41591],[20.27431,49.41572],[20.274,49.4155],[20.2737,49.41534],[20.27354,49.41518],[20.27343,49.41503],[20.27327,49.4147],[20.27328,49.41461],[20.27329,49.41446],[20.27333,49.41431],[20.2734,49.41416],[20.27337,49.4141],[20.27329,49.41404],[20.27299,49.41386],[20.27274,49.41373],[20.27247,49.41361],[20.27204,49.41344],[20.27182,49.41331],[20.27166,49.41321],[20.27134,49.41329],[20.2706,49.41359],[20.27028,49.41367],[20.26998,49.4137],[20.26898,49.41375],[20.26871,49.41372],[20.26816,49.41343],[20.26747,49.41318],[20.26678,49.4131],[20.26635,49.41315],[20.2657,49.41335],[20.26482,49.41338],[20.26454,49.41343],[20.26448,49.41345],[20.26435,49.4135],[20.26422,49.41355],[20.2641,49.41364],[20.264,49.41366],[20.26364,49.41379],[20.2627,49.41418],[20.26175,49.41462],[20.26075,49.41495],[20.26031,49.41505],[20.25994,49.4151],[20.25967,49.41513],[20.25948,49.41517],[20.25938,49.41522],[20.25925,49.41533],[20.25882,49.41561],[20.25878,49.41569],[20.2588,49.41579],[20.2582,49.41602],[20.25796,49.41606],[20.25772,49.41611],[20.25761,49.41617],[20.25759,49.41626],[20.2574,49.41626],[20.25693,49.41629],[20.25677,49.4163],[20.25655,49.41625],[20.25633,49.41618],[20.25606,49.41633],[20.25586,49.41646],[20.25541,49.41683],[20.25494,49.41724],[20.25476,49.41738],[20.25445,49.41751],[20.25409,49.41762],[20.25353,49.4178],[20.25288,49.41799],[20.25263,49.4181],[20.25242,49.41826],[20.25225,49.41843],[20.25219,49.4185],[20.25212,49.41858],[20.25199,49.41868],[20.25192,49.41875],[20.2519,49.41882],[20.25184,49.41892],[20.25174,49.41898],[20.25158,49.41902],[20.25136,49.41907],[20.25112,49.41913],[20.25064,49.41913],[20.25049,49.41903],[20.25039,49.41894],[20.25023,49.41887],[20.25009,49.41879],[20.24994,49.41872],[20.24967,49.41872],[20.24942,49.41873],[20.24917,49.41869],[20.24901,49.41861],[20.24896,49.41847],[20.24897,49.41831],[20.24906,49.41815],[20.24913,49.41802],[20.24913,49.41784],[20.24907,49.4177],[20.24899,49.41762],[20.24882,49.41757],[20.24862,49.41751],[20.24845,49.41741],[20.24839,49.41727],[20.24837,49.41713],[20.24833,49.41705],[20.24821,49.417],[20.24803,49.41703],[20.2478,49.41705],[20.24758,49.41704],[20.24733,49.41705],[20.24705,49.41704],[20.24685,49.41708],[20.24663,49.41709],[20.24648,49.41703],[20.24627,49.41699],[20.24598,49.41697],[20.24575,49.41697],[20.2455,49.41702],[20.24518,49.41712],[20.24494,49.41716],[20.24468,49.41716],[20.24442,49.41715],[20.24398,49.41714],[20.24368,49.41715],[20.24348,49.41719],[20.24329,49.41719],[20.24304,49.41715],[20.24284,49.41716],[20.24255,49.41711],[20.24238,49.41705],[20.24226,49.417],[20.24216,49.41691],[20.24198,49.4168],[20.24177,49.41673],[20.24144,49.41668],[20.24119,49.41668],[20.24089,49.41669],[20.24065,49.4167],[20.24033,49.41687],[20.24014,49.417],[20.23998,49.41712],[20.23998,49.41718],[20.23999,49.41724],[20.24033,49.41752],[20.24034,49.41761],[20.24029,49.4177],[20.24014,49.41776],[20.23997,49.41773],[20.23979,49.41772],[20.23955,49.41772],[20.23934,49.41774],[20.23896,49.41776],[20.23868,49.41776],[20.2384,49.41774],[20.23816,49.4178],[20.2379,49.41788],[20.23757,49.41788],[20.23675,49.41777],[20.23611,49.41776],[20.23566,49.4177],[20.23407,49.41795],[20.23281,49.41801],[20.23244,49.418],[20.23189,49.41806],[20.23168,49.41806],[20.23132,49.4181],[20.23094,49.41814],[20.23039,49.41816],[20.23003,49.41816]]}},{"type":"Feature","properties":{"id":"KP17","nazwa":"Czerteż","slug":"czertez","adres":"/szlaki/czertez","dlugoscKm":4.5,"czasMin":110,"podejscieM":480,"trudnosc":"srednia","petla":false,"maSlad":false,"kolor":"#1f6dad"},"geometry":{"type":"Point","coordinates":[20.43241,49.42302]}},{"type":"Feature","properties":{"id":"KP07","nazwa":"Fakľovka","slug":"faklovka","adres":"/szlaki/faklovka","dlugoscKm":13,"czasMin":290,"podejscieM":820,"trudnosc":"trudna","petla":false,"maSlad":false,"kolor":"#2f5d43"},"geometry":{"type":"Point","coordinates":[20.60335,49.37286]}},{"type":"Feature","properties":{"id":"KP12","nazwa":"Hombark Łapszański","slug":"hombark-lapszanski","adres":"/szlaki/hombark-lapszanski","dlugoscKm":9,"czasMin":180,"podejscieM":450,"trudnosc":"srednia","petla":false,"maSlad":false,"kolor":"#2f5d43"},"geometry":{"type":"Point","coordinates":[20.23226,49.41541]}},{"type":"Feature","properties":{"id":"KP15","nazwa":"Jarmuta","slug":"jarmuta","adres":"/szlaki/jarmuta","dlugoscKm":4,"czasMin":85,"podejscieM":330,"trudnosc":"latwa","petla":false,"maSlad":false,"kolor":"#2f5d43"},"geometry":{"type":"Point","coordinates":[20.50588,49.41098]}}]}